Content,EventId,Extracted Template,,Category,Source,Context_Source,Rule_Score,Similarity_Score,Total_Score
attempt_201706092018_0025_m_000000_1166: Committed,E1,"ServerFileSystem domain\_<*> exceeded limit

or


LogEvent <*> Committed


Both templates can work depending on the context and the specific log format. The first one assumes that the log message is related to a server file system event exceeding a limit",,Unseen,Spark,Rule-Based,0.4,0,0.2
attempt_201706092018_0024_m_000124_1151: Committed,E1,"ServerFileSystem domain\_<*> exceeded limit

or


LogEvent <*> Committed


The first template assumes that the log message is part of a log system where the dynamic parts are the date, the attempt number, the ID, and the domain. The second",,Unseen,Spark,Rule-Based,0.4,0,0.2
attempt_201706092018_0024_m_000162_1157: Committed,E1,"ServerFileSystem domain\_<*> exceeded limit

or


LogEvent <*> : Committed


Both templates can work depending on the context and the naming conventions of the log system. The first one assumes that the log messages are structured with a timestamp,",,Unseen,Spark,Rule-Based,0.4,0,0.2
attempt_201706092018_0024_m_000122_1147: Committed,E1,"ServerFileSystem domain\_<*> exceeded limit

or


LogEvent <*> : Committed


Both templates can work depending on the context and the naming conventions of the log system. The first one assumes that the log messages are structured with a timestamp,",,Unseen,Spark,Rule-Based,0.4,0,0.2
attempt_201706092018_0024_m_000042_1127: Committed,E1,"ServerFileSystem domain\_<*> exceeded limit

or


LogEvent <*> Committed


The first template assumes that the log message is part of a larger system where the dynamic parts are domain, <*>, and exceeded limit. The second",,Unseen,Spark,Rule-Based,0.4,0,0.2
attempt_201706092018_0024_m_000041_1126: Committed,E1,"ServerFileSystem domain\_<*> exceeded limit

or


LogEvent <*> : Committed


Both templates can work depending on the context and the naming conventions of the log system. The first one assumes that the log messages are structured with a timestamp,",,Unseen,Spark,Rule-Based,0.4,0,0.2
attempt_201706092018_0025_m_000002_1194: Committed,E1,"ServerFileSystem domain\_<*> exceeded limit

or


LogEvent <*> Committed


The first template assumes that the log message is part of a larger system where the dynamic parts are domain, <*>, and exceeded limit. The second",,Unseen,Spark,Rule-Based,0.4,0,0.2
attempt_201706092018_0024_m_000161_1156: Committed,E1,"ServerFileSystem domain\_<*> exceeded limit

or


LogEvent <*> : Committed


Both templates can work depending on the context and the naming conventions of the log system. The first one assumes that the log messages are structured with a timestamp,",,Unseen,Spark,Rule-Based,0.4,0,0.2
attempt_201706092018_0024_m_000080_1135: Committed,E1,"ServerFileSystem domain\_<*> exceeded limit

or


LogEvent <*> : Committed


Both templates can work depending on the context and the naming conventions of the log system. The first one assumes that the log messages are structured with a timestamp,",,Unseen,Spark,Rule-Based,0.4,0,0.2
attempt_201706092018_0024_m_000004_1026: Committed,E1,"ServerFileSystem domain\_<*> exceeded limit

or


LogEvent <*> Committed


The first template assumes that the log message is part of a larger system where the dynamic parts are domain, <*>, and exceeded limit. The second",,Unseen,Spark,Rule-Based,0.4,0,0.2
Found block rdd_42_20 locally,E10,Found block <*> locally,,Unseen,Spark,Rule-Based,0.4,0,0.2
Found block rdd_42_4 locally,E10,Found block <*> locally,,Unseen,Spark,Rule-Based,0.4,0,0.2
Found block rdd_2_3 locally,E10,Found block <*> locally,,Unseen,Spark,Rule-Based,0.4,0,0.2
Found block rdd_2_0 locally,E10,Found block <*> locally,,Unseen,Spark,Rule-Based,0.4,0,0.2
Found block rdd_2_1 locally,E10,Found block <*> locally,,Unseen,Spark,Rule-Based,0.4,0,0.2
Found block rdd_2_3 locally,E10,Found block <*> locally,,Unseen,Spark,Rule-Based,0.4,0,0.2
Found block rdd_42_15 locally,E10,Found block <*> locally,,Unseen,Spark,Rule-Based,0.4,0,0.2
Found block rdd_2_1 locally,E10,Found block <*> locally,,Unseen,Spark,Rule-Based,0.4,0,0.2
Found block rdd_11_0 locally,E10,Found block <*> locally,,Unseen,Spark,Rule-Based,0.4,0,0.2
Found block rdd_2_4 locally,E10,Found block <*> locally,,Unseen,Spark,Rule-Based,0.4,0,0.2
Got assigned task 1230,E11,Got assigned task <*>,,Unseen,Spark,Rule-Based,0.4,0,0.2
Got assigned task 1204,E11,Got assigned task <*>,,Unseen,Spark,Rule-Based,0.4,0,0.2
Got assigned task 900,E11,Got assigned task <*>,,Unseen,Spark,Rule-Based,0.4,0,0.2
Got assigned task 1297,E11,Got assigned task <*>,,Unseen,Spark,Rule-Based,0.4,0,0.2
Got assigned task 480,E11,Got assigned task <*>,,Unseen,Spark,Rule-Based,0.4,0,0.2
Got assigned task 79,E11,Got assigned task <*>,,Unseen,Spark,Rule-Based,0.4,0,0.2
Got assigned task 959,E11,Got assigned task <*>,,Unseen,Spark,Rule-Based,0.4,0,0.2
Got assigned task 1207,E11,Got assigned task <*>,,Unseen,Spark,Rule-Based,0.4,0,0.2
Got assigned task 1217,E11,Got assigned task <*>,,Unseen,Spark,Rule-Based,0.4,0,0.2
Got assigned task 278,E11,Got assigned task <*>,,Unseen,Spark,Rule-Based,0.4,0,0.2
Input split: hdfs://10.10.34.11:9000/pjhe/logs/2kSOSP.log:240636+7292,E12,Input split: hdfs://<IP_ADDRESS>/<LOG_DIRECTORY>/<LOG_FILE>.log:<LINE_NUMBER>+<BLOCK_SIZE>,,Seen,Spark,Similarity-Based,0.625,0.810468251,0.717734126
Input split: hdfs://10.10.34.11:9000/pjhe/logs/2kSOSP.log:145840+7292,E12,Input split: hdfs://<IP_ADDRESS>/<LOG_DIRECTORY>/<FILE_NAME>.log:<LINE_NUMBER>+<BLOCK_SIZE>,,Seen,Spark,Similarity-Based,0.625,0.811870403,0.718435202
Input split: hdfs://10.10.34.11:9000/pjhe/logs/2kSOSP.log:153132+7292,E12,Input split: hdfs://<IP_ADDRESS>/<LOG_DIRECTORY>/<FILE_NAME>.log:<LINE_NUMBER>+<BLOCK_SIZE>,,Seen,Spark,Similarity-Based,0.625,0.808173416,0.716586708
Input split: hdfs://10.10.34.11:9000/pjhe/logs/2kSOSP.log:277096+7292,E12,Input split: hdfs://<IP_ADDRESS>/<LOG_DIRECTORY>/<LOG_FILE>.log:<LINE_NUMBER>+<BLOCK_SIZE>,,Seen,Spark,Similarity-Based,0.625,0.813195001,0.719097501
Input split: hdfs://10.10.34.11:9000/pjhe/logs/2kSOSP.log:218760+7292,E12,Input split: hdfs://<IP_ADDRESS>/<LOG_DIRECTORY>/<FILE_NAME>.log:<LINE_NUMBER>+<BLOCK_SIZE>,,Seen,Spark,Similarity-Based,0.625,0.81013179,0.717565895
Input split: hdfs://10.10.34.11:9000/pjhe/logs/2kSOSP.log:262512+7292,E12,Input split: hdfs://<IP_ADDRESS>/<LOG_DIRECTORY>/<LOG_FILE>.log:<LINE_NUMBER>+<BLOCK_SIZE>,,Seen,Spark,Similarity-Based,0.625,0.80629791,0.715648955
Input split: hdfs://10.10.34.11:9000/pjhe/logs/2kSOSP.log:29168+7292,E12,Input split: hdfs://<IP_ADDRESS>/<LOG_DIRECTORY>/<LOG_FILE_NAME>.log:<LINE_NUMBER>+<BLOCK_SIZE>,,Seen,Spark,Similarity-Based,0.625,0.802723155,0.713861577
Input split: hdfs://10.10.34.11:9000/pjhe/logs/2kSOSP.log:51044+7292,E12,Input split: hdfs://<IP_ADDRESS>/<LOG_DIRECTORY>/<LOG_FILE>.log:<LINE_NUMBER>+<BYTE_NUMBER>,,Seen,Spark,Similarity-Based,0.625,0.809328945,0.717164472
Input split: hdfs://10.10.34.11:9000/pjhe/logs/2kSOSP.log:14584+7292,E12,Input split: hdfs://<IP_ADDRESS>/<LOG_DIRECTORY>/<LOG_FILE>.log:<LINE_NUMBER>+<BLOCK_SIZE>,,Seen,Spark,Similarity-Based,0.625,0.810601754,0.717800877
Input split: hdfs://10.10.34.11:9000/pjhe/logs/2kSOSP.log:7292+7292,E12,Input split: hdfs://<IP_ADDRESS>/<LOG_DIRECTORY>/<LOG_FILE>.log:<LINE_NUMBER>+<LINE_NUMBER>,,Seen,Spark,Similarity-Based,0.625,0.810164308,0.717582154
"mapred.job.id is deprecated. Instead, use mapreduce.job.id",E13,mapreduce.job.id,,Unseen,Spark,Rule-Based,0.3,0,0.15
"mapred.job.id is deprecated. Instead, use mapreduce.job.id",E13,mapreduce.job.id,,Unseen,Spark,Rule-Based,0.3,0,0.15
"mapred.job.id is deprecated. Instead, use mapreduce.job.id",E13,mapreduce.job.id,,Unseen,Spark,Rule-Based,0.3,0,0.15
"mapred.job.id is deprecated. Instead, use mapreduce.job.id",E13,mapreduce.job.id,,Unseen,Spark,Rule-Based,0.3,0,0.15
"mapred.job.id is deprecated. Instead, use mapreduce.job.id",E13,mapreduce.job.id,,Unseen,Spark,Rule-Based,0.3,0,0.15
"mapred.job.id is deprecated. Instead, use mapreduce.job.id",E13,mapreduce.job.id,,Unseen,Spark,Rule-Based,0.3,0,0.15
"mapred.job.id is deprecated. Instead, use mapreduce.job.id",E13,mapreduce.job.id,,Unseen,Spark,Rule-Based,0.3,0,0.15
"mapred.job.id is deprecated. Instead, use mapreduce.job.id",E13,mapreduce.job.id,,Unseen,Spark,Rule-Based,0.3,0,0.15
"mapred.job.id is deprecated. Instead, use mapreduce.job.id",E13,mapreduce.job.id,,Unseen,Spark,Rule-Based,0.3,0,0.15
"mapred.job.id is deprecated. Instead, use mapreduce.job.id",E13,mapreduce.job.id,,Unseen,Spark,Rule-Based,0.3,0,0.15
"mapred.task.id is deprecated. Instead, use mapreduce.task.attempt.id",E14,mapreduce.task.attempt.id,,Unseen,Spark,Rule-Based,0.3,0,0.15
"mapred.task.id is deprecated. Instead, use mapreduce.task.attempt.id",E14,mapreduce.task.attempt.id,,Unseen,Spark,Rule-Based,0.3,0,0.15
"mapred.task.id is deprecated. Instead, use mapreduce.task.attempt.id",E14,mapreduce.task.attempt.id,,Unseen,Spark,Rule-Based,0.3,0,0.15
"mapred.task.id is deprecated. Instead, use mapreduce.task.attempt.id",E14,mapreduce.task.attempt.id,,Unseen,Spark,Rule-Based,0.3,0,0.15
"mapred.task.id is deprecated. Instead, use mapreduce.task.attempt.id",E14,mapreduce.task.attempt.id,,Unseen,Spark,Rule-Based,0.3,0,0.15
"mapred.task.id is deprecated. Instead, use mapreduce.task.attempt.id",E14,mapreduce.task.attempt.id,,Unseen,Spark,Rule-Based,0.3,0,0.15
"mapred.task.id is deprecated. Instead, use mapreduce.task.attempt.id",E14,mapreduce.task.attempt.id,,Unseen,Spark,Rule-Based,0.3,0,0.15
"mapred.task.id is deprecated. Instead, use mapreduce.task.attempt.id",E14,mapreduce.task.attempt.id,,Unseen,Spark,Rule-Based,0.3,0,0.15
"mapred.task.id is deprecated. Instead, use mapreduce.task.attempt.id",E14,mapreduce.task.attempt.id,,Unseen,Spark,Rule-Based,0.3,0,0.15
"mapred.task.id is deprecated. Instead, use mapreduce.task.attempt.id",E14,mapreduce.task.attempt.id,,Unseen,Spark,Rule-Based,0.3,0,0.15
"mapred.task.is.map is deprecated. Instead, use mapreduce.task.ismap",E15,mapred.task.is.map,,Unseen,Spark,Rule-Based,0.3,0,0.15
"mapred.task.is.map is deprecated. Instead, use mapreduce.task.ismap",E15,mapred.task.is.map,,Unseen,Spark,Rule-Based,0.3,0,0.15
"mapred.task.is.map is deprecated. Instead, use mapreduce.task.ismap",E15,mapred.task.is.map,,Unseen,Spark,Rule-Based,0.3,0,0.15
"mapred.task.is.map is deprecated. Instead, use mapreduce.task.ismap",E15,mapred.task.is.map,,Unseen,Spark,Rule-Based,0.3,0,0.15
"mapred.task.is.map is deprecated. Instead, use mapreduce.task.ismap",E15,mapred.task.is.map,,Unseen,Spark,Rule-Based,0.3,0,0.15
"mapred.task.is.map is deprecated. Instead, use mapreduce.task.ismap",E15,mapred.task.is.map,,Unseen,Spark,Rule-Based,0.3,0,0.15
"mapred.task.is.map is deprecated. Instead, use mapreduce.task.ismap",E15,mapred.task.is.map,,Unseen,Spark,Rule-Based,0.3,0,0.15
"mapred.task.is.map is deprecated. Instead, use mapreduce.task.ismap",E15,mapred.task.is.map,,Unseen,Spark,Rule-Based,0.3,0,0.15
"mapred.task.is.map is deprecated. Instead, use mapreduce.task.ismap",E15,mapred.task.is.map,,Unseen,Spark,Rule-Based,0.3,0,0.15
"mapred.task.is.map is deprecated. Instead, use mapreduce.task.ismap",E15,mapred.task.is.map,,Unseen,Spark,Rule-Based,0.3,0,0.15
"mapred.task.partition is deprecated. Instead, use mapreduce.task.partition",E16,"mapred.task.partition is deprecated. Instead, use mapreduce.task.partition",,Unseen,Spark,Rule-Based,0.3,0,0.15
"mapred.task.partition is deprecated. Instead, use mapreduce.task.partition",E16,"mapred.task.partition is deprecated. Instead, use mapreduce.task.partition",,Unseen,Spark,Rule-Based,0.3,0,0.15
"mapred.task.partition is deprecated. Instead, use mapreduce.task.partition",E16,"mapred.task.partition is deprecated. Instead, use mapreduce.task.partition",,Unseen,Spark,Rule-Based,0.3,0,0.15
"mapred.task.partition is deprecated. Instead, use mapreduce.task.partition",E16,"mapred.task.partition is deprecated. Instead, use mapreduce.task.partition",,Unseen,Spark,Rule-Based,0.3,0,0.15
"mapred.task.partition is deprecated. Instead, use mapreduce.task.partition",E16,"mapred.task.partition is deprecated. Instead, use mapreduce.task.partition",,Unseen,Spark,Rule-Based,0.3,0,0.15
"mapred.task.partition is deprecated. Instead, use mapreduce.task.partition",E16,"mapred.task.partition is deprecated. Instead, use mapreduce.task.partition",,Unseen,Spark,Rule-Based,0.3,0,0.15
"mapred.task.partition is deprecated. Instead, use mapreduce.task.partition",E16,"mapred.task.partition is deprecated. Instead, use mapreduce.task.partition",,Unseen,Spark,Rule-Based,0.3,0,0.15
"mapred.task.partition is deprecated. Instead, use mapreduce.task.partition",E16,"mapred.task.partition is deprecated. Instead, use mapreduce.task.partition",,Unseen,Spark,Rule-Based,0.3,0,0.15
"mapred.task.partition is deprecated. Instead, use mapreduce.task.partition",E16,"mapred.task.partition is deprecated. Instead, use mapreduce.task.partition",,Unseen,Spark,Rule-Based,0.3,0,0.15
"mapred.task.partition is deprecated. Instead, use mapreduce.task.partition",E16,"mapred.task.partition is deprecated. Instead, use mapreduce.task.partition",,Unseen,Spark,Rule-Based,0.3,0,0.15
"mapred.tip.id is deprecated. Instead, use mapreduce.task.id",E17,mapreduce.task.id,,Unseen,Spark,Rule-Based,0.3,0,0.15
"mapred.tip.id is deprecated. Instead, use mapreduce.task.id",E17,mapreduce.task.id,,Unseen,Spark,Rule-Based,0.3,0,0.15
"mapred.tip.id is deprecated. Instead, use mapreduce.task.id",E17,mapreduce.task.id,,Unseen,Spark,Rule-Based,0.3,0,0.15
"mapred.tip.id is deprecated. Instead, use mapreduce.task.id",E17,mapreduce.task.id,,Unseen,Spark,Rule-Based,0.3,0,0.15
"mapred.tip.id is deprecated. Instead, use mapreduce.task.id",E17,mapreduce.task.id,,Unseen,Spark,Rule-Based,0.3,0,0.15
"mapred.tip.id is deprecated. Instead, use mapreduce.task.id",E17,mapreduce.task.id,,Unseen,Spark,Rule-Based,0.3,0,0.15
"mapred.tip.id is deprecated. Instead, use mapreduce.task.id",E17,mapreduce.task.id,,Unseen,Spark,Rule-Based,0.3,0,0.15
"mapred.tip.id is deprecated. Instead, use mapreduce.task.id",E17,mapreduce.task.id,,Unseen,Spark,Rule-Based,0.3,0,0.15
"mapred.tip.id is deprecated. Instead, use mapreduce.task.id",E17,mapreduce.task.id,,Unseen,Spark,Rule-Based,0.3,0,0.15
"mapred.tip.id is deprecated. Instead, use mapreduce.task.id",E17,mapreduce.task.id,,Unseen,Spark,Rule-Based,0.3,0,0.15
MemoryStore started with capacity 17.7 GB,E18,MemoryStore started with capacity <*> GB,,Seen,Spark,Similarity-Based,0.3,0.820984243,0.560492121
MemoryStore started with capacity 17.7 GB,E18,MemoryStore started with capacity <*> GB,,Seen,Spark,Similarity-Based,0.3,0.820984243,0.560492121
MemoryStore started with capacity 17.7 GB,E18,MemoryStore started with capacity <*> GB,,Seen,Spark,Similarity-Based,0.3,0.820984243,0.560492121
MemoryStore started with capacity 17.7 GB,E18,MemoryStore started with capacity <*> GB,,Seen,Spark,Similarity-Based,0.3,0.820984243,0.560492121
MemoryStore started with capacity 17.7 GB,E18,MemoryStore started with capacity <*> GB,,Seen,Spark,Similarity-Based,0.3,0.820984243,0.560492121
MemoryStore started with capacity 17.7 GB,E18,MemoryStore started with capacity <*> GB,,Seen,Spark,Similarity-Based,0.3,0.820984243,0.560492121
MemoryStore started with capacity 17.7 GB,E18,MemoryStore started with capacity <*> GB,,Seen,Spark,Similarity-Based,0.3,0.820984243,0.560492121
MemoryStore started with capacity 17.7 GB,E18,MemoryStore started with capacity <*> GB,,Seen,Spark,Similarity-Based,0.3,0.820984243,0.560492121
MemoryStore started with capacity 17.7 GB,E18,MemoryStore started with capacity <*> GB,,Seen,Spark,Similarity-Based,0.3,0.820984243,0.560492121
MemoryStore started with capacity 17.7 GB,E18,MemoryStore started with capacity <*> GB,,Seen,Spark,Similarity-Based,0.3,0.820984243,0.560492121
"Partition rdd_2_4 not found, computing it",E19,"Partition <\d*> not found, computing it",,Seen,Spark,Similarity-Based,0.4,0.843303605,0.621651802
"Partition rdd_42_28 not found, computing it",E19,"Partition <*>_<*> not found, computing it",,Seen,Spark,Similarity-Based,0.4,0.793202594,0.596601297
"Partition rdd_11_0 not found, computing it",E19,"Partition <\d+>_<\d+> not found, computing it",,Seen,Spark,Similarity-Based,0.4,0.844512122,0.622256061
"Partition rdd_2_1 not found, computing it",E19,"Partition <*> not found, computing it",,Seen,Spark,Similarity-Based,0.4,0.889013689,0.644506845
"Partition rdd_42_0 not found, computing it",E19,"Partition <\d+>_<\d+> not found, computing it",,Seen,Spark,Similarity-Based,0.4,0.828006111,0.614003056
"Partition rdd_42_26 not found, computing it",E19,"Partition <\d+>_<\d+> not found, computing it",,Seen,Spark,Similarity-Based,0.4,0.811798807,0.605899404
"Partition rdd_26_2 not found, computing it",E19,"Partition <\d+>_<\d+> not found, computing it",,Seen,Spark,Similarity-Based,0.4,0.846080986,0.623040493
"Partition rdd_11_3 not found, computing it",E19,"Partition <*>_<*> not found, computing it",,Seen,Spark,Similarity-Based,0.4,0.82646225,0.613231125
"Partition rdd_42_33 not found, computing it",E19,"Partition <*>_<*> not found, computing it",,Seen,Spark,Similarity-Based,0.4,0.794538201,0.5972691
"Partition rdd_42_29 not found, computing it",E19,"Partition <*>_<*> not found, computing it",,Seen,Spark,Similarity-Based,0.4,0.786918351,0.593459175
"Block broadcast_23_piece0 stored as bytes in memory (estimated size 5.4 KB, free 378.2 KB)",E2,"Block <*>\_<*\>\_<*>\ stored as bytes in memory (estimated size <*>, free <*>)",,Seen,Spark,Similarity-Based,0.4,0.754877365,0.577438683
"Block broadcast_33_piece0 stored as bytes in memory (estimated size 29.5 KB, free 404.8 KB)",E2,"Block <*> stored as bytes in memory (estimated size <*>, free <*>)",,Seen,Spark,Similarity-Based,0.4,0.787782408,0.593891204
"Block broadcast_3_piece0 stored as bytes in memory (estimated size 152.0 B, free 318.1 KB)",E2,"Block <*> stored as bytes in memory (estimated size <*>, free <*>)",,Seen,Spark,Similarity-Based,0.4,0.752520807,0.576260403
"Block broadcast_25_piece0 stored as bytes in memory (estimated size 5.7 KB, free 409.5 KB)",E2,"Block <*> stored as bytes in memory (estimated size <*>, free <*>)",,Seen,Spark,Similarity-Based,0.4,0.783752164,0.591876082
"Block rdd_21_1 stored as bytes in memory (estimated size 162.0 B, free 403.0 KB)",E2,"Block <*> stored as bytes in memory (estimated size <*>.<*> B, free <*>.<*> KB)",,Seen,Spark,Rule-Based,0.4,0,0.2
"Block rdd_42_0 stored as bytes in memory (estimated size 913.0 B, free 804.8 KB)",E2,"Block <*> stored as bytes in memory (estimated size <*>, free <*>)",,Seen,Spark,Rule-Based,0.4,0,0.2
"Block rdd_11_4 stored as bytes in memory (estimated size 145.0 B, free 432.4 KB)",E2,"Block <*> stored as bytes in memory (estimated size <*>, free <*>)",,Seen,Spark,Rule-Based,0.4,0,0.2
"Block rdd_2_4 stored as bytes in memory (estimated size 890.0 B, free 323.8 KB)",E2,"Block <*> stored as bytes in memory (estimated size <*>, free <*>)",,Seen,Spark,Rule-Based,0.4,0,0.2
"Block rdd_2_0 stored as bytes in memory (estimated size 913.0 B, free 323.0 KB)",E2,"Block <*> stored as bytes in memory (estimated size <*>, free <*>)",,Seen,Spark,Rule-Based,0.4,0,0.2
"Block rdd_21_3 stored as bytes in memory (estimated size 194.0 B, free 403.4 KB)",E2,"Block <*> stored as bytes in memory (estimated size <*>, free <*>)",,Seen,Spark,Rule-Based,0.4,0,0.2
Reading broadcast variable 20 took 15 ms,E20,Reading broadcast variable <*> took <*> ms,,Seen,Spark,Similarity-Based,0.4,0.707845355,0.553922678
Reading broadcast variable 16 took 13 ms,E20,Reading broadcast variable <*> took <*> ms,,Seen,Spark,Similarity-Based,0.4,0.731755927,0.565877964
Reading broadcast variable 3 took 17 ms,E20,Reading broadcast variable <3> took <17> ms,,Seen,Spark,Similarity-Based,0.4,0.73357243,0.566786215
Reading broadcast variable 32 took 16 ms,E20,Reading broadcast variable <3*> took <1*> ms,,Seen,Spark,Similarity-Based,0.4,0.717488101,0.55874405
Reading broadcast variable 39 took 716 ms,E20,Reading broadcast variable <*> took <*> ms,,Seen,Spark,Similarity-Based,0.4,0.747883093,0.573941547
Reading broadcast variable 28 took 9 ms,E20,Reading broadcast variable <*> took <*> ms,,Seen,Spark,Rule-Based,0.4,0,0.2
Reading broadcast variable 2 took 16 ms,E20,Reading broadcast variable <2> took <16> ms,,Seen,Spark,Similarity-Based,0.4,0.723581665,0.561790833
Reading broadcast variable 29 took 11 ms,E20,Reading broadcast variable <*> took <*> ms,,Seen,Spark,Rule-Based,0.4,0,0.2
Reading broadcast variable 27 took 10 ms,E20,Reading broadcast variable <*> took <*> ms,,Seen,Spark,Similarity-Based,0.4,0.714659688,0.557329844
Reading broadcast variable 19 took 12 ms,E20,Reading broadcast variable <*> took <*> ms,,Seen,Spark,Similarity-Based,0.4,0.71510301,0.557551505
Registered BlockManager,E21,Registered BlockManager,,Unseen,Spark,Rule-Based,0.3,0,0.15
Registered BlockManager,E21,Registered BlockManager,,Unseen,Spark,Rule-Based,0.3,0,0.15
Registered BlockManager,E21,Registered BlockManager,,Unseen,Spark,Rule-Based,0.3,0,0.15
Registered BlockManager,E21,Registered BlockManager,,Unseen,Spark,Rule-Based,0.3,0,0.15
Registered BlockManager,E21,Registered BlockManager,,Unseen,Spark,Rule-Based,0.3,0,0.15
Registered BlockManager,E21,Registered BlockManager,,Unseen,Spark,Rule-Based,0.3,0,0.15
Registered BlockManager,E21,Registered BlockManager,,Unseen,Spark,Rule-Based,0.3,0,0.15
Registered BlockManager,E21,Registered BlockManager,,Unseen,Spark,Rule-Based,0.3,0,0.15
Registered BlockManager,E21,Registered BlockManager,,Unseen,Spark,Rule-Based,0.3,0,0.15
Registered BlockManager,E21,Registered BlockManager,,Unseen,Spark,Rule-Based,0.3,0,0.15
"Registered signal handlers for [TERM, HUP, INT]",E22,"Registered signal handlers for [TERM, HUP, INT]",,Seen,Spark,Similarity-Based,0.3,0.873981735,0.586990867
"Registered signal handlers for [TERM, HUP, INT]",E22,"Registered signal handlers for [TERM, HUP, INT]",,Seen,Spark,Similarity-Based,0.3,0.873981735,0.586990867
"Registered signal handlers for [TERM, HUP, INT]",E22,"Registered signal handlers for [TERM, HUP, INT]",,Seen,Spark,Similarity-Based,0.3,0.873981735,0.586990867
"Registered signal handlers for [TERM, HUP, INT]",E22,"Registered signal handlers for [TERM, HUP, INT]",,Seen,Spark,Similarity-Based,0.3,0.873981735,0.586990867
"Registered signal handlers for [TERM, HUP, INT]",E22,"Registered signal handlers for [TERM, HUP, INT]",,Seen,Spark,Similarity-Based,0.3,0.873981735,0.586990867
"Registered signal handlers for [TERM, HUP, INT]",E22,"Registered signal handlers for [TERM, HUP, INT]",,Seen,Spark,Similarity-Based,0.3,0.873981735,0.586990867
"Registered signal handlers for [TERM, HUP, INT]",E22,"Registered signal handlers for [TERM, HUP, INT]",,Seen,Spark,Similarity-Based,0.3,0.873981735,0.586990867
"Registered signal handlers for [TERM, HUP, INT]",E22,"Registered signal handlers for [TERM, HUP, INT]",,Seen,Spark,Similarity-Based,0.3,0.873981735,0.586990867
"Registered signal handlers for [TERM, HUP, INT]",E22,"Registered signal handlers for [TERM, HUP, INT]",,Seen,Spark,Similarity-Based,0.3,0.873981735,0.586990867
"Registered signal handlers for [TERM, HUP, INT]",E22,"Registered signal handlers for [TERM, HUP, INT]",,Seen,Spark,Similarity-Based,0.3,0.873981735,0.586990867
Remoting started; listening on addresses :[akka.tcp://sparkExecutorActorSystem@mesos-slave-07:55904],E23,Remoting started; listening on addresses :[akka.tcp://<*>@<*>],,Seen,Spark,Similarity-Based,0.5,0.924284622,0.712142311
Remoting started; listening on addresses :[akka.tcp://sparkExecutorActorSystem@mesos-slave-07:55904],E23,Remoting started; listening on addresses :[akka.tcp://<*>@<*>],,Seen,Spark,Similarity-Based,0.5,0.924284622,0.712142311
Remoting started; listening on addresses :[akka.tcp://sparkExecutorActorSystem@mesos-slave-07:55904],E23,Remoting started; listening on addresses :[akka.tcp://<*>@<*>],,Seen,Spark,Similarity-Based,0.5,0.924284622,0.712142311
Remoting started; listening on addresses :[akka.tcp://sparkExecutorActorSystem@mesos-slave-07:55904],E23,Remoting started; listening on addresses :[akka.tcp://<*>@<*>],,Seen,Spark,Similarity-Based,0.5,0.924284622,0.712142311
Remoting started; listening on addresses :[akka.tcp://sparkExecutorActorSystem@mesos-slave-07:55904],E23,Remoting started; listening on addresses :[akka.tcp://<*>@<*>],,Seen,Spark,Similarity-Based,0.5,0.924284622,0.712142311
Remoting started; listening on addresses :[akka.tcp://sparkExecutorActorSystem@mesos-slave-07:55904],E23,Remoting started; listening on addresses :[akka.tcp://<*>@<*>],,Seen,Spark,Similarity-Based,0.5,0.924284622,0.712142311
Remoting started; listening on addresses :[akka.tcp://sparkExecutorActorSystem@mesos-slave-07:55904],E23,Remoting started; listening on addresses :[akka.tcp://<*>@<*>],,Seen,Spark,Similarity-Based,0.5,0.924284622,0.712142311
Remoting started; listening on addresses :[akka.tcp://sparkExecutorActorSystem@mesos-slave-07:55904],E23,Remoting started; listening on addresses :[akka.tcp://<*>@<*>],,Seen,Spark,Similarity-Based,0.5,0.924284622,0.712142311
Remoting started; listening on addresses :[akka.tcp://sparkExecutorActorSystem@mesos-slave-07:55904],E23,Remoting started; listening on addresses :[akka.tcp://<*>@<*>],,Seen,Spark,Similarity-Based,0.5,0.924284622,0.712142311
Remoting started; listening on addresses :[akka.tcp://sparkExecutorActorSystem@mesos-slave-07:55904],E23,Remoting started; listening on addresses :[akka.tcp://<*>@<*>],,Seen,Spark,Similarity-Based,0.5,0.924284622,0.712142311
Running task 30.0 in stage 26.0 (TID 1230),E24,Running task <*> in stage <*> (TID <*>),,Seen,Spark,Similarity-Based,0.4,0.715727846,0.557863923
Running task 4.0 in stage 26.0 (TID 1204),E24,Running task <*> in stage <*> (TID <*>),,Seen,Spark,Rule-Based,0.4,0,0.2
Running task 1.0 in stage 22.0 (TID 900),E24,Running task <1.0> in stage <22.0> (TID <900>),,Seen,Spark,Similarity-Based,0.4,0.735639638,0.567819819
Running task 17.0 in stage 28.0 (TID 1297),E24,Running task <*> in stage <*> (TID <*>),,Seen,Spark,Rule-Based,0.4,0,0.2
Running task 0.0 in stage 12.0 (TID 480),E24,Running task <*> in stage <*> (TID <*>),,Seen,Spark,Similarity-Based,0.4,0.704821758,0.552410879
Running task 4.0 in stage 1.0 (TID 79),E24,Running task <*> in stage <*> (TID <*>),,Seen,Spark,Rule-Based,0.4,0,0.2
Running task 4.0 in stage 23.0 (TID 959),E24,Running task <*> in stage <*> (TID <*>),,Seen,Spark,Rule-Based,0.4,0,0.2
Running task 7.0 in stage 26.0 (TID 1207),E24,Running task <*> in stage <*> (TID <*>),,Seen,Spark,Rule-Based,0.4,0,0.2
Running task 17.0 in stage 26.0 (TID 1217),E24,Running task <*> in stage <*> (TID <*>),,Seen,Spark,Rule-Based,0.4,0,0.2
Running task 3.0 in stage 6.0 (TID 278),E24,Running task <*> in stage <*> (TID <*>),,Seen,Spark,Rule-Based,0.4,0,0.2
Saved output of task 'attempt_201706092018_0025_m_000000_1166' to hdfs://10.10.34.11:9000/pjhe/test/2/_temporary/0/task_201706092018_0025_m_000000,E25,Saved output of task '<*>' to hdfs://<*>,,Seen,Spark,Similarity-Based,0.55,0.884064823,0.717032411
Saved output of task 'attempt_201706092018_0024_m_000124_1151' to hdfs://10.10.34.11:9000/pjhe/test/1/_temporary/0/task_201706092018_0024_m_000124,E25,Saved output of task '<*>' to hdfs://<*>,,Seen,Spark,Similarity-Based,0.55,0.879632391,0.714816195
Saved output of task 'attempt_201706092018_0024_m_000162_1157' to hdfs://10.10.34.11:9000/pjhe/test/1/_temporary/0/task_201706092018_0024_m_000162,E25,Saved output of task '<*>' to hdfs://<*>,,Seen,Spark,Similarity-Based,0.55,0.879954813,0.714977407
Saved output of task 'attempt_201706092018_0024_m_000122_1147' to hdfs://10.10.34.11:9000/pjhe/test/1/_temporary/0/task_201706092018_0024_m_000122,E25,Saved output of task '<*>' to hdfs://<*>,,Seen,Spark,Similarity-Based,0.55,0.878801006,0.714400503
Saved output of task 'attempt_201706092018_0024_m_000042_1127' to hdfs://10.10.34.11:9000/pjhe/test/1/_temporary/0/task_201706092018_0024_m_000042,E25,Saved output of task '<*>' to hdfs://<*>,,Seen,Spark,Similarity-Based,0.55,0.877715236,0.713857618
Saved output of task 'attempt_201706092018_0024_m_000041_1126' to hdfs://10.10.34.11:9000/pjhe/test/1/_temporary/0/task_201706092018_0024_m_000041,E25,Saved output of task '<*>' to hdfs://<*>,,Seen,Spark,Similarity-Based,0.55,0.879144769,0.714572385
Saved output of task 'attempt_201706092018_0025_m_000002_1194' to hdfs://10.10.34.11:9000/pjhe/test/2/_temporary/0/task_201706092018_0025_m_000002,E25,Saved output of task '<*>' to hdfs://<*>,,Seen,Spark,Similarity-Based,0.55,0.884394292,0.717197146
Saved output of task 'attempt_201706092018_0024_m_000161_1156' to hdfs://10.10.34.11:9000/pjhe/test/1/_temporary/0/task_201706092018_0024_m_000161,E25,Saved output of task '<*>' to hdfs://<*>,,Seen,Spark,Similarity-Based,0.55,0.878835686,0.714417843
Saved output of task 'attempt_201706092018_0024_m_000080_1135' to hdfs://10.10.34.11:9000/pjhe/test/1/_temporary/0/task_201706092018_0024_m_000080,E25,Saved output of task '<*>' to hdfs://<*>,,Seen,Spark,Similarity-Based,0.55,0.880178898,0.715089449
Saved output of task 'attempt_201706092018_0024_m_000003_1012' to hdfs://10.10.34.11:9000/pjhe/test/1/_temporary/0/task_201706092018_0024_m_000003,E25,Saved output of task '<*>' to hdfs://<*>,,Seen,Spark,Similarity-Based,0.55,0.880035103,0.715017552
"SecurityManager: authentication disabled; ui acls disabled; users with view permissions: Set(yarn, curi); users with modify permissions: Set(yarn, curi)",E26,SecurityManager: authentication disabled; ui acls disabled; users with view permissions: Set(<*>); users with modify permissions: Set(<*>),,Unseen,Spark,Rule-Based,0.3,0,0.15
"SecurityManager: authentication disabled; ui acls disabled; users with view permissions: Set(yarn, curi); users with modify permissions: Set(yarn, curi)",E26,SecurityManager: authentication disabled; ui acls disabled; users with view permissions: Set(<*>); users with modify permissions: Set(<*>),,Unseen,Spark,Rule-Based,0.3,0,0.15
"SecurityManager: authentication disabled; ui acls disabled; users with view permissions: Set(yarn, curi); users with modify permissions: Set(yarn, curi)",E26,SecurityManager: authentication disabled; ui acls disabled; users with view permissions: Set(<*>); users with modify permissions: Set(<*>),,Unseen,Spark,Rule-Based,0.3,0,0.15
"SecurityManager: authentication disabled; ui acls disabled; users with view permissions: Set(yarn, curi); users with modify permissions: Set(yarn, curi)",E26,SecurityManager: authentication disabled; ui acls disabled; users with view permissions: Set(<*>); users with modify permissions: Set(<*>),,Unseen,Spark,Rule-Based,0.3,0,0.15
"SecurityManager: authentication disabled; ui acls disabled; users with view permissions: Set(yarn, curi); users with modify permissions: Set(yarn, curi)",E26,SecurityManager: authentication disabled; ui acls disabled; users with view permissions: Set(<*>); users with modify permissions: Set(<*>),,Unseen,Spark,Rule-Based,0.3,0,0.15
"SecurityManager: authentication disabled; ui acls disabled; users with view permissions: Set(yarn, curi); users with modify permissions: Set(yarn, curi)",E26,SecurityManager: authentication disabled; ui acls disabled; users with view permissions: Set(<*>); users with modify permissions: Set(<*>),,Unseen,Spark,Rule-Based,0.3,0,0.15
"SecurityManager: authentication disabled; ui acls disabled; users with view permissions: Set(yarn, curi); users with modify permissions: Set(yarn, curi)",E26,SecurityManager: authentication disabled; ui acls disabled; users with view permissions: Set(<*>); users with modify permissions: Set(<*>),,Unseen,Spark,Rule-Based,0.3,0,0.15
"SecurityManager: authentication disabled; ui acls disabled; users with view permissions: Set(yarn, curi); users with modify permissions: Set(yarn, curi)",E26,SecurityManager: authentication disabled; ui acls disabled; users with view permissions: Set(<*>); users with modify permissions: Set(<*>),,Unseen,Spark,Rule-Based,0.3,0,0.15
"SecurityManager: authentication disabled; ui acls disabled; users with view permissions: Set(yarn, curi); users with modify permissions: Set(yarn, curi)",E26,SecurityManager: authentication disabled; ui acls disabled; users with view permissions: Set(<*>); users with modify permissions: Set(<*>),,Unseen,Spark,Rule-Based,0.3,0,0.15
"SecurityManager: authentication disabled; ui acls disabled; users with view permissions: Set(yarn, curi); users with modify permissions: Set(yarn, curi)",E26,SecurityManager: authentication disabled; ui acls disabled; users with view permissions: Set(<*>); users with modify permissions: Set(<*>),,Unseen,Spark,Rule-Based,0.3,0,0.15
Server created on 40984,E27,Server created on <*>,,Seen,Spark,Rule-Based,0.4,0,0.2
Server created on 40984,E27,Server created on <*>,,Seen,Spark,Rule-Based,0.4,0,0.2
Server created on 40984,E27,Server created on <*>,,Seen,Spark,Rule-Based,0.4,0,0.2
Server created on 40984,E27,Server created on <*>,,Seen,Spark,Rule-Based,0.4,0,0.2
Server created on 40984,E27,Server created on <*>,,Seen,Spark,Rule-Based,0.4,0,0.2
Server created on 40984,E27,Server created on <*>,,Seen,Spark,Rule-Based,0.4,0,0.2
Server created on 40984,E27,Server created on <*>,,Seen,Spark,Rule-Based,0.4,0,0.2
Server created on 40984,E27,Server created on <*>,,Seen,Spark,Rule-Based,0.4,0,0.2
Server created on 40984,E27,Server created on <*>,,Seen,Spark,Rule-Based,0.4,0,0.2
Server created on 40984,E27,Server created on <*>,,Seen,Spark,Rule-Based,0.4,0,0.2
Slf4jLogger started,E28,Slf4jLogger started,,Unseen,Spark,Rule-Based,0.4,0,0.2
Slf4jLogger started,E28,Slf4jLogger started,,Unseen,Spark,Rule-Based,0.4,0,0.2
Slf4jLogger started,E28,Slf4jLogger started,,Unseen,Spark,Rule-Based,0.4,0,0.2
Slf4jLogger started,E28,Slf4jLogger started,,Unseen,Spark,Rule-Based,0.4,0,0.2
Slf4jLogger started,E28,Slf4jLogger started,,Unseen,Spark,Rule-Based,0.4,0,0.2
Slf4jLogger started,E28,Slf4jLogger started,,Unseen,Spark,Rule-Based,0.4,0,0.2
Slf4jLogger started,E28,Slf4jLogger started,,Unseen,Spark,Rule-Based,0.4,0,0.2
Slf4jLogger started,E28,Slf4jLogger started,,Unseen,Spark,Rule-Based,0.4,0,0.2
Slf4jLogger started,E28,Slf4jLogger started,,Unseen,Spark,Rule-Based,0.4,0,0.2
Slf4jLogger started,E28,Slf4jLogger started,,Unseen,Spark,Rule-Based,0.4,0,0.2
Started reading broadcast variable 20,E29,Started reading broadcast variable <*>,,Unseen,Spark,Rule-Based,0.4,0,0.2
Started reading broadcast variable 16,E29,Started reading broadcast variable <*>,,Unseen,Spark,Rule-Based,0.4,0,0.2
Started reading broadcast variable 3,E29,Started reading broadcast variable <*>,,Unseen,Spark,Rule-Based,0.4,0,0.2
Started reading broadcast variable 32,E29,Started reading broadcast variable <*>,,Unseen,Spark,Rule-Based,0.4,0,0.2
Started reading broadcast variable 39,E29,Started reading broadcast variable <*>,,Unseen,Spark,Rule-Based,0.4,0,0.2
Started reading broadcast variable 28,E29,Started reading broadcast variable <*>,,Unseen,Spark,Rule-Based,0.4,0,0.2
Started reading broadcast variable 2,E29,Started reading broadcast variable <*>,,Unseen,Spark,Rule-Based,0.4,0,0.2
Started reading broadcast variable 29,E29,Started reading broadcast variable <*>,,Unseen,Spark,Rule-Based,0.4,0,0.2
Started reading broadcast variable 27,E29,Started reading broadcast variable <*>,,Unseen,Spark,Rule-Based,0.4,0,0.2
Started reading broadcast variable 19,E29,Started reading broadcast variable <*>,,Unseen,Spark,Rule-Based,0.4,0,0.2
"Block broadcast_20 stored as values in memory (estimated size 9.8 KB, free 411.6 KB)",E3,"Block <*> stored as values in memory (estimated size <*>, free <*>)",,Seen,Spark,Similarity-Based,0.4,0.721029656,0.560514828
"Block broadcast_16 stored as values in memory (estimated size 9.8 KB, free 432.0 KB)",E3,"Block <*> stored as values in memory (estimated size <*>, free <*>)",,Seen,Spark,Similarity-Based,0.4,0.706507417,0.553253709
"Block broadcast_3 stored as values in memory (estimated size 384.0 B, free 318.5 KB)",E3,"Block <*> stored as values in memory (estimated size <*>, free <*>)",,Seen,Spark,Similarity-Based,0.4,0.740067817,0.570033909
"Block broadcast_32 stored as values in memory (estimated size 10.1 KB, free 400.4 KB)",E3,"Block <*> stored as values in memory (estimated size <*>, free <*>)",,Seen,Spark,Similarity-Based,0.4,0.727824946,0.563912473
"Block broadcast_39 stored as values in memory (estimated size 9.2 KB, free 868.3 KB)",E3,"Block <*> stored as values in memory (estimated size <*>, free <*>)",,Seen,Spark,Similarity-Based,0.4,0.730053512,0.565026756
"Block broadcast_28 stored as values in memory (estimated size 9.8 KB, free 419.6 KB)",E3,"Block <*> stored as values in memory (estimated size <*>, free <*>)",,Seen,Spark,Similarity-Based,0.4,0.714757869,0.557378934
"Block broadcast_2 stored as values in memory (estimated size 384.0 B, free 319.4 KB)",E3,"Block <*> stored as values in memory (estimated size <*>, free <*>)",,Seen,Spark,Similarity-Based,0.4,0.755749479,0.577874739
"Block broadcast_29 stored as values in memory (estimated size 10.1 KB, free 374.2 KB)",E3,"Block <*> stored as values in memory (estimated size <*>, free <*>)",,Seen,Spark,Similarity-Based,0.4,0.708005683,0.554002841
"Block broadcast_27 stored as values in memory (estimated size 9.2 KB, free 404.2 KB)",E3,"Block <*> stored as values in memory (estimated size <*>, free <*>)",,Seen,Spark,Similarity-Based,0.4,0.723664305,0.561832152
"Block broadcast_19 stored as values in memory (estimated size 9.2 KB, free 478.6 KB)",E3,"Block <*> stored as values in memory (estimated size <*>, free <*>)",,Seen,Spark,Similarity-Based,0.4,0.714112543,0.557056272
Starting executor ID 5 on host mesos-slave-07,E30,Starting executor ID <*> on host <*>,,Seen,Spark,Similarity-Based,0.4,0.882541307,0.641270653
Starting executor ID 5 on host mesos-slave-07,E30,Starting executor ID <*> on host <*>,,Seen,Spark,Similarity-Based,0.4,0.882541307,0.641270653
Starting executor ID 5 on host mesos-slave-07,E30,Starting executor ID <*> on host <*>,,Seen,Spark,Similarity-Based,0.4,0.882541307,0.641270653
Starting executor ID 5 on host mesos-slave-07,E30,Starting executor ID <*> on host <*>,,Seen,Spark,Similarity-Based,0.4,0.882541307,0.641270653
Starting executor ID 5 on host mesos-slave-07,E30,Starting executor ID <*> on host <*>,,Seen,Spark,Similarity-Based,0.4,0.882541307,0.641270653
Starting executor ID 5 on host mesos-slave-07,E30,Starting executor ID <*> on host <*>,,Seen,Spark,Similarity-Based,0.4,0.882541307,0.641270653
Starting executor ID 5 on host mesos-slave-07,E30,Starting executor ID <*> on host <*>,,Seen,Spark,Similarity-Based,0.4,0.882541307,0.641270653
Starting executor ID 5 on host mesos-slave-07,E30,Starting executor ID <*> on host <*>,,Seen,Spark,Similarity-Based,0.4,0.882541307,0.641270653
Starting executor ID 5 on host mesos-slave-07,E30,Starting executor ID <*> on host <*>,,Seen,Spark,Similarity-Based,0.4,0.882541307,0.641270653
Starting executor ID 5 on host mesos-slave-07,E30,Starting executor ID <*> on host <*>,,Seen,Spark,Similarity-Based,0.4,0.882541307,0.641270653
Starting remoting,E31,remoting started,,Unseen,Spark,Rule-Based,0.3,0,0.15
Starting remoting,E31,remoting started,,Unseen,Spark,Rule-Based,0.3,0,0.15
Starting remoting,E31,remoting started,,Unseen,Spark,Rule-Based,0.3,0,0.15
Starting remoting,E31,remoting started,,Unseen,Spark,Rule-Based,0.3,0,0.15
Starting remoting,E31,remoting started,,Unseen,Spark,Rule-Based,0.3,0,0.15
Starting remoting,E31,remoting started,,Unseen,Spark,Rule-Based,0.3,0,0.15
Starting remoting,E31,remoting started,,Unseen,Spark,Rule-Based,0.3,0,0.15
Starting remoting,E31,remoting started,,Unseen,Spark,Rule-Based,0.3,0,0.15
Starting remoting,E31,remoting started,,Unseen,Spark,Rule-Based,0.3,0,0.15
Starting remoting,E31,remoting started,,Unseen,Spark,Rule-Based,0.3,0,0.15
Successfully registered with driver,E32,Successfully registered with driver,,Unseen,Spark,Rule-Based,0.3,0,0.15
Successfully registered with driver,E32,Successfully registered with driver,,Unseen,Spark,Rule-Based,0.3,0,0.15
Successfully registered with driver,E32,Successfully registered with driver,,Unseen,Spark,Rule-Based,0.3,0,0.15
Successfully registered with driver,E32,Successfully registered with driver,,Unseen,Spark,Rule-Based,0.3,0,0.15
Successfully registered with driver,E32,Successfully registered with driver,,Unseen,Spark,Rule-Based,0.3,0,0.15
Successfully registered with driver,E32,Successfully registered with driver,,Unseen,Spark,Rule-Based,0.3,0,0.15
Successfully registered with driver,E32,Successfully registered with driver,,Unseen,Spark,Rule-Based,0.3,0,0.15
Successfully registered with driver,E32,Successfully registered with driver,,Unseen,Spark,Rule-Based,0.3,0,0.15
Successfully registered with driver,E32,Successfully registered with driver,,Unseen,Spark,Rule-Based,0.3,0,0.15
Successfully registered with driver,E32,Successfully registered with driver,,Unseen,Spark,Rule-Based,0.3,0,0.15
Successfully started service 'org.apache.spark.network.netty.NettyBlockTransferService' on port 40984.,E33,Successfully started service '<*>' on port <*>.,,Seen,Spark,Similarity-Based,0.3,0.861235306,0.580617653
Successfully started service 'org.apache.spark.network.netty.NettyBlockTransferService' on port 40984.,E33,Successfully started service '<*>' on port <*>.,,Seen,Spark,Similarity-Based,0.3,0.861235306,0.580617653
Successfully started service 'org.apache.spark.network.netty.NettyBlockTransferService' on port 40984.,E33,Successfully started service '<*>' on port <*>.,,Seen,Spark,Similarity-Based,0.3,0.861235306,0.580617653
Successfully started service 'org.apache.spark.network.netty.NettyBlockTransferService' on port 40984.,E33,Successfully started service '<*>' on port <*>.,,Seen,Spark,Similarity-Based,0.3,0.861235306,0.580617653
Successfully started service 'org.apache.spark.network.netty.NettyBlockTransferService' on port 40984.,E33,Successfully started service '<*>' on port <*>.,,Seen,Spark,Similarity-Based,0.3,0.861235306,0.580617653
Successfully started service 'org.apache.spark.network.netty.NettyBlockTransferService' on port 40984.,E33,Successfully started service '<*>' on port <*>.,,Seen,Spark,Similarity-Based,0.3,0.861235306,0.580617653
Successfully started service 'org.apache.spark.network.netty.NettyBlockTransferService' on port 40984.,E33,Successfully started service '<*>' on port <*>.,,Seen,Spark,Similarity-Based,0.3,0.861235306,0.580617653
Successfully started service 'org.apache.spark.network.netty.NettyBlockTransferService' on port 40984.,E33,Successfully started service '<*>' on port <*>.,,Seen,Spark,Similarity-Based,0.3,0.861235306,0.580617653
Successfully started service 'org.apache.spark.network.netty.NettyBlockTransferService' on port 40984.,E33,Successfully started service '<*>' on port <*>.,,Seen,Spark,Similarity-Based,0.3,0.861235306,0.580617653
Successfully started service 'org.apache.spark.network.netty.NettyBlockTransferService' on port 40984.,E33,Successfully started service '<*>' on port <*>.,,Seen,Spark,Similarity-Based,0.3,0.861235306,0.580617653
Successfully started service 'sparkExecutorActorSystem' on port 55904.,E34,Successfully started service '<*>' on port <*>.,,Seen,Spark,Similarity-Based,0.3,0.881797623,0.590898811
Successfully started service 'sparkExecutorActorSystem' on port 55904.,E34,Successfully started service '<*>' on port <*>.,,Seen,Spark,Similarity-Based,0.3,0.881797623,0.590898811
Successfully started service 'sparkExecutorActorSystem' on port 55904.,E34,Successfully started service '<*>' on port <*>.,,Seen,Spark,Similarity-Based,0.3,0.881797623,0.590898811
Successfully started service 'sparkExecutorActorSystem' on port 55904.,E34,Successfully started service '<*>' on port <*>.,,Seen,Spark,Similarity-Based,0.3,0.881797623,0.590898811
Successfully started service 'sparkExecutorActorSystem' on port 55904.,E34,Successfully started service '<*>' on port <*>.,,Seen,Spark,Similarity-Based,0.3,0.881797623,0.590898811
Successfully started service 'sparkExecutorActorSystem' on port 55904.,E34,Successfully started service '<*>' on port <*>.,,Seen,Spark,Similarity-Based,0.3,0.881797623,0.590898811
Successfully started service 'sparkExecutorActorSystem' on port 55904.,E34,Successfully started service '<*>' on port <*>.,,Seen,Spark,Similarity-Based,0.3,0.881797623,0.590898811
Successfully started service 'sparkExecutorActorSystem' on port 55904.,E34,Successfully started service '<*>' on port <*>.,,Seen,Spark,Similarity-Based,0.3,0.881797623,0.590898811
Successfully started service 'sparkExecutorActorSystem' on port 55904.,E34,Successfully started service '<*>' on port <*>.,,Seen,Spark,Similarity-Based,0.3,0.881797623,0.590898811
Successfully started service 'sparkExecutorActorSystem' on port 55904.,E34,Successfully started service '<*>' on port <*>.,,Seen,Spark,Similarity-Based,0.3,0.881797623,0.590898811
"Times: total = 39, boot = -86, init = 125, finish = 0",E35,"Times: total = <*>, boot = <*>, init = <*>, finish = <*>",,Seen,Spark,Rule-Based,0.4,0,0.2
"Times: total = 39, boot = -123, init = 162, finish = 0",E35,"Times: total = <*>, boot = <*>, init = <*>, finish = <*>",,Seen,Spark,Similarity-Based,0.4,0.700797696,0.550398848
"Times: total = 39, boot = -147, init = 186, finish = 0",E35,"Times: total = <*>, boot = <*>, init = <*>, finish = <*>",,Seen,Spark,Similarity-Based,0.4,0.703795546,0.551897773
"Times: total = 39, boot = 19, init = 20, finish = 0",E35,"Times: total = <*>, boot = <*>, init = <*>, finish = <*>",,Seen,Spark,Rule-Based,0.4,0,0.2
"Times: total = 39, boot = -103, init = 142, finish = 0",E35,"Times: total = <*>, boot = <*>, init = <*>, finish = <*>",,Seen,Spark,Rule-Based,0.4,0,0.2
"Times: total = 41, boot = 35, init = 5, finish = 1",E35,"times = <*>, total = <*>, boot = <*>, init = <*>, finish = <*>",,Seen,Spark,Rule-Based,0.4,0,0.2
"Times: total = 41, boot = 20, init = 21, finish = 0",E35,"Times: total = <*>, boot = <*>, init = <*>, finish = <*>",,Seen,Spark,Rule-Based,0.4,0,0.2
"Times: total = 42, boot = -74, init = 115, finish = 1",E35,"Times: total = <*>, boot = <*>, init = <*>, finish = <*>",,Seen,Spark,Rule-Based,0.4,0,0.2
"Times: total = 42, boot = 19, init = 22, finish = 1",E35,"times: total = <*>, boot = <*>, init = <*>, finish = <*>",,Seen,Spark,Rule-Based,0.4,0,0.2
"Times: total = 40, boot = 20, init = 20, finish = 0",E35,"times = <*>, total = <*>, boot = <*>, init = <*>, finish = <*>",,Seen,Spark,Rule-Based,0.4,0,0.2
Trying to register BlockManager,E36,Trying to register BlockManager,,Unseen,Spark,Rule-Based,0.3,0,0.15
Trying to register BlockManager,E36,Trying to register BlockManager,,Unseen,Spark,Rule-Based,0.3,0,0.15
Trying to register BlockManager,E36,Trying to register BlockManager,,Unseen,Spark,Rule-Based,0.3,0,0.15
Trying to register BlockManager,E36,Trying to register BlockManager,,Unseen,Spark,Rule-Based,0.3,0,0.15
Trying to register BlockManager,E36,Trying to register BlockManager,,Unseen,Spark,Rule-Based,0.3,0,0.15
Trying to register BlockManager,E36,Trying to register BlockManager,,Unseen,Spark,Rule-Based,0.3,0,0.15
Trying to register BlockManager,E36,Trying to register BlockManager,,Unseen,Spark,Rule-Based,0.3,0,0.15
Trying to register BlockManager,E36,Trying to register BlockManager,,Unseen,Spark,Rule-Based,0.3,0,0.15
Trying to register BlockManager,E36,Trying to register BlockManager,,Unseen,Spark,Rule-Based,0.3,0,0.15
Trying to register BlockManager,E36,Trying to register BlockManager,,Unseen,Spark,Rule-Based,0.3,0,0.15
"Changing modify acls to: yarn,curi",E4,Changing modify acls to: <*>,,Seen,Spark,Rule-Based,0.3,0,0.15
"Changing modify acls to: yarn,curi",E4,Changing modify acls to: <*>,,Seen,Spark,Rule-Based,0.3,0,0.15
"Changing modify acls to: yarn,curi",E4,Changing modify acls to: <*>,,Seen,Spark,Rule-Based,0.3,0,0.15
"Changing modify acls to: yarn,curi",E4,Changing modify acls to: <*>,,Seen,Spark,Rule-Based,0.3,0,0.15
"Changing modify acls to: yarn,curi",E4,Changing modify acls to: <*>,,Seen,Spark,Rule-Based,0.3,0,0.15
"Changing modify acls to: yarn,curi",E4,Changing modify acls to: <*>,,Seen,Spark,Rule-Based,0.3,0,0.15
"Changing modify acls to: yarn,curi",E4,Changing modify acls to: <*>,,Seen,Spark,Rule-Based,0.3,0,0.15
"Changing modify acls to: yarn,curi",E4,Changing modify acls to: <*>,,Seen,Spark,Rule-Based,0.3,0,0.15
"Changing modify acls to: yarn,curi",E4,Changing modify acls to: <*>,,Seen,Spark,Rule-Based,0.3,0,0.15
"Changing modify acls to: yarn,curi",E4,Changing modify acls to: <*>,,Seen,Spark,Rule-Based,0.3,0,0.15
"Changing view acls to: yarn,curi",E5,"Changing view acls to: <*>,<*>",,Unseen,Spark,Rule-Based,0.3,0,0.15
"Changing view acls to: yarn,curi",E5,"Changing view acls to: <*>,<*>",,Unseen,Spark,Rule-Based,0.3,0,0.15
"Changing view acls to: yarn,curi",E5,"Changing view acls to: <*>,<*>",,Unseen,Spark,Rule-Based,0.3,0,0.15
"Changing view acls to: yarn,curi",E5,"Changing view acls to: <*>,<*>",,Unseen,Spark,Rule-Based,0.3,0,0.15
"Changing view acls to: yarn,curi",E5,"Changing view acls to: <*>,<*>",,Unseen,Spark,Rule-Based,0.3,0,0.15
"Changing view acls to: yarn,curi",E5,"Changing view acls to: <*>,<*>",,Unseen,Spark,Rule-Based,0.3,0,0.15
"Changing view acls to: yarn,curi",E5,"Changing view acls to: <*>,<*>",,Unseen,Spark,Rule-Based,0.3,0,0.15
"Changing view acls to: yarn,curi",E5,"Changing view acls to: <*>,<*>",,Unseen,Spark,Rule-Based,0.3,0,0.15
"Changing view acls to: yarn,curi",E5,"Changing view acls to: <*>,<*>",,Unseen,Spark,Rule-Based,0.3,0,0.15
"Changing view acls to: yarn,curi",E5,"Changing view acls to: <*>,<*>",,Unseen,Spark,Rule-Based,0.3,0,0.15
Connecting to driver: spark://CoarseGrainedScheduler@10.10.34.11:48069,E6,"Connecting to driver: spark://<*>@<*>://<*>

Explanation:

* Connecting to driver: is a static part of the log message.
* spark:// is a static part of the log message.
* CoarseGrainedScheduler",,Unseen,Spark,Rule-Based,0.5,0,0.25
Connecting to driver: spark://CoarseGrainedScheduler@10.10.34.11:48069,E6,"Connecting to driver: spark://<*>@<*>://<*>

Explanation:

* Connecting to driver: is a static part of the log message.
* spark:// is a static part of the log message.
* CoarseGrainedScheduler",,Unseen,Spark,Rule-Based,0.5,0,0.25
Connecting to driver: spark://CoarseGrainedScheduler@10.10.34.11:48069,E6,"Connecting to driver: spark://<*>@<*>://<*>

Explanation:

* Connecting to driver: is a static part of the log message.
* spark:// is a static part of the log message.
* CoarseGrainedScheduler",,Unseen,Spark,Rule-Based,0.5,0,0.25
Connecting to driver: spark://CoarseGrainedScheduler@10.10.34.11:48069,E6,"Connecting to driver: spark://<*>@<*>://<*>

Explanation:

* Connecting to driver: is a static part of the log message.
* spark:// is a static part of the log message.
* CoarseGrainedScheduler",,Unseen,Spark,Rule-Based,0.5,0,0.25
Connecting to driver: spark://CoarseGrainedScheduler@10.10.34.11:48069,E6,"Connecting to driver: spark://<*>@<*>://<*>

Explanation:

* Connecting to driver: is a static part of the log message.
* spark:// is a static part of the log message.
* CoarseGrainedScheduler",,Unseen,Spark,Rule-Based,0.5,0,0.25
Connecting to driver: spark://CoarseGrainedScheduler@10.10.34.11:48069,E6,"Connecting to driver: spark://<*>@<*>://<*>

Explanation:

* Connecting to driver: is a static part of the log message.
* spark:// is a static part of the log message.
* CoarseGrainedScheduler",,Unseen,Spark,Rule-Based,0.5,0,0.25
Connecting to driver: spark://CoarseGrainedScheduler@10.10.34.11:48069,E6,"Connecting to driver: spark://<*>@<*>://<*>

Explanation:

* Connecting to driver: is a static part of the log message.
* spark:// is a static part of the log message.
* CoarseGrainedScheduler",,Unseen,Spark,Rule-Based,0.5,0,0.25
Connecting to driver: spark://CoarseGrainedScheduler@10.10.34.11:48069,E6,"Connecting to driver: spark://<*>@<*>://<*>

Explanation:

* Connecting to driver: is a static part of the log message.
* spark:// is a static part of the log message.
* CoarseGrainedScheduler",,Unseen,Spark,Rule-Based,0.5,0,0.25
Connecting to driver: spark://CoarseGrainedScheduler@10.10.34.11:48069,E6,"Connecting to driver: spark://<*>@<*>://<*>

Explanation:

* Connecting to driver: is a static part of the log message.
* spark:// is a static part of the log message.
* CoarseGrainedScheduler",,Unseen,Spark,Rule-Based,0.5,0,0.25
Connecting to driver: spark://CoarseGrainedScheduler@10.10.34.11:48069,E6,"Connecting to driver: spark://<*>@<*>://<*>

Explanation:

* Connecting to driver: is a static part of the log message.
* spark:// is a static part of the log message.
* CoarseGrainedScheduler",,Unseen,Spark,Rule-Based,0.5,0,0.25
Created local directory at /opt/hdfs/nodemanager/usercache/curi/appcache/application_1485248649253_0147/blockmgr-70293f72-844a-4b39-9ad6-fb0ad7e364e4,E7,Created local directory at <*/opt/hdfs/nodemanager/usercache/*/appcache/application_<*/*>/blockmgr-<*/*/*/*/*/*/*/*/*/>,,Unseen,Spark,Rule-Based,0.5,0,0.25
Created local directory at /opt/hdfs/nodemanager/usercache/curi/appcache/application_1485248649253_0147/blockmgr-70293f72-844a-4b39-9ad6-fb0ad7e364e4,E7,Created local directory at <*/opt/hdfs/nodemanager/usercache/*/appcache/application_<*/*>/blockmgr-<*/*/*/*/*/*/*/*/*/>,,Unseen,Spark,Rule-Based,0.5,0,0.25
Created local directory at /opt/hdfs/nodemanager/usercache/curi/appcache/application_1485248649253_0147/blockmgr-70293f72-844a-4b39-9ad6-fb0ad7e364e4,E7,Created local directory at <*/opt/hdfs/nodemanager/usercache/*/appcache/application_<*/*>/blockmgr-<*/*/*/*/*/*/*/*/*/>,,Unseen,Spark,Rule-Based,0.5,0,0.25
Created local directory at /opt/hdfs/nodemanager/usercache/curi/appcache/application_1485248649253_0147/blockmgr-70293f72-844a-4b39-9ad6-fb0ad7e364e4,E7,Created local directory at <*/opt/hdfs/nodemanager/usercache/*/appcache/application_<*/*>/blockmgr-<*/*/*/*/*/*/*/*/*/>,,Unseen,Spark,Rule-Based,0.5,0,0.25
Created local directory at /opt/hdfs/nodemanager/usercache/curi/appcache/application_1485248649253_0147/blockmgr-70293f72-844a-4b39-9ad6-fb0ad7e364e4,E7,Created local directory at <*/opt/hdfs/nodemanager/usercache/*/appcache/application_<*/*>/blockmgr-<*/*/*/*/*/*/*/*/*/>,,Unseen,Spark,Rule-Based,0.5,0,0.25
Created local directory at /opt/hdfs/nodemanager/usercache/curi/appcache/application_1485248649253_0147/blockmgr-70293f72-844a-4b39-9ad6-fb0ad7e364e4,E7,Created local directory at <*/opt/hdfs/nodemanager/usercache/*/appcache/application_<*/*>/blockmgr-<*/*/*/*/*/*/*/*/*/>,,Unseen,Spark,Rule-Based,0.5,0,0.25
Created local directory at /opt/hdfs/nodemanager/usercache/curi/appcache/application_1485248649253_0147/blockmgr-70293f72-844a-4b39-9ad6-fb0ad7e364e4,E7,Created local directory at <*/opt/hdfs/nodemanager/usercache/*/appcache/application_<*/*>/blockmgr-<*/*/*/*/*/*/*/*/*/>,,Unseen,Spark,Rule-Based,0.5,0,0.25
Created local directory at /opt/hdfs/nodemanager/usercache/curi/appcache/application_1485248649253_0147/blockmgr-70293f72-844a-4b39-9ad6-fb0ad7e364e4,E7,Created local directory at <*/opt/hdfs/nodemanager/usercache/*/appcache/application_<*/*>/blockmgr-<*/*/*/*/*/*/*/*/*/>,,Unseen,Spark,Rule-Based,0.5,0,0.25
Created local directory at /opt/hdfs/nodemanager/usercache/curi/appcache/application_1485248649253_0147/blockmgr-70293f72-844a-4b39-9ad6-fb0ad7e364e4,E7,Created local directory at <*/opt/hdfs/nodemanager/usercache/*/appcache/application_<*/*>/blockmgr-<*/*/*/*/*/*/*/*/*/>,,Unseen,Spark,Rule-Based,0.5,0,0.25
Created local directory at /opt/hdfs/nodemanager/usercache/curi/appcache/application_1485248649253_0147/blockmgr-70293f72-844a-4b39-9ad6-fb0ad7e364e4,E7,Created local directory at <*/opt/hdfs/nodemanager/usercache/*/appcache/application_<*/*>/blockmgr-<*/*/*/*/*/*/*/*/*/>,,Unseen,Spark,Rule-Based,0.5,0,0.25
File Output Committer Algorithm version is 1,E8,File Output Committer Algorithm version is <*>,,Seen,Spark,Similarity-Based,0.4,0.778253331,0.589126666
File Output Committer Algorithm version is 1,E8,File Output Committer Algorithm version is <*>,,Seen,Spark,Similarity-Based,0.4,0.778253331,0.589126666
File Output Committer Algorithm version is 1,E8,File Output Committer Algorithm version is <*>,,Seen,Spark,Similarity-Based,0.4,0.778253331,0.589126666
File Output Committer Algorithm version is 1,E8,File Output Committer Algorithm version is <*>,,Seen,Spark,Similarity-Based,0.4,0.778253331,0.589126666
File Output Committer Algorithm version is 1,E8,File Output Committer Algorithm version is <*>,,Seen,Spark,Similarity-Based,0.4,0.778253331,0.589126666
File Output Committer Algorithm version is 1,E8,File Output Committer Algorithm version is <*>,,Seen,Spark,Similarity-Based,0.4,0.778253331,0.589126666
File Output Committer Algorithm version is 1,E8,File Output Committer Algorithm version is <*>,,Seen,Spark,Similarity-Based,0.4,0.778253331,0.589126666
File Output Committer Algorithm version is 1,E8,File Output Committer Algorithm version is <*>,,Seen,Spark,Similarity-Based,0.4,0.778253331,0.589126666
File Output Committer Algorithm version is 1,E8,File Output Committer Algorithm version is <*>,,Seen,Spark,Similarity-Based,0.4,0.778253331,0.589126666
File Output Committer Algorithm version is 1,E8,File Output Committer Algorithm version is <*>,,Seen,Spark,Similarity-Based,0.4,0.778253331,0.589126666
Finished task 14.0 in stage 27.0 (TID 1254). 2404 bytes result sent to driver,E9,Finished task <*> in stage <*> (TID <*>). <*> bytes result sent to driver,,Seen,Spark,Similarity-Based,0.4,0.807280106,0.603640053
Finished task 36.0 in stage 28.0 (TID 1316). 2087 bytes result sent to driver,E9,Finished task <*> in stage <*> (TID <*>). <*> bytes result sent to driver,,Seen,Spark,Similarity-Based,0.4,0.819713708,0.609856854
Finished task 2.0 in stage 26.0 (TID 1202). 2703 bytes result sent to driver,E9,Finished task <*> in stage <*> (TID <*>). <*> bytes result sent to driver,,Seen,Spark,Similarity-Based,0.4,0.863985547,0.631992774
Finished task 2.0 in stage 1.0 (TID 69). 2523 bytes result sent to driver,E9,Finished task <*> in stage <*> (TID <*>). <*> bytes result sent to driver,,Seen,Spark,Similarity-Based,0.4,0.886666961,0.64333348
Finished task 0.0 in stage 28.0 (TID 1280). 2087 bytes result sent to driver,E9,Finished task <*> in stage <*> (TID <*>). <*> bytes result sent to driver,,Seen,Spark,Similarity-Based,0.4,0.849343789,0.624671895
Finished task 38.0 in stage 27.0 (TID 1278). 2882 bytes result sent to driver,E9,Finished task <*> in stage <*> (TID <*>). <*> bytes result sent to driver,,Seen,Spark,Similarity-Based,0.4,0.819121409,0.609560704
Finished task 8.0 in stage 27.0 (TID 1248). 2263 bytes result sent to driver,E9,Finished task <*> in stage <*> (TID <*>). <*> bytes result sent to driver,,Seen,Spark,Similarity-Based,0.4,0.834226503,0.617113252
Finished task 2.0 in stage 21.0 (TID 877). 2333 bytes result sent to driver,E9,Finished task <*> in stage <*> (TID <*>). <*> bytes result sent to driver,,Seen,Spark,Similarity-Based,0.4,0.86714121,0.633570605
Finished task 4.0 in stage 1.0 (TID 79). 2685 bytes result sent to driver,E9,Finished task <*> in stage <*> (TID <*>). <*> bytes result sent to driver,,Seen,Spark,Similarity-Based,0.4,0.847504654,0.623752327
Finished task 25.0 in stage 26.0 (TID 1225). 2705 bytes result sent to driver,E9,Finished task <*> in stage <*> (TID <*>). <*> bytes result sent to driver,,Seen,Spark,Similarity-Based,0.4,0.820409627,0.610204814
1 failures on node MININT-FNANLI5.fareast.corp.microsoft.com,E1,1 failures on node <*>,,Unseen,Hadoop,Rule-Based,0.5,0,0.25
2 failures on node MININT-FNANLI5.fareast.corp.microsoft.com,E1,2 failures on node <*>,,Unseen,Hadoop,Rule-Based,0.5,0,0.25
1 failures on node MININT-FNANLI5.fareast.corp.microsoft.com,E1,1 failures on node <*>,,Unseen,Hadoop,Rule-Based,0.5,0,0.25
1 failures on node MININT-FNANLI5.fareast.corp.microsoft.com,E1,1 failures on node <*>,,Unseen,Hadoop,Rule-Based,0.5,0,0.25
1 failures on node MININT-FNANLI5.fareast.corp.microsoft.com,E1,1 failures on node <*>,,Unseen,Hadoop,Rule-Based,0.5,0,0.25
2 failures on node MININT-FNANLI5.fareast.corp.microsoft.com,E1,2 failures on node <*>,,Unseen,Hadoop,Rule-Based,0.5,0,0.25
1 failures on node MININT-FNANLI5.fareast.corp.microsoft.com,E1,1 failures on node <*>,,Unseen,Hadoop,Rule-Based,0.5,0,0.25
1 failures on node MININT-FNANLI5.fareast.corp.microsoft.com,E1,1 failures on node <*>,,Unseen,Hadoop,Rule-Based,0.5,0,0.25
1 failures on node MININT-FNANLI5.fareast.corp.microsoft.com,E1,1 failures on node <*>,,Unseen,Hadoop,Rule-Based,0.5,0,0.25
2 failures on node MININT-FNANLI5.fareast.corp.microsoft.com,E1,2 failures on node <*>,,Unseen,Hadoop,Rule-Based,0.5,0,0.25
Address change detected. Old: msra-sa-41/10.190.173.170:8030 New: msra-sa-41:8030,E10,Old: <*> New: <*>,,Unseen,Hadoop,Rule-Based,0.55,0,0.275
Address change detected. Old: msra-sa-41/10.190.173.170:9000 New: msra-sa-41:9000,E10,Old: <*> New: <*>,,Unseen,Hadoop,Rule-Based,0.55,0,0.275
Address change detected. Old: msra-sa-41/10.190.173.170:8030 New: msra-sa-41:8030,E10,Old: <*> New: <*>,,Unseen,Hadoop,Rule-Based,0.55,0,0.275
Address change detected. Old: msra-sa-41/10.190.173.170:9000 New: msra-sa-41:9000,E10,Old: <*> New: <*>,,Unseen,Hadoop,Rule-Based,0.55,0,0.275
Address change detected. Old: msra-sa-41/10.190.173.170:8030 New: msra-sa-41:8030,E10,Old: <*> New: <*>,,Unseen,Hadoop,Rule-Based,0.55,0,0.275
Address change detected. Old: msra-sa-41/10.190.173.170:8030 New: msra-sa-41:8030,E10,Old: <*> New: <*>,,Unseen,Hadoop,Rule-Based,0.55,0,0.275
Address change detected. Old: msra-sa-41/10.190.173.170:9000 New: msra-sa-41:9000,E10,Old: <*> New: <*>,,Unseen,Hadoop,Rule-Based,0.55,0,0.275
Address change detected. Old: msra-sa-41/10.190.173.170:8030 New: msra-sa-41:8030,E10,Old: <*> New: <*>,,Unseen,Hadoop,Rule-Based,0.55,0,0.275
Address change detected. Old: msra-sa-41/10.190.173.170:9000 New: msra-sa-41:9000,E10,Old: <*> New: <*>,,Unseen,Hadoop,Rule-Based,0.55,0,0.275
Address change detected. Old: msra-sa-41/10.190.173.170:9000 New: msra-sa-41:9000,E10,Old: <*> New: <*>,,Unseen,Hadoop,Rule-Based,0.55,0,0.275
Task succeeded with attempt attempt_1445144423722_0020_m_000003_0,E100,Task succeeded with attempt <*>,,Seen,Hadoop,Similarity-Based,0.4,0.770928419,0.58546421
Task succeeded with attempt attempt_1445144423722_0020_m_000003_0,E100,Task succeeded with attempt <*>,,Seen,Hadoop,Similarity-Based,0.4,0.770928419,0.58546421
Task succeeded with attempt attempt_1445144423722_0020_m_000003_0,E100,Task succeeded with attempt <*>,,Seen,Hadoop,Similarity-Based,0.4,0.770928419,0.58546421
Task succeeded with attempt attempt_1445144423722_0020_m_000003_0,E100,Task succeeded with attempt <*>,,Seen,Hadoop,Similarity-Based,0.4,0.770928419,0.58546421
Task succeeded with attempt attempt_1445144423722_0020_m_000003_0,E100,Task succeeded with attempt <*>,,Seen,Hadoop,Similarity-Based,0.4,0.770928419,0.58546421
Task succeeded with attempt attempt_1445144423722_0020_m_000003_0,E100,Task succeeded with attempt <*>,,Seen,Hadoop,Similarity-Based,0.4,0.770928419,0.58546421
Task succeeded with attempt attempt_1445144423722_0020_m_000003_0,E100,Task succeeded with attempt <*>,,Seen,Hadoop,Similarity-Based,0.4,0.770928419,0.58546421
Task succeeded with attempt attempt_1445144423722_0020_m_000003_0,E100,Task succeeded with attempt <*>,,Seen,Hadoop,Similarity-Based,0.4,0.770928419,0.58546421
Task succeeded with attempt attempt_1445144423722_0020_m_000003_0,E100,Task succeeded with attempt <*>,,Seen,Hadoop,Similarity-Based,0.4,0.770928419,0.58546421
Task succeeded with attempt attempt_1445144423722_0020_m_000003_0,E100,Task succeeded with attempt <*>,,Seen,Hadoop,Similarity-Based,0.4,0.770928419,0.58546421
Task: attempt_1445144423722_0020_m_000002_0 - exited : java.net.NoRouteToHostException: No Route to Host from  MININT-FNANLI5/127.0.0.1 to msra-sa-41:9000 failed on socket timeout exception: java.net.NoRouteToHostException: No route to host: no further information; For more details see:  http://wiki.apache.org/hadoop/NoRouteToHost,E101,Task: <*> - exited : java.net.NoRouteToHostException: No Route to Host from <*>/<*> to <*>:<*> failed on socket timeout exception: java.net.NoRouteToHostException: No route to host: no further information; For more details see:,,Seen,Hadoop,Similarity-Based,0.5,0.970350972,0.735175486
Task: attempt_1445144423722_0020_m_000001_0 - exited : java.net.NoRouteToHostException: No Route to Host from  MININT-FNANLI5/127.0.0.1 to msra-sa-41:9000 failed on socket timeout exception: java.net.NoRouteToHostException: No route to host: no further information; For more details see:  http://wiki.apache.org/hadoop/NoRouteToHost,E101,Task: <*> - exited : java.net.NoRouteToHostException: No Route to Host from <*>/<*> to <*>:<*> failed on socket timeout exception: java.net.NoRouteToHostException: No route to host: no further information; For more details see:,,Seen,Hadoop,Similarity-Based,0.5,0.971113315,0.735556658
Task: attempt_1445144423722_0020_m_000002_0 - exited : java.net.NoRouteToHostException: No Route to Host from  MININT-FNANLI5/127.0.0.1 to msra-sa-41:9000 failed on socket timeout exception: java.net.NoRouteToHostException: No route to host: no further information; For more details see:  http://wiki.apache.org/hadoop/NoRouteToHost,E101,Task: <*> - exited : java.net.NoRouteToHostException: No Route to Host from <*>/<*> to <*>:<*> failed on socket timeout exception: java.net.NoRouteToHostException: No route to host: no further information; For more details see:,,Seen,Hadoop,Similarity-Based,0.5,0.970350972,0.735175486
Task: attempt_1445144423722_0020_m_000002_0 - exited : java.net.NoRouteToHostException: No Route to Host from  MININT-FNANLI5/127.0.0.1 to msra-sa-41:9000 failed on socket timeout exception: java.net.NoRouteToHostException: No route to host: no further information; For more details see:  http://wiki.apache.org/hadoop/NoRouteToHost,E101,Task: <*> - exited : java.net.NoRouteToHostException: No Route to Host from <*>/<*> to <*>:<*> failed on socket timeout exception: java.net.NoRouteToHostException: No route to host: no further information; For more details see:,,Seen,Hadoop,Similarity-Based,0.5,0.970350972,0.735175486
Task: attempt_1445144423722_0020_m_000002_0 - exited : java.net.NoRouteToHostException: No Route to Host from  MININT-FNANLI5/127.0.0.1 to msra-sa-41:9000 failed on socket timeout exception: java.net.NoRouteToHostException: No route to host: no further information; For more details see:  http://wiki.apache.org/hadoop/NoRouteToHost,E101,Task: <*> - exited : java.net.NoRouteToHostException: No Route to Host from <*>/<*> to <*>:<*> failed on socket timeout exception: java.net.NoRouteToHostException: No route to host: no further information; For more details see:,,Seen,Hadoop,Similarity-Based,0.5,0.970350972,0.735175486
Task: attempt_1445144423722_0020_m_000001_0 - exited : java.net.NoRouteToHostException: No Route to Host from  MININT-FNANLI5/127.0.0.1 to msra-sa-41:9000 failed on socket timeout exception: java.net.NoRouteToHostException: No route to host: no further information; For more details see:  http://wiki.apache.org/hadoop/NoRouteToHost,E101,Task: <*> - exited : java.net.NoRouteToHostException: No Route to Host from <*>/<*> to <*>:<*> failed on socket timeout exception: java.net.NoRouteToHostException: No route to host: no further information; For more details see:,,Seen,Hadoop,Similarity-Based,0.5,0.971113315,0.735556658
Task: attempt_1445144423722_0020_m_000002_0 - exited : java.net.NoRouteToHostException: No Route to Host from  MININT-FNANLI5/127.0.0.1 to msra-sa-41:9000 failed on socket timeout exception: java.net.NoRouteToHostException: No route to host: no further information; For more details see:  http://wiki.apache.org/hadoop/NoRouteToHost,E101,Task: <*> - exited : java.net.NoRouteToHostException: No Route to Host from <*>/<*> to <*>:<*> failed on socket timeout exception: java.net.NoRouteToHostException: No route to host: no further information; For more details see:,,Seen,Hadoop,Similarity-Based,0.5,0.970350972,0.735175486
Task: attempt_1445144423722_0020_m_000002_0 - exited : java.net.NoRouteToHostException: No Route to Host from  MININT-FNANLI5/127.0.0.1 to msra-sa-41:9000 failed on socket timeout exception: java.net.NoRouteToHostException: No route to host: no further information; For more details see:  http://wiki.apache.org/hadoop/NoRouteToHost,E101,Task: <*> - exited : java.net.NoRouteToHostException: No Route to Host from <*>/<*> to <*>:<*> failed on socket timeout exception: java.net.NoRouteToHostException: No route to host: no further information; For more details see:,,Seen,Hadoop,Similarity-Based,0.5,0.970350972,0.735175486
Task: attempt_1445144423722_0020_m_000002_0 - exited : java.net.NoRouteToHostException: No Route to Host from  MININT-FNANLI5/127.0.0.1 to msra-sa-41:9000 failed on socket timeout exception: java.net.NoRouteToHostException: No route to host: no further information; For more details see:  http://wiki.apache.org/hadoop/NoRouteToHost,E101,Task: <*> - exited : java.net.NoRouteToHostException: No Route to Host from <*>/<*> to <*>:<*> failed on socket timeout exception: java.net.NoRouteToHostException: No route to host: no further information; For more details see:,,Seen,Hadoop,Similarity-Based,0.5,0.970350972,0.735175486
Task: attempt_1445144423722_0020_m_000001_0 - exited : java.net.NoRouteToHostException: No Route to Host from  MININT-FNANLI5/127.0.0.1 to msra-sa-41:9000 failed on socket timeout exception: java.net.NoRouteToHostException: No route to host: no further information; For more details see:  http://wiki.apache.org/hadoop/NoRouteToHost,E101,Task: <*> - exited : java.net.NoRouteToHostException: No Route to Host from <*>/<*> to <*>:<*> failed on socket timeout exception: java.net.NoRouteToHostException: No route to host: no further information; For more details see:,,Seen,Hadoop,Similarity-Based,0.5,0.971113315,0.735556658
task_1445144423722_0020_m_000005 Task Transitioned from NEW to SCHEDULED,E102,<*task_*> Task Transitioned from NEW to SCHEDULED,,Seen,Hadoop,Similarity-Based,0.4,0.782358342,0.591179171
task_1445144423722_0020_m_000000 Task Transitioned from NEW to SCHEDULED,E102,<*> Task Transitioned from <*> to <*>,,Seen,Hadoop,Similarity-Based,0.4,0.7847913,0.59239565
task_1445144423722_0020_m_000009 Task Transitioned from NEW to SCHEDULED,E102,<*task_1445144423722_0020_m_000009*> Task Transitioned from NEW to SCHEDULED,,Seen,Hadoop,Similarity-Based,0.4,0.788153576,0.594076788
task_1445144423722_0020_r_000000 Task Transitioned from NEW to SCHEDULED,E102,<*task_*> Task Transitioned from NEW to SCHEDULED,,Seen,Hadoop,Similarity-Based,0.4,0.77222778,0.58611389
task_1445144423722_0020_m_000002 Task Transitioned from NEW to SCHEDULED,E102,<*task_*> Task Transitioned from NEW to SCHEDULED,,Seen,Hadoop,Similarity-Based,0.4,0.780496299,0.590248149
task_1445144423722_0020_m_000001 Task Transitioned from NEW to SCHEDULED,E102,<*task_*> Task Transitioned from NEW to SCHEDULED,,Seen,Hadoop,Similarity-Based,0.4,0.781414263,0.590707131
task_1445144423722_0020_m_000008 Task Transitioned from NEW to SCHEDULED,E102,<*task_1445144423722_0020_m_000008*> Task Transitioned from NEW to SCHEDULED,,Seen,Hadoop,Similarity-Based,0.4,0.785243482,0.592621741
task_1445144423722_0020_m_000004 Task Transitioned from NEW to SCHEDULED,E102,<*task_1445144423722_0020_m_000004*> Task Transitioned from NEW to SCHEDULED,,Seen,Hadoop,Similarity-Based,0.4,0.78464224,0.59232112
task_1445144423722_0020_m_000007 Task Transitioned from NEW to SCHEDULED,E102,<*task_*> Task Transitioned from NEW to SCHEDULED,,Seen,Hadoop,Similarity-Based,0.4,0.784098502,0.592049251
task_1445144423722_0020_m_000003 Task Transitioned from NEW to SCHEDULED,E102,<*task_1445144423722_0020_m_000003*> Task Transitioned from NEW to SCHEDULED,,Seen,Hadoop,Similarity-Based,0.4,0.780698561,0.590349281
task_1445144423722_0020_m_000003 Task Transitioned from RUNNING to SUCCEEDED,E103,<*> task Transitioned from RUNNING to SUCCEEDED,,Seen,Hadoop,Similarity-Based,0.4,0.754819217,0.577409608
task_1445144423722_0020_m_000003 Task Transitioned from RUNNING to SUCCEEDED,E103,<*> task Transitioned from RUNNING to SUCCEEDED,,Seen,Hadoop,Similarity-Based,0.4,0.754819217,0.577409608
task_1445144423722_0020_m_000003 Task Transitioned from RUNNING to SUCCEEDED,E103,<*> task Transitioned from RUNNING to SUCCEEDED,,Seen,Hadoop,Similarity-Based,0.4,0.754819217,0.577409608
task_1445144423722_0020_m_000003 Task Transitioned from RUNNING to SUCCEEDED,E103,<*> task Transitioned from RUNNING to SUCCEEDED,,Seen,Hadoop,Similarity-Based,0.4,0.754819217,0.577409608
task_1445144423722_0020_m_000003 Task Transitioned from RUNNING to SUCCEEDED,E103,<*> task Transitioned from RUNNING to SUCCEEDED,,Seen,Hadoop,Similarity-Based,0.4,0.754819217,0.577409608
task_1445144423722_0020_m_000003 Task Transitioned from RUNNING to SUCCEEDED,E103,<*> task Transitioned from RUNNING to SUCCEEDED,,Seen,Hadoop,Similarity-Based,0.4,0.754819217,0.577409608
task_1445144423722_0020_m_000003 Task Transitioned from RUNNING to SUCCEEDED,E103,<*> task Transitioned from RUNNING to SUCCEEDED,,Seen,Hadoop,Similarity-Based,0.4,0.754819217,0.577409608
task_1445144423722_0020_m_000003 Task Transitioned from RUNNING to SUCCEEDED,E103,<*> task Transitioned from RUNNING to SUCCEEDED,,Seen,Hadoop,Similarity-Based,0.4,0.754819217,0.577409608
task_1445144423722_0020_m_000003 Task Transitioned from RUNNING to SUCCEEDED,E103,<*> task Transitioned from RUNNING to SUCCEEDED,,Seen,Hadoop,Similarity-Based,0.4,0.754819217,0.577409608
task_1445144423722_0020_m_000003 Task Transitioned from RUNNING to SUCCEEDED,E103,<*> task Transitioned from RUNNING to SUCCEEDED,,Seen,Hadoop,Similarity-Based,0.4,0.754819217,0.577409608
task_1445144423722_0020_m_000006 Task Transitioned from SCHEDULED to RUNNING,E104,<*task_*> Task Transitioned from <*SCHEDULED*> to <*RUNNING*>,,Seen,Hadoop,Similarity-Based,0.4,0.760905554,0.580452777
task_1445144423722_0020_m_000003 Task Transitioned from SCHEDULED to RUNNING,E104,<*> Task Transitioned from <*> to <*>,,Seen,Hadoop,Similarity-Based,0.4,0.758484746,0.579242373
task_1445144423722_0020_m_000007 Task Transitioned from SCHEDULED to RUNNING,E104,<*task_*> Task Transitioned from <*SCHEDULED*> to <*RUNNING*>,,Seen,Hadoop,Similarity-Based,0.4,0.761734037,0.580867019
task_1445144423722_0020_m_000004 Task Transitioned from SCHEDULED to RUNNING,E104,<*task_*> Task Transitioned from <*SCHEDULED*> to <*RUNNING*>,,Seen,Hadoop,Similarity-Based,0.4,0.760844486,0.580422243
task_1445144423722_0020_m_000006 Task Transitioned from SCHEDULED to RUNNING,E104,<*task_*> Task Transitioned from <*SCHEDULED*> to <*RUNNING*>,,Seen,Hadoop,Similarity-Based,0.4,0.760905554,0.580452777
task_1445144423722_0020_m_000009 Task Transitioned from SCHEDULED to RUNNING,E104,<*task_*> Task Transitioned from <*SCHEDULED*> to <*RUNNING*>,,Seen,Hadoop,Similarity-Based,0.4,0.765023141,0.58251157
task_1445144423722_0020_m_000002 Task Transitioned from SCHEDULED to RUNNING,E104,<*> Task Transitioned from <*> to <*>,,Seen,Hadoop,Similarity-Based,0.4,0.7587651,0.57938255
task_1445144423722_0020_m_000006 Task Transitioned from SCHEDULED to RUNNING,E104,<*task_*> Task Transitioned from <*SCHEDULED*> to <*RUNNING*>,,Seen,Hadoop,Similarity-Based,0.4,0.760905554,0.580452777
task_1445144423722_0020_m_000007 Task Transitioned from SCHEDULED to RUNNING,E104,<*task_*> Task Transitioned from <*SCHEDULED*> to <*RUNNING*>,,Seen,Hadoop,Similarity-Based,0.4,0.761734037,0.580867019
task_1445144423722_0020_m_000004 Task Transitioned from SCHEDULED to RUNNING,E104,<*task_*> Task Transitioned from <*SCHEDULED*> to <*RUNNING*>,,Seen,Hadoop,Similarity-Based,0.4,0.760844486,0.580422243
TaskAttempt: [attempt_1445144423722_0020_m_000006_0] using containerId: [container_1445144423722_0020_01_000008 on NM: [MSRA-SA-41.fareast.corp.microsoft.com:7109],E105,TaskAttempt: [<*>>] using containerId: [<*> on NM: [<*>:<*>],,Seen,Hadoop,Similarity-Based,0.533333333,0.893634417,0.713483875
TaskAttempt: [attempt_1445144423722_0020_m_000003_0] using containerId: [container_1445144423722_0020_01_000005 on NM: [MSRA-SA-41.fareast.corp.microsoft.com:7109],E105,TaskAttempt: [<*>>] using containerId: [<*> on NM: [<*>:<*>],,Seen,Hadoop,Similarity-Based,0.533333333,0.894555228,0.713944281
TaskAttempt: [attempt_1445144423722_0020_m_000007_0] using containerId: [container_1445144423722_0020_01_000009 on NM: [MSRA-SA-41.fareast.corp.microsoft.com:7109],E105,TaskAttempt: [<*>>] using containerId: [<*> on NM: [<*>:<*>],,Seen,Hadoop,Similarity-Based,0.533333333,0.893735769,0.713534551
TaskAttempt: [attempt_1445144423722_0020_m_000004_0] using containerId: [container_1445144423722_0020_01_000006 on NM: [MSRA-SA-41.fareast.corp.microsoft.com:7109],E105,TaskAttempt: [<*>>] using containerId: [<*> on NM: [<*>:<*>],,Seen,Hadoop,Similarity-Based,0.533333333,0.893833868,0.713583601
TaskAttempt: [attempt_1445144423722_0020_m_000006_0] using containerId: [container_1445144423722_0020_01_000008 on NM: [MSRA-SA-41.fareast.corp.microsoft.com:7109],E105,TaskAttempt: [<*>>] using containerId: [<*> on NM: [<*>:<*>],,Seen,Hadoop,Similarity-Based,0.533333333,0.893634417,0.713483875
TaskAttempt: [attempt_1445144423722_0020_m_000009_0] using containerId: [container_1445144423722_0020_01_000011 on NM: [MSRA-SA-39.fareast.corp.microsoft.com:28345],E105,TaskAttempt: [<*>>] using containerId: [<*> on NM: [<*>:<*>],,Seen,Hadoop,Similarity-Based,0.533333333,0.89215478,0.712744057
TaskAttempt: [attempt_1445144423722_0020_m_000002_0] using containerId: [container_1445144423722_0020_01_000004 on NM: [MININT-FNANLI5.fareast.corp.microsoft.com:52368],E105,TaskAttempt: [<*>>] using containerId: [<*> on NM: [<*>:<*>],,Seen,Hadoop,Similarity-Based,0.533333333,0.872212187,0.70277276
TaskAttempt: [attempt_1445144423722_0020_m_000006_0] using containerId: [container_1445144423722_0020_01_000008 on NM: [MSRA-SA-41.fareast.corp.microsoft.com:7109],E105,TaskAttempt: [<*>>] using containerId: [<*> on NM: [<*>:<*>],,Seen,Hadoop,Similarity-Based,0.533333333,0.893634417,0.713483875
TaskAttempt: [attempt_1445144423722_0020_m_000007_0] using containerId: [container_1445144423722_0020_01_000009 on NM: [MSRA-SA-41.fareast.corp.microsoft.com:7109],E105,TaskAttempt: [<*>>] using containerId: [<*> on NM: [<*>:<*>],,Seen,Hadoop,Similarity-Based,0.533333333,0.893735769,0.713534551
TaskAttempt: [attempt_1445144423722_0020_m_000004_0] using containerId: [container_1445144423722_0020_01_000006 on NM: [MSRA-SA-41.fareast.corp.microsoft.com:7109],E105,TaskAttempt: [<*>>] using containerId: [<*> on NM: [<*>:<*>],,Seen,Hadoop,Similarity-Based,0.533333333,0.893833868,0.713583601
The job-conf file on the remote FS is /tmp/hadoop-yarn/staging/msrabi/.staging/job_1445144423722_0020/job.xml,E106,The job-conf file on the remote FS is <*>,,Unseen,Hadoop,Similarity-Based,0.5,0.787836199,0.643918099
The job-conf file on the remote FS is /tmp/hadoop-yarn/staging/msrabi/.staging/job_1445144423722_0020/job.xml,E106,The job-conf file on the remote FS is <*>,,Unseen,Hadoop,Similarity-Based,0.5,0.787836199,0.643918099
The job-conf file on the remote FS is /tmp/hadoop-yarn/staging/msrabi/.staging/job_1445144423722_0020/job.xml,E106,The job-conf file on the remote FS is <*>,,Unseen,Hadoop,Similarity-Based,0.5,0.787836199,0.643918099
The job-conf file on the remote FS is /tmp/hadoop-yarn/staging/msrabi/.staging/job_1445144423722_0020/job.xml,E106,The job-conf file on the remote FS is <*>,,Unseen,Hadoop,Similarity-Based,0.5,0.787836199,0.643918099
The job-conf file on the remote FS is /tmp/hadoop-yarn/staging/msrabi/.staging/job_1445144423722_0020/job.xml,E106,The job-conf file on the remote FS is <*>,,Unseen,Hadoop,Similarity-Based,0.5,0.787836199,0.643918099
The job-conf file on the remote FS is /tmp/hadoop-yarn/staging/msrabi/.staging/job_1445144423722_0020/job.xml,E106,The job-conf file on the remote FS is <*>,,Unseen,Hadoop,Similarity-Based,0.5,0.787836199,0.643918099
The job-conf file on the remote FS is /tmp/hadoop-yarn/staging/msrabi/.staging/job_1445144423722_0020/job.xml,E106,The job-conf file on the remote FS is <*>,,Unseen,Hadoop,Similarity-Based,0.5,0.787836199,0.643918099
The job-conf file on the remote FS is /tmp/hadoop-yarn/staging/msrabi/.staging/job_1445144423722_0020/job.xml,E106,The job-conf file on the remote FS is <*>,,Unseen,Hadoop,Similarity-Based,0.5,0.787836199,0.643918099
The job-conf file on the remote FS is /tmp/hadoop-yarn/staging/msrabi/.staging/job_1445144423722_0020/job.xml,E106,The job-conf file on the remote FS is <*>,,Unseen,Hadoop,Similarity-Based,0.5,0.787836199,0.643918099
The job-conf file on the remote FS is /tmp/hadoop-yarn/staging/msrabi/.staging/job_1445144423722_0020/job.xml,E106,The job-conf file on the remote FS is <*>,,Unseen,Hadoop,Similarity-Based,0.5,0.787836199,0.643918099
The job-jar file on the remote FS is hdfs://msra-sa-41:9000/tmp/hadoop-yarn/staging/msrabi/.staging/job_1445144423722_0020/job.jar,E107,The job-jar file on the remote FS is hdfs://<*>,,Seen,Hadoop,Similarity-Based,0.5,0.837815653,0.668907827
The job-jar file on the remote FS is hdfs://msra-sa-41:9000/tmp/hadoop-yarn/staging/msrabi/.staging/job_1445144423722_0020/job.jar,E107,The job-jar file on the remote FS is hdfs://<*>,,Seen,Hadoop,Similarity-Based,0.5,0.837815653,0.668907827
The job-jar file on the remote FS is hdfs://msra-sa-41:9000/tmp/hadoop-yarn/staging/msrabi/.staging/job_1445144423722_0020/job.jar,E107,The job-jar file on the remote FS is hdfs://<*>,,Seen,Hadoop,Similarity-Based,0.5,0.837815653,0.668907827
The job-jar file on the remote FS is hdfs://msra-sa-41:9000/tmp/hadoop-yarn/staging/msrabi/.staging/job_1445144423722_0020/job.jar,E107,The job-jar file on the remote FS is hdfs://<*>,,Seen,Hadoop,Similarity-Based,0.5,0.837815653,0.668907827
The job-jar file on the remote FS is hdfs://msra-sa-41:9000/tmp/hadoop-yarn/staging/msrabi/.staging/job_1445144423722_0020/job.jar,E107,The job-jar file on the remote FS is hdfs://<*>,,Seen,Hadoop,Similarity-Based,0.5,0.837815653,0.668907827
The job-jar file on the remote FS is hdfs://msra-sa-41:9000/tmp/hadoop-yarn/staging/msrabi/.staging/job_1445144423722_0020/job.jar,E107,The job-jar file on the remote FS is hdfs://<*>,,Seen,Hadoop,Similarity-Based,0.5,0.837815653,0.668907827
The job-jar file on the remote FS is hdfs://msra-sa-41:9000/tmp/hadoop-yarn/staging/msrabi/.staging/job_1445144423722_0020/job.jar,E107,The job-jar file on the remote FS is hdfs://<*>,,Seen,Hadoop,Similarity-Based,0.5,0.837815653,0.668907827
The job-jar file on the remote FS is hdfs://msra-sa-41:9000/tmp/hadoop-yarn/staging/msrabi/.staging/job_1445144423722_0020/job.jar,E107,The job-jar file on the remote FS is hdfs://<*>,,Seen,Hadoop,Similarity-Based,0.5,0.837815653,0.668907827
The job-jar file on the remote FS is hdfs://msra-sa-41:9000/tmp/hadoop-yarn/staging/msrabi/.staging/job_1445144423722_0020/job.jar,E107,The job-jar file on the remote FS is hdfs://<*>,,Seen,Hadoop,Similarity-Based,0.5,0.837815653,0.668907827
The job-jar file on the remote FS is hdfs://msra-sa-41:9000/tmp/hadoop-yarn/staging/msrabi/.staging/job_1445144423722_0020/job.jar,E107,The job-jar file on the remote FS is hdfs://<*>,,Seen,Hadoop,Similarity-Based,0.5,0.837815653,0.668907827
"Thread Thread[eventHandlingThread,5,main] threw an Exception.",E108,"Thread Thread[<*>,<*>,main] threw an Exception.",,Seen,Hadoop,Similarity-Based,0.4,0.814427962,0.607213981
"Thread Thread[eventHandlingThread,5,main] threw an Exception.",E108,"Thread Thread[<*>,<*>,main] threw an Exception.",,Seen,Hadoop,Similarity-Based,0.4,0.814427962,0.607213981
"Thread Thread[eventHandlingThread,5,main] threw an Exception.",E108,"Thread Thread[<*>,<*>,main] threw an Exception.",,Seen,Hadoop,Similarity-Based,0.4,0.814427962,0.607213981
"Thread Thread[eventHandlingThread,5,main] threw an Exception.",E108,"Thread Thread[<*>,<*>,main] threw an Exception.",,Seen,Hadoop,Similarity-Based,0.4,0.814427962,0.607213981
"Thread Thread[eventHandlingThread,5,main] threw an Exception.",E108,"Thread Thread[<*>,<*>,main] threw an Exception.",,Seen,Hadoop,Similarity-Based,0.4,0.814427962,0.607213981
"Thread Thread[eventHandlingThread,5,main] threw an Exception.",E108,"Thread Thread[<*>,<*>,main] threw an Exception.",,Seen,Hadoop,Similarity-Based,0.4,0.814427962,0.607213981
"Thread Thread[eventHandlingThread,5,main] threw an Exception.",E108,"Thread Thread[<*>,<*>,main] threw an Exception.",,Seen,Hadoop,Similarity-Based,0.4,0.814427962,0.607213981
"Thread Thread[eventHandlingThread,5,main] threw an Exception.",E108,"Thread Thread[<*>,<*>,main] threw an Exception.",,Seen,Hadoop,Similarity-Based,0.4,0.814427962,0.607213981
"Thread Thread[eventHandlingThread,5,main] threw an Exception.",E108,"Thread Thread[<*>,<*>,main] threw an Exception.",,Seen,Hadoop,Similarity-Based,0.4,0.814427962,0.607213981
"Thread Thread[eventHandlingThread,5,main] threw an Exception.",E108,"Thread Thread[<*>,<*>,main] threw an Exception.",,Seen,Hadoop,Similarity-Based,0.4,0.814427962,0.607213981
Upper limit on the thread pool size is 500,E109,Upper limit on the thread pool size is <*>,,Seen,Hadoop,Similarity-Based,0.4,0.761919175,0.580959587
Upper limit on the thread pool size is 500,E109,Upper limit on the thread pool size is <*>,,Seen,Hadoop,Similarity-Based,0.4,0.761919175,0.580959587
Upper limit on the thread pool size is 500,E109,Upper limit on the thread pool size is <*>,,Seen,Hadoop,Similarity-Based,0.4,0.761919175,0.580959587
Upper limit on the thread pool size is 500,E109,Upper limit on the thread pool size is <*>,,Seen,Hadoop,Similarity-Based,0.4,0.761919175,0.580959587
Upper limit on the thread pool size is 500,E109,Upper limit on the thread pool size is <*>,,Seen,Hadoop,Similarity-Based,0.4,0.761919175,0.580959587
Upper limit on the thread pool size is 500,E109,Upper limit on the thread pool size is <*>,,Seen,Hadoop,Similarity-Based,0.4,0.761919175,0.580959587
Upper limit on the thread pool size is 500,E109,Upper limit on the thread pool size is <*>,,Seen,Hadoop,Similarity-Based,0.4,0.761919175,0.580959587
Upper limit on the thread pool size is 500,E109,Upper limit on the thread pool size is <*>,,Seen,Hadoop,Similarity-Based,0.4,0.761919175,0.580959587
Upper limit on the thread pool size is 500,E109,Upper limit on the thread pool size is <*>,,Seen,Hadoop,Similarity-Based,0.4,0.761919175,0.580959587
Upper limit on the thread pool size is 500,E109,Upper limit on the thread pool size is <*>,,Seen,Hadoop,Similarity-Based,0.4,0.761919175,0.580959587
After Scheduling: PendingReds:0 ScheduledMaps:0 ScheduledReds:1 AssignedMaps:10 AssignedReds:0 CompletedMaps:1 CompletedReds:0 ContAlloc:11 ContRel:1 HostLocal:7 RackLocal:3,E11,After Scheduling: PendingReds:<*> ScheduledMaps:<*> ScheduledReds:<*> AssignedMaps:<*> AssignedReds:<*> CompletedMaps:<*> CompletedReds:<*> ContAlloc:<*> ContRel:<*>,,Unseen,Hadoop,Similarity-Based,0.3,0.870759933,0.585379966
After Scheduling: PendingReds:1 ScheduledMaps:0 ScheduledReds:0 AssignedMaps:10 AssignedReds:0 CompletedMaps:0 CompletedReds:0 ContAlloc:11 ContRel:1 HostLocal:7 RackLocal:3,E11,After Scheduling: PendingReds:<1> ScheduledMaps:<0> ScheduledReds:<0> AssignedMaps:<10> AssignedReds:<0> CompletedMaps:<0> CompletedReds:<0> ContAlloc,,Unseen,Hadoop,Similarity-Based,0.3,0.870199489,0.585099744
After Scheduling: PendingReds:1 ScheduledMaps:9 ScheduledReds:0 AssignedMaps:1 AssignedReds:0 CompletedMaps:0 CompletedReds:0 ContAlloc:1 ContRel:0 HostLocal:0 RackLocal:1,E11,After Scheduling: PendingReds:<1> ScheduledMaps:<9> ScheduledReds:<0> AssignedMaps:<1> AssignedReds:<0> CompletedMaps:<0> CompletedReds:<0> ContAlloc:,,Unseen,Hadoop,Similarity-Based,0.3,0.87184289,0.585921445
After Scheduling: PendingReds:1 ScheduledMaps:0 ScheduledReds:0 AssignedMaps:10 AssignedReds:0 CompletedMaps:0 CompletedReds:0 ContAlloc:10 ContRel:0 HostLocal:7 RackLocal:3,E11,After Scheduling: PendingReds:<1> ScheduledMaps:<0> ScheduledReds:<0> AssignedMaps:<10> AssignedReds:<0> CompletedMaps:<0> CompletedReds:<0> ContAlloc,,Unseen,Hadoop,Similarity-Based,0.3,0.874068768,0.587034384
After Scheduling: PendingReds:1 ScheduledMaps:3 ScheduledReds:0 AssignedMaps:7 AssignedReds:0 CompletedMaps:0 CompletedReds:0 ContAlloc:7 ContRel:0 HostLocal:4 RackLocal:3,E11,After Scheduling: PendingReds:<*> ScheduledMaps:<*> ScheduledReds:<*> AssignedMaps:<*> AssignedReds:<*> CompletedMaps:<*> CompletedReds:<*> ContAlloc:<*> ContRel:<*>,,Unseen,Hadoop,Similarity-Based,0.3,0.861779209,0.580889604
After Scheduling: PendingReds:1 ScheduledMaps:7 ScheduledReds:0 AssignedMaps:3 AssignedReds:0 CompletedMaps:0 CompletedReds:0 ContAlloc:3 ContRel:0 HostLocal:0 RackLocal:3,E11,After Scheduling: PendingReds:<*> ScheduledMaps:<*> ScheduledReds:<*> AssignedMaps:<*> AssignedReds:<*> CompletedMaps:<*> CompletedReds:<*> ContAlloc:<*> ContRel:<*>,,Unseen,Hadoop,Similarity-Based,0.3,0.865315671,0.582657836
After Scheduling: PendingReds:1 ScheduledMaps:8 ScheduledReds:0 AssignedMaps:2 AssignedReds:0 CompletedMaps:0 CompletedReds:0 ContAlloc:2 ContRel:0 HostLocal:0 RackLocal:2,E11,After Scheduling: PendingReds:<*> ScheduledMaps:<*> ScheduledReds:<*> AssignedMaps:<*> AssignedReds:<*> CompletedMaps:<*> CompletedReds:<*> ContAlloc:<*> ContRel:<*>,,Unseen,Hadoop,Similarity-Based,0.3,0.866397162,0.583198581
After Scheduling: PendingReds:0 ScheduledMaps:1 ScheduledReds:1 AssignedMaps:9 AssignedReds:0 CompletedMaps:1 CompletedReds:0 ContAlloc:11 ContRel:1 HostLocal:7 RackLocal:3,E11,After Scheduling: PendingReds:<*> ScheduledMaps:<*> ScheduledReds:<*> AssignedMaps:<*> AssignedReds:<*> CompletedMaps:<*> CompletedReds:<*> ContAlloc:<*> ContRel:<*>,,Unseen,Hadoop,Similarity-Based,0.3,0.86384717,0.581923585
After Scheduling: PendingReds:1 ScheduledMaps:4 ScheduledReds:0 AssignedMaps:6 AssignedReds:0 CompletedMaps:0 CompletedReds:0 ContAlloc:6 ContRel:0 HostLocal:3 RackLocal:3,E11,After Scheduling: PendingReds:<*> ScheduledMaps:<*> ScheduledReds:<*> AssignedMaps:<*> AssignedReds:<*> CompletedMaps:<*> CompletedReds:<*> ContAlloc:<*> ContRel:<*>,,Unseen,Hadoop,Similarity-Based,0.3,0.859697821,0.579848911
After Scheduling: PendingReds:1 ScheduledMaps:1 ScheduledReds:0 AssignedMaps:9 AssignedReds:0 CompletedMaps:0 CompletedReds:0 ContAlloc:9 ContRel:0 HostLocal:6 RackLocal:3,E11,After Scheduling: PendingReds:<1> ScheduledMaps:<1> ScheduledReds:<0> AssignedMaps:<9> AssignedReds:<0> CompletedMaps:<0> CompletedReds:<0> ContAlloc:,,Unseen,Hadoop,Similarity-Based,0.3,0.867670727,0.583835364
Using callQueue class java.util.concurrent.LinkedBlockingQueue,E110,Using callQueue class <*>,,Unseen,Hadoop,Rule-Based,0.3,0,0.15
Using callQueue class java.util.concurrent.LinkedBlockingQueue,E110,Using callQueue class <*>,,Unseen,Hadoop,Rule-Based,0.3,0,0.15
Using callQueue class java.util.concurrent.LinkedBlockingQueue,E110,Using callQueue class <*>,,Unseen,Hadoop,Rule-Based,0.3,0,0.15
Using callQueue class java.util.concurrent.LinkedBlockingQueue,E110,Using callQueue class <*>,,Unseen,Hadoop,Rule-Based,0.3,0,0.15
Using callQueue class java.util.concurrent.LinkedBlockingQueue,E110,Using callQueue class <*>,,Unseen,Hadoop,Rule-Based,0.3,0,0.15
Using callQueue class java.util.concurrent.LinkedBlockingQueue,E110,Using callQueue class <*>,,Unseen,Hadoop,Rule-Based,0.3,0,0.15
Using callQueue class java.util.concurrent.LinkedBlockingQueue,E110,Using callQueue class <*>,,Unseen,Hadoop,Rule-Based,0.3,0,0.15
Using callQueue class java.util.concurrent.LinkedBlockingQueue,E110,Using callQueue class <*>,,Unseen,Hadoop,Rule-Based,0.3,0,0.15
Using callQueue class java.util.concurrent.LinkedBlockingQueue,E110,Using callQueue class <*>,,Unseen,Hadoop,Rule-Based,0.3,0,0.15
Using callQueue class java.util.concurrent.LinkedBlockingQueue,E110,Using callQueue class <*>,,Unseen,Hadoop,Rule-Based,0.3,0,0.15
Using mapred newApiCommitter.,E111,Using mapred newApiCommitter.,,Unseen,Hadoop,Rule-Based,0.3,0,0.15
Using mapred newApiCommitter.,E111,Using mapred newApiCommitter.,,Unseen,Hadoop,Rule-Based,0.3,0,0.15
Using mapred newApiCommitter.,E111,Using mapred newApiCommitter.,,Unseen,Hadoop,Rule-Based,0.3,0,0.15
Using mapred newApiCommitter.,E111,Using mapred newApiCommitter.,,Unseen,Hadoop,Rule-Based,0.3,0,0.15
Using mapred newApiCommitter.,E111,Using mapred newApiCommitter.,,Unseen,Hadoop,Rule-Based,0.3,0,0.15
Using mapred newApiCommitter.,E111,Using mapred newApiCommitter.,,Unseen,Hadoop,Rule-Based,0.3,0,0.15
Using mapred newApiCommitter.,E111,Using mapred newApiCommitter.,,Unseen,Hadoop,Rule-Based,0.3,0,0.15
Using mapred newApiCommitter.,E111,Using mapred newApiCommitter.,,Unseen,Hadoop,Rule-Based,0.3,0,0.15
Using mapred newApiCommitter.,E111,Using mapred newApiCommitter.,,Unseen,Hadoop,Rule-Based,0.3,0,0.15
Using mapred newApiCommitter.,E111,Using mapred newApiCommitter.,,Unseen,Hadoop,Rule-Based,0.3,0,0.15
We launched 1 speculations.  Sleeping 15000 milliseconds.,E112,We launched <*> speculations. Sleeping <*> milliseconds.,,Seen,Hadoop,Similarity-Based,0.4,0.845510754,0.622755377
We launched 1 speculations.  Sleeping 15000 milliseconds.,E112,We launched <*> speculations. Sleeping <*> milliseconds.,,Seen,Hadoop,Similarity-Based,0.4,0.845510754,0.622755377
We launched 1 speculations.  Sleeping 15000 milliseconds.,E112,We launched <*> speculations. Sleeping <*> milliseconds.,,Seen,Hadoop,Similarity-Based,0.4,0.845510754,0.622755377
We launched 1 speculations.  Sleeping 15000 milliseconds.,E112,We launched <*> speculations. Sleeping <*> milliseconds.,,Seen,Hadoop,Similarity-Based,0.4,0.845510754,0.622755377
We launched 1 speculations.  Sleeping 15000 milliseconds.,E112,We launched <*> speculations. Sleeping <*> milliseconds.,,Seen,Hadoop,Similarity-Based,0.4,0.845510754,0.622755377
We launched 1 speculations.  Sleeping 15000 milliseconds.,E112,We launched <*> speculations. Sleeping <*> milliseconds.,,Seen,Hadoop,Similarity-Based,0.4,0.845510754,0.622755377
We launched 1 speculations.  Sleeping 15000 milliseconds.,E112,We launched <*> speculations. Sleeping <*> milliseconds.,,Seen,Hadoop,Similarity-Based,0.4,0.845510754,0.622755377
We launched 1 speculations.  Sleeping 15000 milliseconds.,E112,We launched <*> speculations. Sleeping <*> milliseconds.,,Seen,Hadoop,Similarity-Based,0.4,0.845510754,0.622755377
We launched 1 speculations.  Sleeping 15000 milliseconds.,E112,We launched <*> speculations. Sleeping <*> milliseconds.,,Seen,Hadoop,Similarity-Based,0.4,0.845510754,0.622755377
We launched 1 speculations.  Sleeping 15000 milliseconds.,E112,We launched <*> speculations. Sleeping <*> milliseconds.,,Seen,Hadoop,Similarity-Based,0.4,0.845510754,0.622755377
Web app /mapreduce started at 62267,E113,Web app <*> started at <*>,,Seen,Hadoop,Similarity-Based,0.5,0.872343528,0.686171764
Web app /mapreduce started at 62267,E113,Web app <*> started at <*>,,Seen,Hadoop,Similarity-Based,0.5,0.872343528,0.686171764
Web app /mapreduce started at 62267,E113,Web app <*> started at <*>,,Seen,Hadoop,Similarity-Based,0.5,0.872343528,0.686171764
Web app /mapreduce started at 62267,E113,Web app <*> started at <*>,,Seen,Hadoop,Similarity-Based,0.5,0.872343528,0.686171764
Web app /mapreduce started at 62267,E113,Web app <*> started at <*>,,Seen,Hadoop,Similarity-Based,0.5,0.872343528,0.686171764
Web app /mapreduce started at 62267,E113,Web app <*> started at <*>,,Seen,Hadoop,Similarity-Based,0.5,0.872343528,0.686171764
Web app /mapreduce started at 62267,E113,Web app <*> started at <*>,,Seen,Hadoop,Similarity-Based,0.5,0.872343528,0.686171764
Web app /mapreduce started at 62267,E113,Web app <*> started at <*>,,Seen,Hadoop,Similarity-Based,0.5,0.872343528,0.686171764
Web app /mapreduce started at 62267,E113,Web app <*> started at <*>,,Seen,Hadoop,Similarity-Based,0.5,0.872343528,0.686171764
Web app /mapreduce started at 62267,E113,Web app <*> started at <*>,,Seen,Hadoop,Similarity-Based,0.5,0.872343528,0.686171764
yarn.client.max-cached-nodemanagers-proxies : 0,E114,yarn.client.max-cached-nodemanagers-proxies : <*>,,Seen,Hadoop,Similarity-Based,0.4,0.93281173,0.666405865
yarn.client.max-cached-nodemanagers-proxies : 0,E114,yarn.client.max-cached-nodemanagers-proxies : <*>,,Seen,Hadoop,Similarity-Based,0.4,0.93281173,0.666405865
yarn.client.max-cached-nodemanagers-proxies : 0,E114,yarn.client.max-cached-nodemanagers-proxies : <*>,,Seen,Hadoop,Similarity-Based,0.4,0.93281173,0.666405865
yarn.client.max-cached-nodemanagers-proxies : 0,E114,yarn.client.max-cached-nodemanagers-proxies : <*>,,Seen,Hadoop,Similarity-Based,0.4,0.93281173,0.666405865
yarn.client.max-cached-nodemanagers-proxies : 0,E114,yarn.client.max-cached-nodemanagers-proxies : <*>,,Seen,Hadoop,Similarity-Based,0.4,0.93281173,0.666405865
yarn.client.max-cached-nodemanagers-proxies : 0,E114,yarn.client.max-cached-nodemanagers-proxies : <*>,,Seen,Hadoop,Similarity-Based,0.4,0.93281173,0.666405865
yarn.client.max-cached-nodemanagers-proxies : 0,E114,yarn.client.max-cached-nodemanagers-proxies : <*>,,Seen,Hadoop,Similarity-Based,0.4,0.93281173,0.666405865
yarn.client.max-cached-nodemanagers-proxies : 0,E114,yarn.client.max-cached-nodemanagers-proxies : <*>,,Seen,Hadoop,Similarity-Based,0.4,0.93281173,0.666405865
yarn.client.max-cached-nodemanagers-proxies : 0,E114,yarn.client.max-cached-nodemanagers-proxies : <*>,,Seen,Hadoop,Similarity-Based,0.4,0.93281173,0.666405865
yarn.client.max-cached-nodemanagers-proxies : 0,E114,yarn.client.max-cached-nodemanagers-proxies : <*>,,Seen,Hadoop,Similarity-Based,0.4,0.93281173,0.666405865
All maps assigned. Ramping up all remaining reduces:1,E12,All maps assigned. Ramping up all remaining reduces:<*>,,Unseen,Hadoop,Rule-Based,0.3,0,0.15
All maps assigned. Ramping up all remaining reduces:1,E12,All maps assigned. Ramping up all remaining reduces:<*>,,Unseen,Hadoop,Rule-Based,0.3,0,0.15
All maps assigned. Ramping up all remaining reduces:1,E12,All maps assigned. Ramping up all remaining reduces:<*>,,Unseen,Hadoop,Rule-Based,0.3,0,0.15
All maps assigned. Ramping up all remaining reduces:1,E12,All maps assigned. Ramping up all remaining reduces:<*>,,Unseen,Hadoop,Rule-Based,0.3,0,0.15
All maps assigned. Ramping up all remaining reduces:1,E12,All maps assigned. Ramping up all remaining reduces:<*>,,Unseen,Hadoop,Rule-Based,0.3,0,0.15
All maps assigned. Ramping up all remaining reduces:1,E12,All maps assigned. Ramping up all remaining reduces:<*>,,Unseen,Hadoop,Rule-Based,0.3,0,0.15
All maps assigned. Ramping up all remaining reduces:1,E12,All maps assigned. Ramping up all remaining reduces:<*>,,Unseen,Hadoop,Rule-Based,0.3,0,0.15
All maps assigned. Ramping up all remaining reduces:1,E12,All maps assigned. Ramping up all remaining reduces:<*>,,Unseen,Hadoop,Rule-Based,0.3,0,0.15
All maps assigned. Ramping up all remaining reduces:1,E12,All maps assigned. Ramping up all remaining reduces:<*>,,Unseen,Hadoop,Rule-Based,0.3,0,0.15
All maps assigned. Ramping up all remaining reduces:1,E12,All maps assigned. Ramping up all remaining reduces:<*>,,Unseen,Hadoop,Rule-Based,0.3,0,0.15
Assigned container container_1445144423722_0020_01_000008 to attempt_1445144423722_0020_m_000006_0,E13,ServerContainer <*> to attempt <*>,,Unseen,Hadoop,Rule-Based,0.4,0,0.2
Assigned container container_1445144423722_0020_01_000005 to attempt_1445144423722_0020_m_000003_0,E13,ServerContainer <*> to attempt <*>,,Unseen,Hadoop,Rule-Based,0.4,0,0.2
Assigned container container_1445144423722_0020_01_000009 to attempt_1445144423722_0020_m_000007_0,E13,ServerContainer <*> to attempt <*>,,Unseen,Hadoop,Rule-Based,0.4,0,0.2
Assigned container container_1445144423722_0020_01_000006 to attempt_1445144423722_0020_m_000004_0,E13,ServerContainer <*> to attempt <*>,,Unseen,Hadoop,Rule-Based,0.4,0,0.2
Assigned container container_1445144423722_0020_01_000008 to attempt_1445144423722_0020_m_000006_0,E13,ServerContainer <*> to attempt <*>,,Unseen,Hadoop,Rule-Based,0.4,0,0.2
Assigned container container_1445144423722_0020_01_000011 to attempt_1445144423722_0020_m_000009_0,E13,ServerContainer <*> to attempt <*>,,Unseen,Hadoop,Rule-Based,0.4,0,0.2
Assigned container container_1445144423722_0020_01_000004 to attempt_1445144423722_0020_m_000002_0,E13,ServerContainer <*> to attempt <*>,,Unseen,Hadoop,Rule-Based,0.4,0,0.2
Assigned container container_1445144423722_0020_01_000008 to attempt_1445144423722_0020_m_000006_0,E13,ServerContainer <*> to attempt <*>,,Unseen,Hadoop,Rule-Based,0.4,0,0.2
Assigned container container_1445144423722_0020_01_000009 to attempt_1445144423722_0020_m_000007_0,E13,ServerContainer <*> to attempt <*>,,Unseen,Hadoop,Rule-Based,0.4,0,0.2
Assigned container container_1445144423722_0020_01_000006 to attempt_1445144423722_0020_m_000004_0,E13,ServerContainer <*> to attempt <*>,,Unseen,Hadoop,Rule-Based,0.4,0,0.2
attempt_1445144423722_0020_m_000006_0 TaskAttempt Transitioned from ASSIGNED to RUNNING,E14,<1445144423722>_<0020>_m_<000006>_0 TaskAttempt Transitioned from <ASSIGNED> to <RUNNING>,,Unseen,Hadoop,Similarity-Based,0.4,0.724301181,0.562150591
attempt_1445144423722_0020_m_000003_0 TaskAttempt Transitioned from ASSIGNED to RUNNING,E14,<*>attempt_<*>_<*>_m_<*>_0 TaskAttempt Transitioned from <*> to <*>,,Unseen,Hadoop,Similarity-Based,0.4,0.724138106,0.562069053
attempt_1445144423722_0020_m_000007_0 TaskAttempt Transitioned from ASSIGNED to RUNNING,E14,<1445144423722>_<0020>_m_<000007>_0 TaskAttempt Transitioned from <ASSIGNED> to <RUNNING>,,Unseen,Hadoop,Similarity-Based,0.4,0.724261752,0.562130876
attempt_1445144423722_0020_m_000004_0 TaskAttempt Transitioned from ASSIGNED to RUNNING,E14,<1445144423722>_<0020>_m_<000004>_0 TaskAttempt Transitioned from <ASSIGNED> to <RUNNING>,,Unseen,Hadoop,Similarity-Based,0.4,0.723256025,0.561628012
attempt_1445144423722_0020_m_000006_0 TaskAttempt Transitioned from ASSIGNED to RUNNING,E14,<1445144423722>_<0020>_m_<000006>_0 TaskAttempt Transitioned from <ASSIGNED> to <RUNNING>,,Unseen,Hadoop,Similarity-Based,0.4,0.724301181,0.562150591
attempt_1445144423722_0020_m_000009_0 TaskAttempt Transitioned from ASSIGNED to RUNNING,E14,<1445144423722>_<0020>_m_<000009>_0 TaskAttempt Transitioned from <ASSIGNED> to <RUNNING>,,Unseen,Hadoop,Similarity-Based,0.4,0.725321919,0.56266096
attempt_1445144423722_0020_m_000002_0 TaskAttempt Transitioned from ASSIGNED to RUNNING,E14,<*>attempt_<*>_<*>_m_<*>_0 TaskAttempt Transitioned from <*> to <*>,,Unseen,Hadoop,Similarity-Based,0.4,0.722808053,0.561404027
attempt_1445144423722_0020_m_000006_0 TaskAttempt Transitioned from ASSIGNED to RUNNING,E14,<1445144423722>_<0020>_m_<000006>_0 TaskAttempt Transitioned from <ASSIGNED> to <RUNNING>,,Unseen,Hadoop,Similarity-Based,0.4,0.724301181,0.562150591
attempt_1445144423722_0020_m_000007_0 TaskAttempt Transitioned from ASSIGNED to RUNNING,E14,<1445144423722>_<0020>_m_<000007>_0 TaskAttempt Transitioned from <ASSIGNED> to <RUNNING>,,Unseen,Hadoop,Similarity-Based,0.4,0.724261752,0.562130876
attempt_1445144423722_0020_m_000004_0 TaskAttempt Transitioned from ASSIGNED to RUNNING,E14,<1445144423722>_<0020>_m_<000004>_0 TaskAttempt Transitioned from <ASSIGNED> to <RUNNING>,,Unseen,Hadoop,Similarity-Based,0.4,0.723256025,0.561628012
attempt_1445144423722_0020_m_000002_0 TaskAttempt Transitioned from FAIL_CONTAINER_CLEANUP to FAIL_TASK_CLEANUP,E15,<*> attempt_<*>_<*>_<*>_<*>_<*> TaskAttempt Transitioned from FAIL_<*>_CLEANUP to FAIL_<*>_CLEANUP,,Unseen,Hadoop,Similarity-Based,0.4,0.824905419,0.61245271
attempt_1445144423722_0020_m_000001_0 TaskAttempt Transitioned from FAIL_CONTAINER_CLEANUP to FAIL_TASK_CLEANUP,E15,<*> attempt_<*>_<*>_<*>_<*>_<*> TaskAttempt Transitioned from FAIL_CONTAINER_CLEANUP to FAIL_TASK_CLEANUP,,Unseen,Hadoop,Similarity-Based,0.4,0.82464844,0.61232422
attempt_1445144423722_0020_m_000002_0 TaskAttempt Transitioned from FAIL_CONTAINER_CLEANUP to FAIL_TASK_CLEANUP,E15,<*> attempt_<*>_<*>_<*>_<*>_<*> TaskAttempt Transitioned from FAIL_<*>_CLEANUP to FAIL_<*>_CLEANUP,,Unseen,Hadoop,Similarity-Based,0.4,0.824905419,0.61245271
attempt_1445144423722_0020_m_000002_0 TaskAttempt Transitioned from FAIL_CONTAINER_CLEANUP to FAIL_TASK_CLEANUP,E15,<*> attempt_<*>_<*>_<*>_<*>_<*> TaskAttempt Transitioned from FAIL_<*>_CLEANUP to FAIL_<*>_CLEANUP,,Unseen,Hadoop,Similarity-Based,0.4,0.824905419,0.61245271
attempt_1445144423722_0020_m_000002_0 TaskAttempt Transitioned from FAIL_CONTAINER_CLEANUP to FAIL_TASK_CLEANUP,E15,<*> attempt_<*>_<*>_<*>_<*>_<*> TaskAttempt Transitioned from FAIL_<*>_CLEANUP to FAIL_<*>_CLEANUP,,Unseen,Hadoop,Similarity-Based,0.4,0.824905419,0.61245271
attempt_1445144423722_0020_m_000001_0 TaskAttempt Transitioned from FAIL_CONTAINER_CLEANUP to FAIL_TASK_CLEANUP,E15,<*> attempt_<*>_<*>_<*>_<*>_<*> TaskAttempt Transitioned from FAIL_CONTAINER_CLEANUP to FAIL_TASK_CLEANUP,,Unseen,Hadoop,Similarity-Based,0.4,0.82464844,0.61232422
attempt_1445144423722_0020_m_000002_0 TaskAttempt Transitioned from FAIL_CONTAINER_CLEANUP to FAIL_TASK_CLEANUP,E15,<*> attempt_<*>_<*>_<*>_<*>_<*> TaskAttempt Transitioned from FAIL_<*>_CLEANUP to FAIL_<*>_CLEANUP,,Unseen,Hadoop,Similarity-Based,0.4,0.824905419,0.61245271
attempt_1445144423722_0020_m_000002_0 TaskAttempt Transitioned from FAIL_CONTAINER_CLEANUP to FAIL_TASK_CLEANUP,E15,<*> attempt_<*>_<*>_<*>_<*>_<*> TaskAttempt Transitioned from FAIL_<*>_CLEANUP to FAIL_<*>_CLEANUP,,Unseen,Hadoop,Similarity-Based,0.4,0.824905419,0.61245271
attempt_1445144423722_0020_m_000002_0 TaskAttempt Transitioned from FAIL_CONTAINER_CLEANUP to FAIL_TASK_CLEANUP,E15,<*> attempt_<*>_<*>_<*>_<*>_<*> TaskAttempt Transitioned from FAIL_<*>_CLEANUP to FAIL_<*>_CLEANUP,,Unseen,Hadoop,Similarity-Based,0.4,0.824905419,0.61245271
attempt_1445144423722_0020_m_000001_0 TaskAttempt Transitioned from FAIL_CONTAINER_CLEANUP to FAIL_TASK_CLEANUP,E15,<*> attempt_<*>_<*>_<*>_<*>_<*> TaskAttempt Transitioned from FAIL_CONTAINER_CLEANUP to FAIL_TASK_CLEANUP,,Unseen,Hadoop,Similarity-Based,0.4,0.82464844,0.61232422
attempt_1445144423722_0020_m_000002_0 TaskAttempt Transitioned from FAIL_TASK_CLEANUP to FAILED,E16,<*> attempt_<*>_<*>_<*>_<*>_<*>_<*>_<*>_<*>_<*> TaskAttempt Transitioned from FAIL_TASK_CLEANUP to FAILED,,Seen,Hadoop,Similarity-Based,0.4,0.821514584,0.610757292
attempt_1445144423722_0020_m_000001_0 TaskAttempt Transitioned from FAIL_TASK_CLEANUP to FAILED,E16,<*> attempt_<*>_<*>_<*>_<*>_<*>_0 TaskAttempt Transitioned from FAIL_TASK_CLEANUP to FAILED,,Seen,Hadoop,Similarity-Based,0.4,0.820124472,0.610062236
attempt_1445144423722_0020_m_000002_0 TaskAttempt Transitioned from FAIL_TASK_CLEANUP to FAILED,E16,<*> attempt_<*>_<*>_<*>_<*>_<*>_<*>_<*>_<*>_<*> TaskAttempt Transitioned from FAIL_TASK_CLEANUP to FAILED,,Seen,Hadoop,Similarity-Based,0.4,0.821514584,0.610757292
attempt_1445144423722_0020_m_000002_0 TaskAttempt Transitioned from FAIL_TASK_CLEANUP to FAILED,E16,<*> attempt_<*>_<*>_<*>_<*>_<*>_<*>_<*>_<*>_<*> TaskAttempt Transitioned from FAIL_TASK_CLEANUP to FAILED,,Seen,Hadoop,Similarity-Based,0.4,0.821514584,0.610757292
attempt_1445144423722_0020_m_000002_0 TaskAttempt Transitioned from FAIL_TASK_CLEANUP to FAILED,E16,<*> attempt_<*>_<*>_<*>_<*>_<*>_<*>_<*>_<*>_<*> TaskAttempt Transitioned from FAIL_TASK_CLEANUP to FAILED,,Seen,Hadoop,Similarity-Based,0.4,0.821514584,0.610757292
attempt_1445144423722_0020_m_000001_0 TaskAttempt Transitioned from FAIL_TASK_CLEANUP to FAILED,E16,<*> attempt_<*>_<*>_<*>_<*>_<*>_0 TaskAttempt Transitioned from FAIL_TASK_CLEANUP to FAILED,,Seen,Hadoop,Similarity-Based,0.4,0.820124472,0.610062236
attempt_1445144423722_0020_m_000002_0 TaskAttempt Transitioned from FAIL_TASK_CLEANUP to FAILED,E16,<*> attempt_<*>_<*>_<*>_<*>_<*>_<*>_<*>_<*>_<*> TaskAttempt Transitioned from FAIL_TASK_CLEANUP to FAILED,,Seen,Hadoop,Similarity-Based,0.4,0.821514584,0.610757292
attempt_1445144423722_0020_m_000002_0 TaskAttempt Transitioned from FAIL_TASK_CLEANUP to FAILED,E16,<*> attempt_<*>_<*>_<*>_<*>_<*>_<*>_<*>_<*>_<*> TaskAttempt Transitioned from FAIL_TASK_CLEANUP to FAILED,,Seen,Hadoop,Similarity-Based,0.4,0.821514584,0.610757292
attempt_1445144423722_0020_m_000002_0 TaskAttempt Transitioned from FAIL_TASK_CLEANUP to FAILED,E16,<*> attempt_<*>_<*>_<*>_<*>_<*>_<*>_<*>_<*>_<*> TaskAttempt Transitioned from FAIL_TASK_CLEANUP to FAILED,,Seen,Hadoop,Similarity-Based,0.4,0.821514584,0.610757292
attempt_1445144423722_0020_m_000001_0 TaskAttempt Transitioned from FAIL_TASK_CLEANUP to FAILED,E16,<*> attempt_<*>_<*>_<*>_<*>_<*>_0 TaskAttempt Transitioned from FAIL_TASK_CLEANUP to FAILED,,Seen,Hadoop,Similarity-Based,0.4,0.820124472,0.610062236
attempt_1445144423722_0020_m_000009_0 TaskAttempt Transitioned from NEW to UNASSIGNED,E17,<1445144423722>_<0020>_m_<000009>_0 TaskAttempt Transitioned from NEW to UNASSIGNED,,Unseen,Hadoop,Similarity-Based,0.4,0.7790208,0.5895104
attempt_1445144423722_0020_m_000000_1 TaskAttempt Transitioned from NEW to UNASSIGNED,E17,<*>attempt_<*>_<*>_<*>_<*>_<*> TaskAttempt Transitioned from NEW to UNASSIGNED,,Unseen,Hadoop,Similarity-Based,0.4,0.77415791,0.587078955
attempt_1445144423722_0020_m_000000_0 TaskAttempt Transitioned from NEW to UNASSIGNED,E17,<*>attempt_<*>_<*>_<*>_<*>_0 TaskAttempt Transitioned from NEW to UNASSIGNED,,Unseen,Hadoop,Similarity-Based,0.4,0.779881699,0.589940849
attempt_1445144423722_0020_m_000002_1 TaskAttempt Transitioned from NEW to UNASSIGNED,E17,<*>attempt_<*>_<*>_<*>_<*>_<*>_<*> TaskAttempt Transitioned from NEW to UNASSIGNED,,Unseen,Hadoop,Similarity-Based,0.4,0.770312465,0.585156233
attempt_1445144423722_0020_m_000005_0 TaskAttempt Transitioned from NEW to UNASSIGNED,E17,<1445144423722>_<0020>_m_<000005>_0 TaskAttempt Transitioned from NEW to UNASSIGNED,,Unseen,Hadoop,Similarity-Based,0.4,0.778621254,0.589310627
attempt_1445144423722_0020_m_000008_0 TaskAttempt Transitioned from NEW to UNASSIGNED,E17,<1445144423722>_<0020>_m_<000008>_0 TaskAttempt Transitioned from NEW to UNASSIGNED,,Unseen,Hadoop,Similarity-Based,0.4,0.77985486,0.58992743
attempt_1445144423722_0020_m_000002_0 TaskAttempt Transitioned from NEW to UNASSIGNED,E17,<*>attempt_<*>_<*>_<*>_<*>_<*>_0 TaskAttempt Transitioned from NEW to UNASSIGNED,,Unseen,Hadoop,Similarity-Based,0.4,0.777965693,0.588982846
attempt_1445144423722_0020_m_000001_0 TaskAttempt Transitioned from NEW to UNASSIGNED,E17,<1445144423722>_<0020>_m_<000001>_0 TaskAttempt Transitioned from NEW to UNASSIGNED,,Unseen,Hadoop,Similarity-Based,0.4,0.775820569,0.587910284
attempt_1445144423722_0020_m_000001_1 TaskAttempt Transitioned from NEW to UNASSIGNED,E17,<*>attempt_<*>_<*>_<*>_<*>_<*> TaskAttempt Transitioned from NEW to UNASSIGNED,,Unseen,Hadoop,Similarity-Based,0.4,0.767475441,0.583737721
attempt_1445144423722_0020_m_000004_0 TaskAttempt Transitioned from NEW to UNASSIGNED,E17,<1445144423722>_<0020>_m_<000004>_0 TaskAttempt Transitioned from NEW to UNASSIGNED,,Unseen,Hadoop,Similarity-Based,0.4,0.777793504,0.588896752
attempt_1445144423722_0020_m_000002_0 TaskAttempt Transitioned from RUNNING to FAIL_CONTAINER_CLEANUP,E18,<*> TaskAttempt Transitioned from RUNNING to FAIL_<*>_CLEANUP,,Unseen,Hadoop,Similarity-Based,0.4,0.816336682,0.608168341
attempt_1445144423722_0020_m_000001_0 TaskAttempt Transitioned from RUNNING to FAIL_CONTAINER_CLEANUP,E18,<*> TaskAttempt Transitioned from RUNNING to FAIL_CONTAINER_CLEANUP,,Unseen,Hadoop,Similarity-Based,0.4,0.816222487,0.608111244
attempt_1445144423722_0020_m_000002_0 TaskAttempt Transitioned from RUNNING to FAIL_CONTAINER_CLEANUP,E18,<*> TaskAttempt Transitioned from RUNNING to FAIL_<*>_CLEANUP,,Unseen,Hadoop,Similarity-Based,0.4,0.816336682,0.608168341
attempt_1445144423722_0020_m_000002_0 TaskAttempt Transitioned from RUNNING to FAIL_CONTAINER_CLEANUP,E18,<*> TaskAttempt Transitioned from RUNNING to FAIL_<*>_CLEANUP,,Unseen,Hadoop,Similarity-Based,0.4,0.816336682,0.608168341
attempt_1445144423722_0020_m_000002_0 TaskAttempt Transitioned from RUNNING to FAIL_CONTAINER_CLEANUP,E18,<*> TaskAttempt Transitioned from RUNNING to FAIL_<*>_CLEANUP,,Unseen,Hadoop,Similarity-Based,0.4,0.816336682,0.608168341
attempt_1445144423722_0020_m_000001_0 TaskAttempt Transitioned from RUNNING to FAIL_CONTAINER_CLEANUP,E18,<*> TaskAttempt Transitioned from RUNNING to FAIL_CONTAINER_CLEANUP,,Unseen,Hadoop,Similarity-Based,0.4,0.816222487,0.608111244
attempt_1445144423722_0020_m_000002_0 TaskAttempt Transitioned from RUNNING to FAIL_CONTAINER_CLEANUP,E18,<*> TaskAttempt Transitioned from RUNNING to FAIL_<*>_CLEANUP,,Unseen,Hadoop,Similarity-Based,0.4,0.816336682,0.608168341
attempt_1445144423722_0020_m_000002_0 TaskAttempt Transitioned from RUNNING to FAIL_CONTAINER_CLEANUP,E18,<*> TaskAttempt Transitioned from RUNNING to FAIL_<*>_CLEANUP,,Unseen,Hadoop,Similarity-Based,0.4,0.816336682,0.608168341
attempt_1445144423722_0020_m_000002_0 TaskAttempt Transitioned from RUNNING to FAIL_CONTAINER_CLEANUP,E18,<*> TaskAttempt Transitioned from RUNNING to FAIL_<*>_CLEANUP,,Unseen,Hadoop,Similarity-Based,0.4,0.816336682,0.608168341
attempt_1445144423722_0020_m_000001_0 TaskAttempt Transitioned from RUNNING to FAIL_CONTAINER_CLEANUP,E18,<*> TaskAttempt Transitioned from RUNNING to FAIL_CONTAINER_CLEANUP,,Unseen,Hadoop,Similarity-Based,0.4,0.816222487,0.608111244
attempt_1445144423722_0020_m_000003_0 TaskAttempt Transitioned from RUNNING to SUCCESS_CONTAINER_CLEANUP,E19,<*> TaskAttempt Transitioned from RUNNING to SUCCESS_CONTAINER_CLEANUP,,Seen,Hadoop,Similarity-Based,0.4,0.815243503,0.607621752
attempt_1445144423722_0020_m_000003_0 TaskAttempt Transitioned from RUNNING to SUCCESS_CONTAINER_CLEANUP,E19,<*> TaskAttempt Transitioned from RUNNING to SUCCESS_CONTAINER_CLEANUP,,Seen,Hadoop,Similarity-Based,0.4,0.815243503,0.607621752
attempt_1445144423722_0020_m_000003_0 TaskAttempt Transitioned from RUNNING to SUCCESS_CONTAINER_CLEANUP,E19,<*> TaskAttempt Transitioned from RUNNING to SUCCESS_CONTAINER_CLEANUP,,Seen,Hadoop,Similarity-Based,0.4,0.815243503,0.607621752
attempt_1445144423722_0020_m_000003_0 TaskAttempt Transitioned from RUNNING to SUCCESS_CONTAINER_CLEANUP,E19,<*> TaskAttempt Transitioned from RUNNING to SUCCESS_CONTAINER_CLEANUP,,Seen,Hadoop,Similarity-Based,0.4,0.815243503,0.607621752
attempt_1445144423722_0020_m_000003_0 TaskAttempt Transitioned from RUNNING to SUCCESS_CONTAINER_CLEANUP,E19,<*> TaskAttempt Transitioned from RUNNING to SUCCESS_CONTAINER_CLEANUP,,Seen,Hadoop,Similarity-Based,0.4,0.815243503,0.607621752
attempt_1445144423722_0020_m_000003_0 TaskAttempt Transitioned from RUNNING to SUCCESS_CONTAINER_CLEANUP,E19,<*> TaskAttempt Transitioned from RUNNING to SUCCESS_CONTAINER_CLEANUP,,Seen,Hadoop,Similarity-Based,0.4,0.815243503,0.607621752
attempt_1445144423722_0020_m_000003_0 TaskAttempt Transitioned from RUNNING to SUCCESS_CONTAINER_CLEANUP,E19,<*> TaskAttempt Transitioned from RUNNING to SUCCESS_CONTAINER_CLEANUP,,Seen,Hadoop,Similarity-Based,0.4,0.815243503,0.607621752
attempt_1445144423722_0020_m_000003_0 TaskAttempt Transitioned from RUNNING to SUCCESS_CONTAINER_CLEANUP,E19,<*> TaskAttempt Transitioned from RUNNING to SUCCESS_CONTAINER_CLEANUP,,Seen,Hadoop,Similarity-Based,0.4,0.815243503,0.607621752
attempt_1445144423722_0020_m_000003_0 TaskAttempt Transitioned from RUNNING to SUCCESS_CONTAINER_CLEANUP,E19,<*> TaskAttempt Transitioned from RUNNING to SUCCESS_CONTAINER_CLEANUP,,Seen,Hadoop,Similarity-Based,0.4,0.815243503,0.607621752
attempt_1445144423722_0020_m_000003_0 TaskAttempt Transitioned from RUNNING to SUCCESS_CONTAINER_CLEANUP,E19,<*> TaskAttempt Transitioned from RUNNING to SUCCESS_CONTAINER_CLEANUP,,Seen,Hadoop,Similarity-Based,0.4,0.815243503,0.607621752
Added attempt_1445144423722_0020_m_000002_1 to list of failed maps,E2,Added <*> to list of failed maps,,Unseen,Hadoop,Rule-Based,0.4,0,0.2
Added attempt_1445144423722_0020_m_000001_1 to list of failed maps,E2,Added <*> to list of failed maps,,Unseen,Hadoop,Rule-Based,0.4,0,0.2
Added attempt_1445144423722_0020_m_000002_1 to list of failed maps,E2,Added <*> to list of failed maps,,Unseen,Hadoop,Rule-Based,0.4,0,0.2
Added attempt_1445144423722_0020_m_000002_1 to list of failed maps,E2,Added <*> to list of failed maps,,Unseen,Hadoop,Rule-Based,0.4,0,0.2
Added attempt_1445144423722_0020_m_000002_1 to list of failed maps,E2,Added <*> to list of failed maps,,Unseen,Hadoop,Rule-Based,0.4,0,0.2
Added attempt_1445144423722_0020_m_000001_1 to list of failed maps,E2,Added <*> to list of failed maps,,Unseen,Hadoop,Rule-Based,0.4,0,0.2
Added attempt_1445144423722_0020_m_000002_1 to list of failed maps,E2,Added <*> to list of failed maps,,Unseen,Hadoop,Rule-Based,0.4,0,0.2
Added attempt_1445144423722_0020_m_000002_1 to list of failed maps,E2,Added <*> to list of failed maps,,Unseen,Hadoop,Rule-Based,0.4,0,0.2
Added attempt_1445144423722_0020_m_000002_1 to list of failed maps,E2,Added <*> to list of failed maps,,Unseen,Hadoop,Rule-Based,0.4,0,0.2
Added attempt_1445144423722_0020_m_000001_1 to list of failed maps,E2,Added <*> to list of failed maps,,Unseen,Hadoop,Rule-Based,0.4,0,0.2
attempt_1445144423722_0020_m_000003_0 TaskAttempt Transitioned from SUCCESS_CONTAINER_CLEANUP to SUCCEEDED,E20,<*> TaskAttempt Transitioned from SUCCESS_CONTAINER_CLEANUP to SUCCEEDED,,Unseen,Hadoop,Similarity-Based,0.4,0.82345317,0.611726585
attempt_1445144423722_0020_m_000003_0 TaskAttempt Transitioned from SUCCESS_CONTAINER_CLEANUP to SUCCEEDED,E20,<*> TaskAttempt Transitioned from SUCCESS_CONTAINER_CLEANUP to SUCCEEDED,,Unseen,Hadoop,Similarity-Based,0.4,0.82345317,0.611726585
attempt_1445144423722_0020_m_000003_0 TaskAttempt Transitioned from SUCCESS_CONTAINER_CLEANUP to SUCCEEDED,E20,<*> TaskAttempt Transitioned from SUCCESS_CONTAINER_CLEANUP to SUCCEEDED,,Unseen,Hadoop,Similarity-Based,0.4,0.82345317,0.611726585
attempt_1445144423722_0020_m_000003_0 TaskAttempt Transitioned from SUCCESS_CONTAINER_CLEANUP to SUCCEEDED,E20,<*> TaskAttempt Transitioned from SUCCESS_CONTAINER_CLEANUP to SUCCEEDED,,Unseen,Hadoop,Similarity-Based,0.4,0.82345317,0.611726585
attempt_1445144423722_0020_m_000003_0 TaskAttempt Transitioned from SUCCESS_CONTAINER_CLEANUP to SUCCEEDED,E20,<*> TaskAttempt Transitioned from SUCCESS_CONTAINER_CLEANUP to SUCCEEDED,,Unseen,Hadoop,Similarity-Based,0.4,0.82345317,0.611726585
attempt_1445144423722_0020_m_000003_0 TaskAttempt Transitioned from SUCCESS_CONTAINER_CLEANUP to SUCCEEDED,E20,<*> TaskAttempt Transitioned from SUCCESS_CONTAINER_CLEANUP to SUCCEEDED,,Unseen,Hadoop,Similarity-Based,0.4,0.82345317,0.611726585
attempt_1445144423722_0020_m_000003_0 TaskAttempt Transitioned from SUCCESS_CONTAINER_CLEANUP to SUCCEEDED,E20,<*> TaskAttempt Transitioned from SUCCESS_CONTAINER_CLEANUP to SUCCEEDED,,Unseen,Hadoop,Similarity-Based,0.4,0.82345317,0.611726585
attempt_1445144423722_0020_m_000003_0 TaskAttempt Transitioned from SUCCESS_CONTAINER_CLEANUP to SUCCEEDED,E20,<*> TaskAttempt Transitioned from SUCCESS_CONTAINER_CLEANUP to SUCCEEDED,,Unseen,Hadoop,Similarity-Based,0.4,0.82345317,0.611726585
attempt_1445144423722_0020_m_000003_0 TaskAttempt Transitioned from SUCCESS_CONTAINER_CLEANUP to SUCCEEDED,E20,<*> TaskAttempt Transitioned from SUCCESS_CONTAINER_CLEANUP to SUCCEEDED,,Unseen,Hadoop,Similarity-Based,0.4,0.82345317,0.611726585
attempt_1445144423722_0020_m_000003_0 TaskAttempt Transitioned from SUCCESS_CONTAINER_CLEANUP to SUCCEEDED,E20,<*> TaskAttempt Transitioned from SUCCESS_CONTAINER_CLEANUP to SUCCEEDED,,Unseen,Hadoop,Similarity-Based,0.4,0.82345317,0.611726585
attempt_1445144423722_0020_m_000006_0 TaskAttempt Transitioned from UNASSIGNED to ASSIGNED,E21,<*>\_<*>\_<*>\_<*>\_<*>\_<*>\ TaskAttempt Transitioned from UNASSIGNED to ASSIGNED,,Seen,Hadoop,Similarity-Based,0.4,0.809706248,0.604853124
attempt_1445144423722_0020_m_000003_0 TaskAttempt Transitioned from UNASSIGNED to ASSIGNED,E21,<*>\_<*>\_<*>\_<*>\_<*>\_<*>\ TaskAttempt Transitioned from UNASSIGNED to ASSIGNED,,Seen,Hadoop,Similarity-Based,0.4,0.811463836,0.605731918
attempt_1445144423722_0020_m_000007_0 TaskAttempt Transitioned from UNASSIGNED to ASSIGNED,E21,<*>\_<*>\_<*>\_<*>\_<*>\_<*>\ TaskAttempt Transitioned from UNASSIGNED to ASSIGNED,,Seen,Hadoop,Similarity-Based,0.4,0.810135801,0.605067901
attempt_1445144423722_0020_m_000004_0 TaskAttempt Transitioned from UNASSIGNED to ASSIGNED,E21,<*>\_<*>\_<*>\_<*>\_<*>\_<*>\ TaskAttempt Transitioned from UNASSIGNED to ASSIGNED,,Seen,Hadoop,Similarity-Based,0.4,0.80972164,0.60486082
attempt_1445144423722_0020_m_000006_0 TaskAttempt Transitioned from UNASSIGNED to ASSIGNED,E21,<*>\_<*>\_<*>\_<*>\_<*>\_<*>\ TaskAttempt Transitioned from UNASSIGNED to ASSIGNED,,Seen,Hadoop,Similarity-Based,0.4,0.809706248,0.604853124
attempt_1445144423722_0020_m_000009_0 TaskAttempt Transitioned from UNASSIGNED to ASSIGNED,E21,<*>\_<*>\_<*>\_<*>\_<*>\_<*>\ TaskAttempt Transitioned from UNASSIGNED to ASSIGNED,,Seen,Hadoop,Similarity-Based,0.4,0.811893814,0.605946907
attempt_1445144423722_0020_m_000002_0 TaskAttempt Transitioned from UNASSIGNED to ASSIGNED,E21,<*>\_<*>\_<*>\_<*>\_<*>\_<*>\ TaskAttempt Transitioned from UNASSIGNED to ASSIGNED,,Seen,Hadoop,Similarity-Based,0.4,0.809683637,0.604841818
attempt_1445144423722_0020_m_000006_0 TaskAttempt Transitioned from UNASSIGNED to ASSIGNED,E21,<*>\_<*>\_<*>\_<*>\_<*>\_<*>\ TaskAttempt Transitioned from UNASSIGNED to ASSIGNED,,Seen,Hadoop,Similarity-Based,0.4,0.809706248,0.604853124
attempt_1445144423722_0020_m_000007_0 TaskAttempt Transitioned from UNASSIGNED to ASSIGNED,E21,<*>\_<*>\_<*>\_<*>\_<*>\_<*>\ TaskAttempt Transitioned from UNASSIGNED to ASSIGNED,,Seen,Hadoop,Similarity-Based,0.4,0.810135801,0.605067901
attempt_1445144423722_0020_m_000004_0 TaskAttempt Transitioned from UNASSIGNED to ASSIGNED,E21,<*>\_<*>\_<*>\_<*>\_<*>\_<*>\ TaskAttempt Transitioned from UNASSIGNED to ASSIGNED,,Seen,Hadoop,Similarity-Based,0.4,0.80972164,0.60486082
ATTEMPT_START task_1445144423722_0020_m_000006,E22,Task started with attempt <*>,,Unseen,Hadoop,Similarity-Based,0.4,0.713931561,0.55696578
ATTEMPT_START task_1445144423722_0020_m_000003,E22,Task started with attempt <*>,,Unseen,Hadoop,Similarity-Based,0.4,0.719572717,0.559786359
ATTEMPT_START task_1445144423722_0020_m_000007,E22,Task started with attempt <*>,,Unseen,Hadoop,Similarity-Based,0.4,0.711268873,0.555634437
ATTEMPT_START task_1445144423722_0020_m_000004,E22,Task started with attempt <*>,,Unseen,Hadoop,Similarity-Based,0.4,0.717556932,0.558778466
ATTEMPT_START task_1445144423722_0020_m_000006,E22,Task started with attempt <*>,,Unseen,Hadoop,Similarity-Based,0.4,0.713931561,0.55696578
ATTEMPT_START task_1445144423722_0020_m_000009,E22,Task started with attempt <*>,,Unseen,Hadoop,Similarity-Based,0.4,0.71802946,0.55901473
ATTEMPT_START task_1445144423722_0020_m_000002,E22,Task started with attempt <*>,,Unseen,Hadoop,Similarity-Based,0.4,0.71392916,0.55696458
ATTEMPT_START task_1445144423722_0020_m_000006,E22,Task started with attempt <*>,,Unseen,Hadoop,Similarity-Based,0.4,0.713931561,0.55696578
ATTEMPT_START task_1445144423722_0020_m_000007,E22,Task started with attempt <*>,,Unseen,Hadoop,Similarity-Based,0.4,0.711268873,0.555634437
ATTEMPT_START task_1445144423722_0020_m_000004,E22,Task started with attempt <*>,,Unseen,Hadoop,Similarity-Based,0.4,0.717556932,0.558778466
Auth successful for job_1445144423722_0020 (auth:SIMPLE),E23,ServerAuth successful for job <*> (auth:SIMPLE),,Unseen,Hadoop,Rule-Based,0.4,0,0.2
Auth successful for job_1445144423722_0020 (auth:SIMPLE),E23,ServerAuth successful for job <*> (auth:SIMPLE),,Unseen,Hadoop,Rule-Based,0.4,0,0.2
Auth successful for job_1445144423722_0020 (auth:SIMPLE),E23,ServerAuth successful for job <*> (auth:SIMPLE),,Unseen,Hadoop,Rule-Based,0.4,0,0.2
Auth successful for job_1445144423722_0020 (auth:SIMPLE),E23,ServerAuth successful for job <*> (auth:SIMPLE),,Unseen,Hadoop,Rule-Based,0.4,0,0.2
Auth successful for job_1445144423722_0020 (auth:SIMPLE),E23,ServerAuth successful for job <*> (auth:SIMPLE),,Unseen,Hadoop,Rule-Based,0.4,0,0.2
Auth successful for job_1445144423722_0020 (auth:SIMPLE),E23,ServerAuth successful for job <*> (auth:SIMPLE),,Unseen,Hadoop,Rule-Based,0.4,0,0.2
Auth successful for job_1445144423722_0020 (auth:SIMPLE),E23,ServerAuth successful for job <*> (auth:SIMPLE),,Unseen,Hadoop,Rule-Based,0.4,0,0.2
Auth successful for job_1445144423722_0020 (auth:SIMPLE),E23,ServerAuth successful for job <*> (auth:SIMPLE),,Unseen,Hadoop,Rule-Based,0.4,0,0.2
Auth successful for job_1445144423722_0020 (auth:SIMPLE),E23,ServerAuth successful for job <*> (auth:SIMPLE),,Unseen,Hadoop,Rule-Based,0.4,0,0.2
Auth successful for job_1445144423722_0020 (auth:SIMPLE),E23,ServerAuth successful for job <*> (auth:SIMPLE),,Unseen,Hadoop,Rule-Based,0.4,0,0.2
Before Scheduling: PendingReds:0 ScheduledMaps:2 ScheduledReds:1 AssignedMaps:9 AssignedReds:0 CompletedMaps:1 CompletedReds:0 ContAlloc:11 ContRel:1 HostLocal:7 RackLocal:3,E24,Before Scheduling: PendingReds:<*> ScheduledMaps:<*> ScheduledReds:<*> AssignedMaps:<*> AssignedReds:<*> CompletedMaps:<*> CompletedReds:<*> ContAlloc:<*> ContRel:<*>,,Seen,Hadoop,Similarity-Based,0.3,0.873285359,0.58664268
Before Scheduling: PendingReds:0 ScheduledMaps:3 ScheduledReds:1 AssignedMaps:9 AssignedReds:0 CompletedMaps:1 CompletedReds:0 ContAlloc:11 ContRel:1 HostLocal:7 RackLocal:3,E24,Before Scheduling: PendingReds:<*> ScheduledMaps:<*> ScheduledReds:<*> AssignedMaps:<*> AssignedReds:<*> CompletedMaps:<*> CompletedReds:<*> ContAlloc:<*> ContRel:<*>,,Seen,Hadoop,Similarity-Based,0.3,0.872210593,0.586105296
Before Scheduling: PendingReds:0 ScheduledMaps:1 ScheduledReds:1 AssignedMaps:10 AssignedReds:0 CompletedMaps:1 CompletedReds:0 ContAlloc:11 ContRel:1 HostLocal:7 RackLocal:3,E24,Before Scheduling: PendingReds:<*> ScheduledMaps:<*> ScheduledReds:<*> AssignedMaps:<*> AssignedReds:<*> CompletedMaps:<*> CompletedReds:<*> ContAlloc:<*> ContRel:<*>,,Seen,Hadoop,Similarity-Based,0.3,0.871090691,0.585545345
Before Scheduling: PendingReds:0 ScheduledMaps:3 ScheduledReds:1 AssignedMaps:9 AssignedReds:0 CompletedMaps:1 CompletedReds:0 ContAlloc:11 ContRel:1 HostLocal:7 RackLocal:3,E24,Before Scheduling: PendingReds:<*> ScheduledMaps:<*> ScheduledReds:<*> AssignedMaps:<*> AssignedReds:<*> CompletedMaps:<*> CompletedReds:<*> ContAlloc:<*> ContRel:<*>,,Seen,Hadoop,Similarity-Based,0.3,0.872210593,0.586105296
Before Scheduling: PendingReds:0 ScheduledMaps:3 ScheduledReds:1 AssignedMaps:9 AssignedReds:0 CompletedMaps:1 CompletedReds:0 ContAlloc:11 ContRel:1 HostLocal:7 RackLocal:3,E24,Before Scheduling: PendingReds:<*> ScheduledMaps:<*> ScheduledReds:<*> AssignedMaps:<*> AssignedReds:<*> CompletedMaps:<*> CompletedReds:<*> ContAlloc:<*> ContRel:<*>,,Seen,Hadoop,Similarity-Based,0.3,0.872210593,0.586105296
Before Scheduling: PendingReds:1 ScheduledMaps:0 ScheduledReds:0 AssignedMaps:10 AssignedReds:0 CompletedMaps:1 CompletedReds:0 ContAlloc:11 ContRel:1 HostLocal:7 RackLocal:3,E24,Before Scheduling: PendingReds:<1> ScheduledMaps:<0> ScheduledReds:<0> AssignedMaps:<10> AssignedReds:<0> CompletedMaps:<1> CompletedReds:<0> ContAlloc,,Seen,Hadoop,Similarity-Based,0.3,0.874902957,0.587451479
Before Scheduling: PendingReds:0 ScheduledMaps:1 ScheduledReds:1 AssignedMaps:10 AssignedReds:0 CompletedMaps:1 CompletedReds:0 ContAlloc:11 ContRel:1 HostLocal:7 RackLocal:3,E24,Before Scheduling: PendingReds:<*> ScheduledMaps:<*> ScheduledReds:<*> AssignedMaps:<*> AssignedReds:<*> CompletedMaps:<*> CompletedReds:<*> ContAlloc:<*> ContRel:<*>,,Seen,Hadoop,Similarity-Based,0.3,0.871090691,0.585545345
Before Scheduling: PendingReds:0 ScheduledMaps:1 ScheduledReds:1 AssignedMaps:10 AssignedReds:0 CompletedMaps:1 CompletedReds:0 ContAlloc:11 ContRel:1 HostLocal:7 RackLocal:3,E24,Before Scheduling: PendingReds:<*> ScheduledMaps:<*> ScheduledReds:<*> AssignedMaps:<*> AssignedReds:<*> CompletedMaps:<*> CompletedReds:<*> ContAlloc:<*> ContRel:<*>,,Seen,Hadoop,Similarity-Based,0.3,0.871090691,0.585545345
Before Scheduling: PendingReds:0 ScheduledMaps:1 ScheduledReds:1 AssignedMaps:10 AssignedReds:0 CompletedMaps:1 CompletedReds:0 ContAlloc:11 ContRel:1 HostLocal:7 RackLocal:3,E24,Before Scheduling: PendingReds:<*> ScheduledMaps:<*> ScheduledReds:<*> AssignedMaps:<*> AssignedReds:<*> CompletedMaps:<*> CompletedReds:<*> ContAlloc:<*> ContRel:<*>,,Seen,Hadoop,Similarity-Based,0.3,0.871090691,0.585545345
Before Scheduling: PendingReds:0 ScheduledMaps:3 ScheduledReds:1 AssignedMaps:9 AssignedReds:0 CompletedMaps:1 CompletedReds:0 ContAlloc:11 ContRel:1 HostLocal:7 RackLocal:3,E24,Before Scheduling: PendingReds:<*> ScheduledMaps:<*> ScheduledReds:<*> AssignedMaps:<*> AssignedReds:<*> CompletedMaps:<*> CompletedReds:<*> ContAlloc:<*> ContRel:<*>,,Seen,Hadoop,Similarity-Based,0.3,0.872210593,0.586105296
blacklistDisablePercent is 33,E25,blacklistDisablePercent is <*>,,Unseen,Hadoop,Rule-Based,0.4,0,0.2
blacklistDisablePercent is 33,E25,blacklistDisablePercent is <*>,,Unseen,Hadoop,Rule-Based,0.4,0,0.2
blacklistDisablePercent is 33,E25,blacklistDisablePercent is <*>,,Unseen,Hadoop,Rule-Based,0.4,0,0.2
blacklistDisablePercent is 33,E25,blacklistDisablePercent is <*>,,Unseen,Hadoop,Rule-Based,0.4,0,0.2
blacklistDisablePercent is 33,E25,blacklistDisablePercent is <*>,,Unseen,Hadoop,Rule-Based,0.4,0,0.2
blacklistDisablePercent is 33,E25,blacklistDisablePercent is <*>,,Unseen,Hadoop,Rule-Based,0.4,0,0.2
blacklistDisablePercent is 33,E25,blacklistDisablePercent is <*>,,Unseen,Hadoop,Rule-Based,0.4,0,0.2
blacklistDisablePercent is 33,E25,blacklistDisablePercent is <*>,,Unseen,Hadoop,Rule-Based,0.4,0,0.2
blacklistDisablePercent is 33,E25,blacklistDisablePercent is <*>,,Unseen,Hadoop,Rule-Based,0.4,0,0.2
blacklistDisablePercent is 33,E25,blacklistDisablePercent is <*>,,Unseen,Hadoop,Rule-Based,0.4,0,0.2
"Cannot assign container Container: [ContainerId: container_1445144423722_0020_01_000012, NodeId: MSRA-SA-39.fareast.corp.microsoft.com:28345, NodeHttpAddress: MSRA-SA-39.fareast.corp.microsoft.com:8042, Resource: <memory:1024, vCores:1>, Priority: 20, Token: Token { kind: ContainerToken, service: 172.22.149.145:28345 }, ] for a map as either  container memory less than required <memory:1024, vCores:1> or no pending map tasks - maps.isEmpty=true",E26,"Container: <ContainerId: *>, NodeId: <*>:<*>, NodeHttpAddress: <*>, Resource: <memory:*, vCores:*>, Priority: <*>, Token: Token { kind: ContainerToken, service: <*> }, ] for a map as either  container memory",,Unseen,Hadoop,Rule-Based,0.58,0,0.29
"Cannot assign container Container: [ContainerId: container_1445144423722_0020_01_000012, NodeId: MSRA-SA-39.fareast.corp.microsoft.com:28345, NodeHttpAddress: MSRA-SA-39.fareast.corp.microsoft.com:8042, Resource: <memory:1024, vCores:1>, Priority: 20, Token: Token { kind: ContainerToken, service: 172.22.149.145:28345 }, ] for a map as either  container memory less than required <memory:1024, vCores:1> or no pending map tasks - maps.isEmpty=true",E26,"Container: <ContainerId: *>, NodeId: <*>:<*>, NodeHttpAddress: <*>, Resource: <memory:*, vCores:*>, Priority: <*>, Token: Token { kind: ContainerToken, service: <*> }, ] for a map as either  container memory",,Unseen,Hadoop,Rule-Based,0.58,0,0.29
"Cannot assign container Container: [ContainerId: container_1445144423722_0020_01_000012, NodeId: MSRA-SA-39.fareast.corp.microsoft.com:28345, NodeHttpAddress: MSRA-SA-39.fareast.corp.microsoft.com:8042, Resource: <memory:1024, vCores:1>, Priority: 20, Token: Token { kind: ContainerToken, service: 172.22.149.145:28345 }, ] for a map as either  container memory less than required <memory:1024, vCores:1> or no pending map tasks - maps.isEmpty=true",E26,"Container: <ContainerId: *>, NodeId: <*>:<*>, NodeHttpAddress: <*>, Resource: <memory:*, vCores:*>, Priority: <*>, Token: Token { kind: ContainerToken, service: <*> }, ] for a map as either  container memory",,Unseen,Hadoop,Rule-Based,0.58,0,0.29
"Cannot assign container Container: [ContainerId: container_1445144423722_0020_01_000012, NodeId: MSRA-SA-39.fareast.corp.microsoft.com:28345, NodeHttpAddress: MSRA-SA-39.fareast.corp.microsoft.com:8042, Resource: <memory:1024, vCores:1>, Priority: 20, Token: Token { kind: ContainerToken, service: 172.22.149.145:28345 }, ] for a map as either  container memory less than required <memory:1024, vCores:1> or no pending map tasks - maps.isEmpty=true",E26,"Container: <ContainerId: *>, NodeId: <*>:<*>, NodeHttpAddress: <*>, Resource: <memory:*, vCores:*>, Priority: <*>, Token: Token { kind: ContainerToken, service: <*> }, ] for a map as either  container memory",,Unseen,Hadoop,Rule-Based,0.58,0,0.29
"Cannot assign container Container: [ContainerId: container_1445144423722_0020_01_000012, NodeId: MSRA-SA-39.fareast.corp.microsoft.com:28345, NodeHttpAddress: MSRA-SA-39.fareast.corp.microsoft.com:8042, Resource: <memory:1024, vCores:1>, Priority: 20, Token: Token { kind: ContainerToken, service: 172.22.149.145:28345 }, ] for a map as either  container memory less than required <memory:1024, vCores:1> or no pending map tasks - maps.isEmpty=true",E26,"Container: <ContainerId: *>, NodeId: <*>:<*>, NodeHttpAddress: <*>, Resource: <memory:*, vCores:*>, Priority: <*>, Token: Token { kind: ContainerToken, service: <*> }, ] for a map as either  container memory",,Unseen,Hadoop,Rule-Based,0.58,0,0.29
"Cannot assign container Container: [ContainerId: container_1445144423722_0020_01_000012, NodeId: MSRA-SA-39.fareast.corp.microsoft.com:28345, NodeHttpAddress: MSRA-SA-39.fareast.corp.microsoft.com:8042, Resource: <memory:1024, vCores:1>, Priority: 20, Token: Token { kind: ContainerToken, service: 172.22.149.145:28345 }, ] for a map as either  container memory less than required <memory:1024, vCores:1> or no pending map tasks - maps.isEmpty=true",E26,"Container: <ContainerId: *>, NodeId: <*>:<*>, NodeHttpAddress: <*>, Resource: <memory:*, vCores:*>, Priority: <*>, Token: Token { kind: ContainerToken, service: <*> }, ] for a map as either  container memory",,Unseen,Hadoop,Rule-Based,0.58,0,0.29
"Cannot assign container Container: [ContainerId: container_1445144423722_0020_01_000012, NodeId: MSRA-SA-39.fareast.corp.microsoft.com:28345, NodeHttpAddress: MSRA-SA-39.fareast.corp.microsoft.com:8042, Resource: <memory:1024, vCores:1>, Priority: 20, Token: Token { kind: ContainerToken, service: 172.22.149.145:28345 }, ] for a map as either  container memory less than required <memory:1024, vCores:1> or no pending map tasks - maps.isEmpty=true",E26,"Container: <ContainerId: *>, NodeId: <*>:<*>, NodeHttpAddress: <*>, Resource: <memory:*, vCores:*>, Priority: <*>, Token: Token { kind: ContainerToken, service: <*> }, ] for a map as either  container memory",,Unseen,Hadoop,Rule-Based,0.58,0,0.29
"Cannot assign container Container: [ContainerId: container_1445144423722_0020_01_000012, NodeId: MSRA-SA-39.fareast.corp.microsoft.com:28345, NodeHttpAddress: MSRA-SA-39.fareast.corp.microsoft.com:8042, Resource: <memory:1024, vCores:1>, Priority: 20, Token: Token { kind: ContainerToken, service: 172.22.149.145:28345 }, ] for a map as either  container memory less than required <memory:1024, vCores:1> or no pending map tasks - maps.isEmpty=true",E26,"Container: <ContainerId: *>, NodeId: <*>:<*>, NodeHttpAddress: <*>, Resource: <memory:*, vCores:*>, Priority: <*>, Token: Token { kind: ContainerToken, service: <*> }, ] for a map as either  container memory",,Unseen,Hadoop,Rule-Based,0.58,0,0.29
"Cannot assign container Container: [ContainerId: container_1445144423722_0020_01_000012, NodeId: MSRA-SA-39.fareast.corp.microsoft.com:28345, NodeHttpAddress: MSRA-SA-39.fareast.corp.microsoft.com:8042, Resource: <memory:1024, vCores:1>, Priority: 20, Token: Token { kind: ContainerToken, service: 172.22.149.145:28345 }, ] for a map as either  container memory less than required <memory:1024, vCores:1> or no pending map tasks - maps.isEmpty=true",E26,"Container: <ContainerId: *>, NodeId: <*>:<*>, NodeHttpAddress: <*>, Resource: <memory:*, vCores:*>, Priority: <*>, Token: Token { kind: ContainerToken, service: <*> }, ] for a map as either  container memory",,Unseen,Hadoop,Rule-Based,0.58,0,0.29
"Cannot assign container Container: [ContainerId: container_1445144423722_0020_01_000012, NodeId: MSRA-SA-39.fareast.corp.microsoft.com:28345, NodeHttpAddress: MSRA-SA-39.fareast.corp.microsoft.com:8042, Resource: <memory:1024, vCores:1>, Priority: 20, Token: Token { kind: ContainerToken, service: 172.22.149.145:28345 }, ] for a map as either  container memory less than required <memory:1024, vCores:1> or no pending map tasks - maps.isEmpty=true",E26,"Container: <ContainerId: *>, NodeId: <*>:<*>, NodeHttpAddress: <*>, Resource: <memory:*, vCores:*>, Priority: <*>, Token: Token { kind: ContainerToken, service: <*> }, ] for a map as either  container memory",,Unseen,Hadoop,Rule-Based,0.58,0,0.29
Connecting to ResourceManager at msra-sa-41/10.190.173.170:8030,E27,Connecting to ResourceManager at <*>/<*>:<*>,,Unseen,Hadoop,Rule-Based,0.566666667,0,0.283333333
Connecting to ResourceManager at msra-sa-41/10.190.173.170:8030,E27,Connecting to ResourceManager at <*>/<*>:<*>,,Unseen,Hadoop,Rule-Based,0.566666667,0,0.283333333
Connecting to ResourceManager at msra-sa-41/10.190.173.170:8030,E27,Connecting to ResourceManager at <*>/<*>:<*>,,Unseen,Hadoop,Rule-Based,0.566666667,0,0.283333333
Connecting to ResourceManager at msra-sa-41/10.190.173.170:8030,E27,Connecting to ResourceManager at <*>/<*>:<*>,,Unseen,Hadoop,Rule-Based,0.566666667,0,0.283333333
Connecting to ResourceManager at msra-sa-41/10.190.173.170:8030,E27,Connecting to ResourceManager at <*>/<*>:<*>,,Unseen,Hadoop,Rule-Based,0.566666667,0,0.283333333
Connecting to ResourceManager at msra-sa-41/10.190.173.170:8030,E27,Connecting to ResourceManager at <*>/<*>:<*>,,Unseen,Hadoop,Rule-Based,0.566666667,0,0.283333333
Connecting to ResourceManager at msra-sa-41/10.190.173.170:8030,E27,Connecting to ResourceManager at <*>/<*>:<*>,,Unseen,Hadoop,Rule-Based,0.566666667,0,0.283333333
Connecting to ResourceManager at msra-sa-41/10.190.173.170:8030,E27,Connecting to ResourceManager at <*>/<*>:<*>,,Unseen,Hadoop,Rule-Based,0.566666667,0,0.283333333
Connecting to ResourceManager at msra-sa-41/10.190.173.170:8030,E27,Connecting to ResourceManager at <*>/<*>:<*>,,Unseen,Hadoop,Rule-Based,0.566666667,0,0.283333333
Connecting to ResourceManager at msra-sa-41/10.190.173.170:8030,E27,Connecting to ResourceManager at <*>/<*>:<*>,,Unseen,Hadoop,Rule-Based,0.566666667,0,0.283333333
Container complete event for unknown container id container_1445144423722_0020_01_000012,E28,Container complete event for unknown container id <*>,,Unseen,Hadoop,Rule-Based,0.4,0,0.2
Container complete event for unknown container id container_1445144423722_0020_01_000012,E28,Container complete event for unknown container id <*>,,Unseen,Hadoop,Rule-Based,0.4,0,0.2
Container complete event for unknown container id container_1445144423722_0020_01_000012,E28,Container complete event for unknown container id <*>,,Unseen,Hadoop,Rule-Based,0.4,0,0.2
Container complete event for unknown container id container_1445144423722_0020_01_000012,E28,Container complete event for unknown container id <*>,,Unseen,Hadoop,Rule-Based,0.4,0,0.2
Container complete event for unknown container id container_1445144423722_0020_01_000012,E28,Container complete event for unknown container id <*>,,Unseen,Hadoop,Rule-Based,0.4,0,0.2
Container complete event for unknown container id container_1445144423722_0020_01_000012,E28,Container complete event for unknown container id <*>,,Unseen,Hadoop,Rule-Based,0.4,0,0.2
Container complete event for unknown container id container_1445144423722_0020_01_000012,E28,Container complete event for unknown container id <*>,,Unseen,Hadoop,Rule-Based,0.4,0,0.2
Container complete event for unknown container id container_1445144423722_0020_01_000012,E28,Container complete event for unknown container id <*>,,Unseen,Hadoop,Rule-Based,0.4,0,0.2
Container complete event for unknown container id container_1445144423722_0020_01_000012,E28,Container complete event for unknown container id <*>,,Unseen,Hadoop,Rule-Based,0.4,0,0.2
Container complete event for unknown container id container_1445144423722_0020_01_000012,E28,Container complete event for unknown container id <*>,,Unseen,Hadoop,Rule-Based,0.4,0,0.2
Created MRAppMaster for application appattempt_1445144423722_0020_000001,E29,Created MRAppMaster for application <*>,,Unseen,Hadoop,Rule-Based,0.4,0,0.2
Created MRAppMaster for application appattempt_1445144423722_0020_000001,E29,Created MRAppMaster for application <*>,,Unseen,Hadoop,Rule-Based,0.4,0,0.2
Created MRAppMaster for application appattempt_1445144423722_0020_000001,E29,Created MRAppMaster for application <*>,,Unseen,Hadoop,Rule-Based,0.4,0,0.2
Created MRAppMaster for application appattempt_1445144423722_0020_000001,E29,Created MRAppMaster for application <*>,,Unseen,Hadoop,Rule-Based,0.4,0,0.2
Created MRAppMaster for application appattempt_1445144423722_0020_000001,E29,Created MRAppMaster for application <*>,,Unseen,Hadoop,Rule-Based,0.4,0,0.2
Created MRAppMaster for application appattempt_1445144423722_0020_000001,E29,Created MRAppMaster for application <*>,,Unseen,Hadoop,Rule-Based,0.4,0,0.2
Created MRAppMaster for application appattempt_1445144423722_0020_000001,E29,Created MRAppMaster for application <*>,,Unseen,Hadoop,Rule-Based,0.4,0,0.2
Created MRAppMaster for application appattempt_1445144423722_0020_000001,E29,Created MRAppMaster for application <*>,,Unseen,Hadoop,Rule-Based,0.4,0,0.2
Created MRAppMaster for application appattempt_1445144423722_0020_000001,E29,Created MRAppMaster for application <*>,,Unseen,Hadoop,Rule-Based,0.4,0,0.2
Created MRAppMaster for application appattempt_1445144423722_0020_000001,E29,Created MRAppMaster for application <*>,,Unseen,Hadoop,Rule-Based,0.4,0,0.2
Added filter AM_PROXY_FILTER (class=org.apache.hadoop.yarn.server.webproxy.amfilter.AmIpFilter) to context mapreduce,E3,class=org.apache.hadoop.yarn.server.webproxy.amfilter.AmIpFilter,,Unseen,Hadoop,Rule-Based,0.3,0,0.15
Added filter AM_PROXY_FILTER (class=org.apache.hadoop.yarn.server.webproxy.amfilter.AmIpFilter) to context mapreduce,E3,class=org.apache.hadoop.yarn.server.webproxy.amfilter.AmIpFilter,,Unseen,Hadoop,Rule-Based,0.3,0,0.15
Added filter AM_PROXY_FILTER (class=org.apache.hadoop.yarn.server.webproxy.amfilter.AmIpFilter) to context mapreduce,E3,class=org.apache.hadoop.yarn.server.webproxy.amfilter.AmIpFilter,,Unseen,Hadoop,Rule-Based,0.3,0,0.15
Added filter AM_PROXY_FILTER (class=org.apache.hadoop.yarn.server.webproxy.amfilter.AmIpFilter) to context mapreduce,E3,class=org.apache.hadoop.yarn.server.webproxy.amfilter.AmIpFilter,,Unseen,Hadoop,Rule-Based,0.3,0,0.15
Added filter AM_PROXY_FILTER (class=org.apache.hadoop.yarn.server.webproxy.amfilter.AmIpFilter) to context mapreduce,E3,class=org.apache.hadoop.yarn.server.webproxy.amfilter.AmIpFilter,,Unseen,Hadoop,Rule-Based,0.3,0,0.15
Added filter AM_PROXY_FILTER (class=org.apache.hadoop.yarn.server.webproxy.amfilter.AmIpFilter) to context mapreduce,E3,class=org.apache.hadoop.yarn.server.webproxy.amfilter.AmIpFilter,,Unseen,Hadoop,Rule-Based,0.3,0,0.15
Added filter AM_PROXY_FILTER (class=org.apache.hadoop.yarn.server.webproxy.amfilter.AmIpFilter) to context mapreduce,E3,class=org.apache.hadoop.yarn.server.webproxy.amfilter.AmIpFilter,,Unseen,Hadoop,Rule-Based,0.3,0,0.15
Added filter AM_PROXY_FILTER (class=org.apache.hadoop.yarn.server.webproxy.amfilter.AmIpFilter) to context mapreduce,E3,class=org.apache.hadoop.yarn.server.webproxy.amfilter.AmIpFilter,,Unseen,Hadoop,Rule-Based,0.3,0,0.15
Added filter AM_PROXY_FILTER (class=org.apache.hadoop.yarn.server.webproxy.amfilter.AmIpFilter) to context mapreduce,E3,class=org.apache.hadoop.yarn.server.webproxy.amfilter.AmIpFilter,,Unseen,Hadoop,Rule-Based,0.3,0,0.15
Added filter AM_PROXY_FILTER (class=org.apache.hadoop.yarn.server.webproxy.amfilter.AmIpFilter) to context mapreduce,E3,class=org.apache.hadoop.yarn.server.webproxy.amfilter.AmIpFilter,,Unseen,Hadoop,Rule-Based,0.3,0,0.15
DataStreamer Exception,E30,DataStreamer Exception,,Unseen,Hadoop,Rule-Based,0.3,0,0.15
DataStreamer Exception,E30,DataStreamer Exception,,Unseen,Hadoop,Rule-Based,0.3,0,0.15
DataStreamer Exception,E30,DataStreamer Exception,,Unseen,Hadoop,Rule-Based,0.3,0,0.15
DataStreamer Exception,E30,DataStreamer Exception,,Unseen,Hadoop,Rule-Based,0.3,0,0.15
DataStreamer Exception,E30,DataStreamer Exception,,Unseen,Hadoop,Rule-Based,0.3,0,0.15
DataStreamer Exception,E30,DataStreamer Exception,,Unseen,Hadoop,Rule-Based,0.3,0,0.15
DataStreamer Exception,E30,DataStreamer Exception,,Unseen,Hadoop,Rule-Based,0.3,0,0.15
DataStreamer Exception,E30,DataStreamer Exception,,Unseen,Hadoop,Rule-Based,0.3,0,0.15
DataStreamer Exception,E30,DataStreamer Exception,,Unseen,Hadoop,Rule-Based,0.3,0,0.15
DataStreamer Exception,E30,DataStreamer Exception,,Unseen,Hadoop,Rule-Based,0.3,0,0.15
Default file system [hdfs://msra-sa-41:9000],E31,Default file system <*>,,Unseen,Hadoop,Rule-Based,0.5,0,0.25
Default file system [hdfs://msra-sa-41:9000],E31,Default file system <*>,,Unseen,Hadoop,Rule-Based,0.5,0,0.25
Default file system [hdfs://msra-sa-41:9000],E31,Default file system <*>,,Unseen,Hadoop,Rule-Based,0.5,0,0.25
Default file system [hdfs://msra-sa-41:9000],E31,Default file system <*>,,Unseen,Hadoop,Rule-Based,0.5,0,0.25
Default file system [hdfs://msra-sa-41:9000],E31,Default file system <*>,,Unseen,Hadoop,Rule-Based,0.5,0,0.25
Default file system [hdfs://msra-sa-41:9000],E31,Default file system <*>,,Unseen,Hadoop,Rule-Based,0.5,0,0.25
Default file system [hdfs://msra-sa-41:9000],E31,Default file system <*>,,Unseen,Hadoop,Rule-Based,0.5,0,0.25
Default file system [hdfs://msra-sa-41:9000],E31,Default file system <*>,,Unseen,Hadoop,Rule-Based,0.5,0,0.25
Default file system [hdfs://msra-sa-41:9000],E31,Default file system <*>,,Unseen,Hadoop,Rule-Based,0.5,0,0.25
Default file system [hdfs://msra-sa-41:9000],E31,Default file system <*>,,Unseen,Hadoop,Rule-Based,0.5,0,0.25
DefaultSpeculator.addSpeculativeAttempt -- we are speculating task_1445144423722_0020_m_000000,E32,DefaultSpeculator.addSpeculativeAttempt -- <*>,,Unseen,Hadoop,Rule-Based,0.4,0,0.2
DefaultSpeculator.addSpeculativeAttempt -- we are speculating task_1445144423722_0020_m_000000,E32,DefaultSpeculator.addSpeculativeAttempt -- <*>,,Unseen,Hadoop,Rule-Based,0.4,0,0.2
DefaultSpeculator.addSpeculativeAttempt -- we are speculating task_1445144423722_0020_m_000000,E32,DefaultSpeculator.addSpeculativeAttempt -- <*>,,Unseen,Hadoop,Rule-Based,0.4,0,0.2
DefaultSpeculator.addSpeculativeAttempt -- we are speculating task_1445144423722_0020_m_000000,E32,DefaultSpeculator.addSpeculativeAttempt -- <*>,,Unseen,Hadoop,Rule-Based,0.4,0,0.2
DefaultSpeculator.addSpeculativeAttempt -- we are speculating task_1445144423722_0020_m_000000,E32,DefaultSpeculator.addSpeculativeAttempt -- <*>,,Unseen,Hadoop,Rule-Based,0.4,0,0.2
DefaultSpeculator.addSpeculativeAttempt -- we are speculating task_1445144423722_0020_m_000000,E32,DefaultSpeculator.addSpeculativeAttempt -- <*>,,Unseen,Hadoop,Rule-Based,0.4,0,0.2
DefaultSpeculator.addSpeculativeAttempt -- we are speculating task_1445144423722_0020_m_000000,E32,DefaultSpeculator.addSpeculativeAttempt -- <*>,,Unseen,Hadoop,Rule-Based,0.4,0,0.2
DefaultSpeculator.addSpeculativeAttempt -- we are speculating task_1445144423722_0020_m_000000,E32,DefaultSpeculator.addSpeculativeAttempt -- <*>,,Unseen,Hadoop,Rule-Based,0.4,0,0.2
DefaultSpeculator.addSpeculativeAttempt -- we are speculating task_1445144423722_0020_m_000000,E32,DefaultSpeculator.addSpeculativeAttempt -- <*>,,Unseen,Hadoop,Rule-Based,0.4,0,0.2
DefaultSpeculator.addSpeculativeAttempt -- we are speculating task_1445144423722_0020_m_000000,E32,DefaultSpeculator.addSpeculativeAttempt -- <*>,,Unseen,Hadoop,Rule-Based,0.4,0,0.2
DFSOutputStream ResponseProcessor exception  for block BP-1347369012-10.190.173.170-1444972147527:blk_1073743512_2731,E33,DFSOutputStream ResponseProcessor exception  for block <*>-<*>-<*>-<*>-<*>-<*>-<*>-<*>-<*>-<*>-<*>-<*>-<*>-<*>-<*>-<*>-<*>-<*>-,,Unseen,Hadoop,Rule-Based,0.525,0,0.2625
DFSOutputStream ResponseProcessor exception  for block BP-1347369012-10.190.173.170-1444972147527:blk_1073743512_2731,E33,DFSOutputStream ResponseProcessor exception  for block <*>-<*>-<*>-<*>-<*>-<*>-<*>-<*>-<*>-<*>-<*>-<*>-<*>-<*>-<*>-<*>-<*>-<*>-,,Unseen,Hadoop,Rule-Based,0.525,0,0.2625
DFSOutputStream ResponseProcessor exception  for block BP-1347369012-10.190.173.170-1444972147527:blk_1073743512_2731,E33,DFSOutputStream ResponseProcessor exception  for block <*>-<*>-<*>-<*>-<*>-<*>-<*>-<*>-<*>-<*>-<*>-<*>-<*>-<*>-<*>-<*>-<*>-<*>-,,Unseen,Hadoop,Rule-Based,0.525,0,0.2625
DFSOutputStream ResponseProcessor exception  for block BP-1347369012-10.190.173.170-1444972147527:blk_1073743512_2731,E33,DFSOutputStream ResponseProcessor exception  for block <*>-<*>-<*>-<*>-<*>-<*>-<*>-<*>-<*>-<*>-<*>-<*>-<*>-<*>-<*>-<*>-<*>-<*>-,,Unseen,Hadoop,Rule-Based,0.525,0,0.2625
DFSOutputStream ResponseProcessor exception  for block BP-1347369012-10.190.173.170-1444972147527:blk_1073743512_2731,E33,DFSOutputStream ResponseProcessor exception  for block <*>-<*>-<*>-<*>-<*>-<*>-<*>-<*>-<*>-<*>-<*>-<*>-<*>-<*>-<*>-<*>-<*>-<*>-,,Unseen,Hadoop,Rule-Based,0.525,0,0.2625
DFSOutputStream ResponseProcessor exception  for block BP-1347369012-10.190.173.170-1444972147527:blk_1073743512_2731,E33,DFSOutputStream ResponseProcessor exception  for block <*>-<*>-<*>-<*>-<*>-<*>-<*>-<*>-<*>-<*>-<*>-<*>-<*>-<*>-<*>-<*>-<*>-<*>-,,Unseen,Hadoop,Rule-Based,0.525,0,0.2625
DFSOutputStream ResponseProcessor exception  for block BP-1347369012-10.190.173.170-1444972147527:blk_1073743512_2731,E33,DFSOutputStream ResponseProcessor exception  for block <*>-<*>-<*>-<*>-<*>-<*>-<*>-<*>-<*>-<*>-<*>-<*>-<*>-<*>-<*>-<*>-<*>-<*>-,,Unseen,Hadoop,Rule-Based,0.525,0,0.2625
DFSOutputStream ResponseProcessor exception  for block BP-1347369012-10.190.173.170-1444972147527:blk_1073743512_2731,E33,DFSOutputStream ResponseProcessor exception  for block <*>-<*>-<*>-<*>-<*>-<*>-<*>-<*>-<*>-<*>-<*>-<*>-<*>-<*>-<*>-<*>-<*>-<*>-,,Unseen,Hadoop,Rule-Based,0.525,0,0.2625
DFSOutputStream ResponseProcessor exception  for block BP-1347369012-10.190.173.170-1444972147527:blk_1073743512_2731,E33,DFSOutputStream ResponseProcessor exception  for block <*>-<*>-<*>-<*>-<*>-<*>-<*>-<*>-<*>-<*>-<*>-<*>-<*>-<*>-<*>-<*>-<*>-<*>-,,Unseen,Hadoop,Rule-Based,0.525,0,0.2625
DFSOutputStream ResponseProcessor exception  for block BP-1347369012-10.190.173.170-1444972147527:blk_1073743512_2731,E33,DFSOutputStream ResponseProcessor exception  for block <*>-<*>-<*>-<*>-<*>-<*>-<*>-<*>-<*>-<*>-<*>-<*>-<*>-<*>-<*>-<*>-<*>-<*>-,,Unseen,Hadoop,Rule-Based,0.525,0,0.2625
Diagnostics report from attempt_1445144423722_0020_m_000003_0: Container killed by the ApplicationMaster.,E34,Diagnostics report from <*> killed by the ApplicationMaster.,,Unseen,Hadoop,Rule-Based,0.4,0,0.2
Diagnostics report from attempt_1445144423722_0020_m_000003_0: Container killed by the ApplicationMaster.,E34,Diagnostics report from <*> killed by the ApplicationMaster.,,Unseen,Hadoop,Rule-Based,0.4,0,0.2
Diagnostics report from attempt_1445144423722_0020_m_000003_0: Container killed by the ApplicationMaster.,E34,Diagnostics report from <*> killed by the ApplicationMaster.,,Unseen,Hadoop,Rule-Based,0.4,0,0.2
Diagnostics report from attempt_1445144423722_0020_m_000003_0: Container killed by the ApplicationMaster.,E34,Diagnostics report from <*> killed by the ApplicationMaster.,,Unseen,Hadoop,Rule-Based,0.4,0,0.2
Diagnostics report from attempt_1445144423722_0020_m_000003_0: Container killed by the ApplicationMaster.,E34,Diagnostics report from <*> killed by the ApplicationMaster.,,Unseen,Hadoop,Rule-Based,0.4,0,0.2
Diagnostics report from attempt_1445144423722_0020_m_000003_0: Container killed by the ApplicationMaster.,E34,Diagnostics report from <*> killed by the ApplicationMaster.,,Unseen,Hadoop,Rule-Based,0.4,0,0.2
Diagnostics report from attempt_1445144423722_0020_m_000003_0: Container killed by the ApplicationMaster.,E34,Diagnostics report from <*> killed by the ApplicationMaster.,,Unseen,Hadoop,Rule-Based,0.4,0,0.2
Diagnostics report from attempt_1445144423722_0020_m_000003_0: Container killed by the ApplicationMaster.,E34,Diagnostics report from <*> killed by the ApplicationMaster.,,Unseen,Hadoop,Rule-Based,0.4,0,0.2
Diagnostics report from attempt_1445144423722_0020_m_000003_0: Container killed by the ApplicationMaster.,E34,Diagnostics report from <*> killed by the ApplicationMaster.,,Unseen,Hadoop,Rule-Based,0.4,0,0.2
Diagnostics report from attempt_1445144423722_0020_m_000003_0: Container killed by the ApplicationMaster.,E34,Diagnostics report from <*> killed by the ApplicationMaster.,,Unseen,Hadoop,Rule-Based,0.4,0,0.2
Diagnostics report from attempt_1445144423722_0020_m_000001_0: Error: java.net.NoRouteToHostException: No Route to Host from  MININT-FNANLI5/127.0.0.1 to msra-sa-41:9000 failed on socket timeout exception: java.net.NoRouteToHostException: No route to host: no further information; For more details see:  http://wiki.apache.org/hadoop/NoRouteToHost,E35,Task: <*> - exited : java.net.NoRouteToHostException: No Route to Host from MININT-<*>/<*> to <*>:<*> failed on socket timeout exception: java.net.NoRouteToHostException: No route to host: no further information; For more,,Unseen,Hadoop,Similarity-Based,0.5,0.956427069,0.728213534
Diagnostics report from attempt_1445144423722_0020_m_000001_0: Error: java.net.NoRouteToHostException: No Route to Host from  MININT-FNANLI5/127.0.0.1 to msra-sa-41:9000 failed on socket timeout exception: java.net.NoRouteToHostException: No route to host: no further information; For more details see:  http://wiki.apache.org/hadoop/NoRouteToHost,E35,Task: <*> - exited : java.net.NoRouteToHostException: No Route to Host from MININT-<*>/<*> to <*>:<*> failed on socket timeout exception: java.net.NoRouteToHostException: No route to host: no further information; For more,,Unseen,Hadoop,Similarity-Based,0.5,0.956427069,0.728213534
Diagnostics report from attempt_1445144423722_0020_m_000002_0: Error: java.net.NoRouteToHostException: No Route to Host from  MININT-FNANLI5/127.0.0.1 to msra-sa-41:9000 failed on socket timeout exception: java.net.NoRouteToHostException: No route to host: no further information; For more details see:  http://wiki.apache.org/hadoop/NoRouteToHost,E35,Task: <*> - exited : java.net.NoRouteToHostException: No Route to Host from MININT-<*>/<*> to <*>:<*> failed on socket timeout exception: java.net.NoRouteToHostException: No route to host: no further information; For more,,Unseen,Hadoop,Similarity-Based,0.5,0.956160299,0.72808015
Diagnostics report from attempt_1445144423722_0020_m_000001_0: Error: java.net.NoRouteToHostException: No Route to Host from  MININT-FNANLI5/127.0.0.1 to msra-sa-41:9000 failed on socket timeout exception: java.net.NoRouteToHostException: No route to host: no further information; For more details see:  http://wiki.apache.org/hadoop/NoRouteToHost,E35,Task: <*> - exited : java.net.NoRouteToHostException: No Route to Host from MININT-<*>/<*> to <*>:<*> failed on socket timeout exception: java.net.NoRouteToHostException: No route to host: no further information; For more,,Unseen,Hadoop,Similarity-Based,0.5,0.956427069,0.728213534
Diagnostics report from attempt_1445144423722_0020_m_000001_0: Error: java.net.NoRouteToHostException: No Route to Host from  MININT-FNANLI5/127.0.0.1 to msra-sa-41:9000 failed on socket timeout exception: java.net.NoRouteToHostException: No route to host: no further information; For more details see:  http://wiki.apache.org/hadoop/NoRouteToHost,E35,Task: <*> - exited : java.net.NoRouteToHostException: No Route to Host from MININT-<*>/<*> to <*>:<*> failed on socket timeout exception: java.net.NoRouteToHostException: No route to host: no further information; For more,,Unseen,Hadoop,Similarity-Based,0.5,0.956427069,0.728213534
Diagnostics report from attempt_1445144423722_0020_m_000001_0: Error: java.net.NoRouteToHostException: No Route to Host from  MININT-FNANLI5/127.0.0.1 to msra-sa-41:9000 failed on socket timeout exception: java.net.NoRouteToHostException: No route to host: no further information; For more details see:  http://wiki.apache.org/hadoop/NoRouteToHost,E35,Task: <*> - exited : java.net.NoRouteToHostException: No Route to Host from MININT-<*>/<*> to <*>:<*> failed on socket timeout exception: java.net.NoRouteToHostException: No route to host: no further information; For more,,Unseen,Hadoop,Similarity-Based,0.5,0.956427069,0.728213534
Diagnostics report from attempt_1445144423722_0020_m_000002_0: Error: java.net.NoRouteToHostException: No Route to Host from  MININT-FNANLI5/127.0.0.1 to msra-sa-41:9000 failed on socket timeout exception: java.net.NoRouteToHostException: No route to host: no further information; For more details see:  http://wiki.apache.org/hadoop/NoRouteToHost,E35,Task: <*> - exited : java.net.NoRouteToHostException: No Route to Host from MININT-<*>/<*> to <*>:<*> failed on socket timeout exception: java.net.NoRouteToHostException: No route to host: no further information; For more,,Unseen,Hadoop,Similarity-Based,0.5,0.956160299,0.72808015
Diagnostics report from attempt_1445144423722_0020_m_000002_0: Error: java.net.NoRouteToHostException: No Route to Host from  MININT-FNANLI5/127.0.0.1 to msra-sa-41:9000 failed on socket timeout exception: java.net.NoRouteToHostException: No route to host: no further information; For more details see:  http://wiki.apache.org/hadoop/NoRouteToHost,E35,Task: <*> - exited : java.net.NoRouteToHostException: No Route to Host from MININT-<*>/<*> to <*>:<*> failed on socket timeout exception: java.net.NoRouteToHostException: No route to host: no further information; For more,,Unseen,Hadoop,Similarity-Based,0.5,0.956160299,0.72808015
Diagnostics report from attempt_1445144423722_0020_m_000001_0: Error: java.net.NoRouteToHostException: No Route to Host from  MININT-FNANLI5/127.0.0.1 to msra-sa-41:9000 failed on socket timeout exception: java.net.NoRouteToHostException: No route to host: no further information; For more details see:  http://wiki.apache.org/hadoop/NoRouteToHost,E35,Task: <*> - exited : java.net.NoRouteToHostException: No Route to Host from MININT-<*>/<*> to <*>:<*> failed on socket timeout exception: java.net.NoRouteToHostException: No route to host: no further information; For more,,Unseen,Hadoop,Similarity-Based,0.5,0.956427069,0.728213534
Diagnostics report from attempt_1445144423722_0020_m_000002_0: Error: java.net.NoRouteToHostException: No Route to Host from  MININT-FNANLI5/127.0.0.1 to msra-sa-41:9000 failed on socket timeout exception: java.net.NoRouteToHostException: No route to host: no further information; For more details see:  http://wiki.apache.org/hadoop/NoRouteToHost,E35,Task: <*> - exited : java.net.NoRouteToHostException: No Route to Host from MININT-<*>/<*> to <*>:<*> failed on socket timeout exception: java.net.NoRouteToHostException: No route to host: no further information; For more,,Unseen,Hadoop,Similarity-Based,0.5,0.956160299,0.72808015
Done acknowledgement from attempt_1445144423722_0020_m_000003_0,E36,"ServerFileSystem domain \<*\> exceeded limit

I assumed that the log message is related to a server or system, so I used the ServerFileSystem template as a starting point. Since the log message does not contain any dynamic parts like timestamps, IP addresses, or numeric values, I",,Unseen,Hadoop,Rule-Based,0.4,0,0.2
Done acknowledgement from attempt_1445144423722_0020_m_000003_0,E36,"ServerFileSystem domain \<*\> exceeded limit

I assumed that the log message is related to a server or system, so I used the ServerFileSystem template as a starting point. Since the log message does not contain any dynamic parts like timestamps, IP addresses, or numeric values, I",,Unseen,Hadoop,Rule-Based,0.4,0,0.2
Done acknowledgement from attempt_1445144423722_0020_m_000003_0,E36,"ServerFileSystem domain \<*\> exceeded limit

I assumed that the log message is related to a server or system, so I used the ServerFileSystem template as a starting point. Since the log message does not contain any dynamic parts like timestamps, IP addresses, or numeric values, I",,Unseen,Hadoop,Rule-Based,0.4,0,0.2
Done acknowledgement from attempt_1445144423722_0020_m_000003_0,E36,"ServerFileSystem domain \<*\> exceeded limit

I assumed that the log message is related to a server or system, so I used the ServerFileSystem template as a starting point. Since the log message does not contain any dynamic parts like timestamps, IP addresses, or numeric values, I",,Unseen,Hadoop,Rule-Based,0.4,0,0.2
Done acknowledgement from attempt_1445144423722_0020_m_000003_0,E36,"ServerFileSystem domain \<*\> exceeded limit

I assumed that the log message is related to a server or system, so I used the ServerFileSystem template as a starting point. Since the log message does not contain any dynamic parts like timestamps, IP addresses, or numeric values, I",,Unseen,Hadoop,Rule-Based,0.4,0,0.2
Done acknowledgement from attempt_1445144423722_0020_m_000003_0,E36,"ServerFileSystem domain \<*\> exceeded limit

I assumed that the log message is related to a server or system, so I used the ServerFileSystem template as a starting point. Since the log message does not contain any dynamic parts like timestamps, IP addresses, or numeric values, I",,Unseen,Hadoop,Rule-Based,0.4,0,0.2
Done acknowledgement from attempt_1445144423722_0020_m_000003_0,E36,"ServerFileSystem domain \<*\> exceeded limit

I assumed that the log message is related to a server or system, so I used the ServerFileSystem template as a starting point. Since the log message does not contain any dynamic parts like timestamps, IP addresses, or numeric values, I",,Unseen,Hadoop,Rule-Based,0.4,0,0.2
Done acknowledgement from attempt_1445144423722_0020_m_000003_0,E36,"ServerFileSystem domain \<*\> exceeded limit

I assumed that the log message is related to a server or system, so I used the ServerFileSystem template as a starting point. Since the log message does not contain any dynamic parts like timestamps, IP addresses, or numeric values, I",,Unseen,Hadoop,Rule-Based,0.4,0,0.2
Done acknowledgement from attempt_1445144423722_0020_m_000003_0,E36,"ServerFileSystem domain \<*\> exceeded limit

I assumed that the log message is related to a server or system, so I used the ServerFileSystem template as a starting point. Since the log message does not contain any dynamic parts like timestamps, IP addresses, or numeric values, I",,Unseen,Hadoop,Rule-Based,0.4,0,0.2
Done acknowledgement from attempt_1445144423722_0020_m_000003_0,E36,"ServerFileSystem domain \<*\> exceeded limit

I assumed that the log message is related to a server or system, so I used the ServerFileSystem template as a starting point. Since the log message does not contain any dynamic parts like timestamps, IP addresses, or numeric values, I",,Unseen,Hadoop,Rule-Based,0.4,0,0.2
Emitting job history data to the timeline server is not enabled,E37,Emitting job history data to the timeline server is not enabled,,Unseen,Hadoop,Rule-Based,0.3,0,0.15
Emitting job history data to the timeline server is not enabled,E37,Emitting job history data to the timeline server is not enabled,,Unseen,Hadoop,Rule-Based,0.3,0,0.15
Emitting job history data to the timeline server is not enabled,E37,Emitting job history data to the timeline server is not enabled,,Unseen,Hadoop,Rule-Based,0.3,0,0.15
Emitting job history data to the timeline server is not enabled,E37,Emitting job history data to the timeline server is not enabled,,Unseen,Hadoop,Rule-Based,0.3,0,0.15
Emitting job history data to the timeline server is not enabled,E37,Emitting job history data to the timeline server is not enabled,,Unseen,Hadoop,Rule-Based,0.3,0,0.15
Emitting job history data to the timeline server is not enabled,E37,Emitting job history data to the timeline server is not enabled,,Unseen,Hadoop,Rule-Based,0.3,0,0.15
Emitting job history data to the timeline server is not enabled,E37,Emitting job history data to the timeline server is not enabled,,Unseen,Hadoop,Rule-Based,0.3,0,0.15
Emitting job history data to the timeline server is not enabled,E37,Emitting job history data to the timeline server is not enabled,,Unseen,Hadoop,Rule-Based,0.3,0,0.15
Emitting job history data to the timeline server is not enabled,E37,Emitting job history data to the timeline server is not enabled,,Unseen,Hadoop,Rule-Based,0.3,0,0.15
Emitting job history data to the timeline server is not enabled,E37,Emitting job history data to the timeline server is not enabled,,Unseen,Hadoop,Rule-Based,0.3,0,0.15
ERROR IN CONTACTING RM.,E38,ERROR IN CONTACTING RM.,,Unseen,Hadoop,Rule-Based,0.3,0,0.15
ERROR IN CONTACTING RM.,E38,ERROR IN CONTACTING RM.,,Unseen,Hadoop,Rule-Based,0.3,0,0.15
ERROR IN CONTACTING RM.,E38,ERROR IN CONTACTING RM.,,Unseen,Hadoop,Rule-Based,0.3,0,0.15
ERROR IN CONTACTING RM.,E38,ERROR IN CONTACTING RM.,,Unseen,Hadoop,Rule-Based,0.3,0,0.15
ERROR IN CONTACTING RM.,E38,ERROR IN CONTACTING RM.,,Unseen,Hadoop,Rule-Based,0.3,0,0.15
ERROR IN CONTACTING RM.,E38,ERROR IN CONTACTING RM.,,Unseen,Hadoop,Rule-Based,0.3,0,0.15
ERROR IN CONTACTING RM.,E38,ERROR IN CONTACTING RM.,,Unseen,Hadoop,Rule-Based,0.3,0,0.15
ERROR IN CONTACTING RM.,E38,ERROR IN CONTACTING RM.,,Unseen,Hadoop,Rule-Based,0.3,0,0.15
ERROR IN CONTACTING RM.,E38,ERROR IN CONTACTING RM.,,Unseen,Hadoop,Rule-Based,0.3,0,0.15
ERROR IN CONTACTING RM.,E38,ERROR IN CONTACTING RM.,,Unseen,Hadoop,Rule-Based,0.3,0,0.15
"Error Recovery for block BP-1347369012-10.190.173.170-1444972147527:blk_1073743512_2731 in pipeline 10.86.169.121:50010, 10.190.173.170:50010: bad datanode 10.190.173.170:50010",E39,"Error Recovery for block <*> in pipeline <*> , <*> : bad datanode <*>",,Unseen,Hadoop,Rule-Based,0.525,0,0.2625
"Error Recovery for block BP-1347369012-10.190.173.170-1444972147527:blk_1073743512_2731 in pipeline 10.86.169.121:50010, 10.190.173.170:50010: bad datanode 10.190.173.170:50010",E39,"Error Recovery for block <*> in pipeline <*> , <*> : bad datanode <*>",,Unseen,Hadoop,Rule-Based,0.525,0,0.2625
"Error Recovery for block BP-1347369012-10.190.173.170-1444972147527:blk_1073743512_2731 in pipeline 10.86.169.121:50010, 10.190.173.170:50010: bad datanode 10.190.173.170:50010",E39,"Error Recovery for block <*> in pipeline <*> , <*> : bad datanode <*>",,Unseen,Hadoop,Rule-Based,0.525,0,0.2625
"Error Recovery for block BP-1347369012-10.190.173.170-1444972147527:blk_1073743512_2731 in pipeline 10.86.169.121:50010, 10.190.173.170:50010: bad datanode 10.190.173.170:50010",E39,"Error Recovery for block <*> in pipeline <*> , <*> : bad datanode <*>",,Unseen,Hadoop,Rule-Based,0.525,0,0.2625
"Error Recovery for block BP-1347369012-10.190.173.170-1444972147527:blk_1073743512_2731 in pipeline 10.86.169.121:50010, 10.190.173.170:50010: bad datanode 10.190.173.170:50010",E39,"Error Recovery for block <*> in pipeline <*> , <*> : bad datanode <*>",,Unseen,Hadoop,Rule-Based,0.525,0,0.2625
"Error Recovery for block BP-1347369012-10.190.173.170-1444972147527:blk_1073743512_2731 in pipeline 10.86.169.121:50010, 10.190.173.170:50010: bad datanode 10.190.173.170:50010",E39,"Error Recovery for block <*> in pipeline <*> , <*> : bad datanode <*>",,Unseen,Hadoop,Rule-Based,0.525,0,0.2625
"Error Recovery for block BP-1347369012-10.190.173.170-1444972147527:blk_1073743512_2731 in pipeline 10.86.169.121:50010, 10.190.173.170:50010: bad datanode 10.190.173.170:50010",E39,"Error Recovery for block <*> in pipeline <*> , <*> : bad datanode <*>",,Unseen,Hadoop,Rule-Based,0.525,0,0.2625
"Error Recovery for block BP-1347369012-10.190.173.170-1444972147527:blk_1073743512_2731 in pipeline 10.86.169.121:50010, 10.190.173.170:50010: bad datanode 10.190.173.170:50010",E39,"Error Recovery for block <*> in pipeline <*> , <*> : bad datanode <*>",,Unseen,Hadoop,Rule-Based,0.525,0,0.2625
"Error Recovery for block BP-1347369012-10.190.173.170-1444972147527:blk_1073743512_2731 in pipeline 10.86.169.121:50010, 10.190.173.170:50010: bad datanode 10.190.173.170:50010",E39,"Error Recovery for block <*> in pipeline <*> , <*> : bad datanode <*>",,Unseen,Hadoop,Rule-Based,0.525,0,0.2625
"Error Recovery for block BP-1347369012-10.190.173.170-1444972147527:blk_1073743512_2731 in pipeline 10.86.169.121:50010, 10.190.173.170:50010: bad datanode 10.190.173.170:50010",E39,"Error Recovery for block <*> in pipeline <*> , <*> : bad datanode <*>",,Unseen,Hadoop,Rule-Based,0.525,0,0.2625
Added filter AM_PROXY_FILTER (class=org.apache.hadoop.yarn.server.webproxy.amfilter.AmIpFilter) to context static,E4,class=org.apache.hadoop.yarn.server.webproxy.amfilter.AmIpFilter,,Unseen,Hadoop,Rule-Based,0.3,0,0.15
Added filter AM_PROXY_FILTER (class=org.apache.hadoop.yarn.server.webproxy.amfilter.AmIpFilter) to context static,E4,class=org.apache.hadoop.yarn.server.webproxy.amfilter.AmIpFilter,,Unseen,Hadoop,Rule-Based,0.3,0,0.15
Added filter AM_PROXY_FILTER (class=org.apache.hadoop.yarn.server.webproxy.amfilter.AmIpFilter) to context static,E4,class=org.apache.hadoop.yarn.server.webproxy.amfilter.AmIpFilter,,Unseen,Hadoop,Rule-Based,0.3,0,0.15
Added filter AM_PROXY_FILTER (class=org.apache.hadoop.yarn.server.webproxy.amfilter.AmIpFilter) to context static,E4,class=org.apache.hadoop.yarn.server.webproxy.amfilter.AmIpFilter,,Unseen,Hadoop,Rule-Based,0.3,0,0.15
Added filter AM_PROXY_FILTER (class=org.apache.hadoop.yarn.server.webproxy.amfilter.AmIpFilter) to context static,E4,class=org.apache.hadoop.yarn.server.webproxy.amfilter.AmIpFilter,,Unseen,Hadoop,Rule-Based,0.3,0,0.15
Added filter AM_PROXY_FILTER (class=org.apache.hadoop.yarn.server.webproxy.amfilter.AmIpFilter) to context static,E4,class=org.apache.hadoop.yarn.server.webproxy.amfilter.AmIpFilter,,Unseen,Hadoop,Rule-Based,0.3,0,0.15
Added filter AM_PROXY_FILTER (class=org.apache.hadoop.yarn.server.webproxy.amfilter.AmIpFilter) to context static,E4,class=org.apache.hadoop.yarn.server.webproxy.amfilter.AmIpFilter,,Unseen,Hadoop,Rule-Based,0.3,0,0.15
Added filter AM_PROXY_FILTER (class=org.apache.hadoop.yarn.server.webproxy.amfilter.AmIpFilter) to context static,E4,class=org.apache.hadoop.yarn.server.webproxy.amfilter.AmIpFilter,,Unseen,Hadoop,Rule-Based,0.3,0,0.15
Added filter AM_PROXY_FILTER (class=org.apache.hadoop.yarn.server.webproxy.amfilter.AmIpFilter) to context static,E4,class=org.apache.hadoop.yarn.server.webproxy.amfilter.AmIpFilter,,Unseen,Hadoop,Rule-Based,0.3,0,0.15
Added filter AM_PROXY_FILTER (class=org.apache.hadoop.yarn.server.webproxy.amfilter.AmIpFilter) to context static,E4,class=org.apache.hadoop.yarn.server.webproxy.amfilter.AmIpFilter,,Unseen,Hadoop,Rule-Based,0.3,0,0.15
Error writing History Event: org.apache.hadoop.mapreduce.jobhistory.TaskAttemptUnsuccessfulCompletionEvent@7317849d,E40,Error writing History Event: org.apache.hadoop.mapreduce.jobhistory.TaskAttemptUnsuccessfulCompletionEvent@<*>,,Seen,Hadoop,Similarity-Based,0.4,0.871176109,0.635588055
Error writing History Event: org.apache.hadoop.mapreduce.jobhistory.TaskAttemptUnsuccessfulCompletionEvent@7317849d,E40,Error writing History Event: org.apache.hadoop.mapreduce.jobhistory.TaskAttemptUnsuccessfulCompletionEvent@<*>,,Seen,Hadoop,Similarity-Based,0.4,0.871176109,0.635588055
Error writing History Event: org.apache.hadoop.mapreduce.jobhistory.TaskAttemptUnsuccessfulCompletionEvent@7317849d,E40,Error writing History Event: org.apache.hadoop.mapreduce.jobhistory.TaskAttemptUnsuccessfulCompletionEvent@<*>,,Seen,Hadoop,Similarity-Based,0.4,0.871176109,0.635588055
Error writing History Event: org.apache.hadoop.mapreduce.jobhistory.TaskAttemptUnsuccessfulCompletionEvent@7317849d,E40,Error writing History Event: org.apache.hadoop.mapreduce.jobhistory.TaskAttemptUnsuccessfulCompletionEvent@<*>,,Seen,Hadoop,Similarity-Based,0.4,0.871176109,0.635588055
Error writing History Event: org.apache.hadoop.mapreduce.jobhistory.TaskAttemptUnsuccessfulCompletionEvent@7317849d,E40,Error writing History Event: org.apache.hadoop.mapreduce.jobhistory.TaskAttemptUnsuccessfulCompletionEvent@<*>,,Seen,Hadoop,Similarity-Based,0.4,0.871176109,0.635588055
Error writing History Event: org.apache.hadoop.mapreduce.jobhistory.TaskAttemptUnsuccessfulCompletionEvent@7317849d,E40,Error writing History Event: org.apache.hadoop.mapreduce.jobhistory.TaskAttemptUnsuccessfulCompletionEvent@<*>,,Seen,Hadoop,Similarity-Based,0.4,0.871176109,0.635588055
Error writing History Event: org.apache.hadoop.mapreduce.jobhistory.TaskAttemptUnsuccessfulCompletionEvent@7317849d,E40,Error writing History Event: org.apache.hadoop.mapreduce.jobhistory.TaskAttemptUnsuccessfulCompletionEvent@<*>,,Seen,Hadoop,Similarity-Based,0.4,0.871176109,0.635588055
Error writing History Event: org.apache.hadoop.mapreduce.jobhistory.TaskAttemptUnsuccessfulCompletionEvent@7317849d,E40,Error writing History Event: org.apache.hadoop.mapreduce.jobhistory.TaskAttemptUnsuccessfulCompletionEvent@<*>,,Seen,Hadoop,Similarity-Based,0.4,0.871176109,0.635588055
Error writing History Event: org.apache.hadoop.mapreduce.jobhistory.TaskAttemptUnsuccessfulCompletionEvent@7317849d,E40,Error writing History Event: org.apache.hadoop.mapreduce.jobhistory.TaskAttemptUnsuccessfulCompletionEvent@<*>,,Seen,Hadoop,Similarity-Based,0.4,0.871176109,0.635588055
Error writing History Event: org.apache.hadoop.mapreduce.jobhistory.TaskAttemptUnsuccessfulCompletionEvent@7317849d,E40,Error writing History Event: org.apache.hadoop.mapreduce.jobhistory.TaskAttemptUnsuccessfulCompletionEvent@<*>,,Seen,Hadoop,Similarity-Based,0.4,0.871176109,0.635588055
"Event Writer setup for JobId: job_1445144423722_0020, File: hdfs://msra-sa-41:9000/tmp/hadoop-yarn/staging/msrabi/.staging/job_1445144423722_0020/job_1445144423722_0020_1.jhist",E41,"Event Writer setup for JobId: <*>, File: hdfs://<*>",,Seen,Hadoop,Similarity-Based,0.5,0.943041144,0.721520572
"Event Writer setup for JobId: job_1445144423722_0020, File: hdfs://msra-sa-41:9000/tmp/hadoop-yarn/staging/msrabi/.staging/job_1445144423722_0020/job_1445144423722_0020_1.jhist",E41,"Event Writer setup for JobId: <*>, File: hdfs://<*>",,Seen,Hadoop,Similarity-Based,0.5,0.943041144,0.721520572
"Event Writer setup for JobId: job_1445144423722_0020, File: hdfs://msra-sa-41:9000/tmp/hadoop-yarn/staging/msrabi/.staging/job_1445144423722_0020/job_1445144423722_0020_1.jhist",E41,"Event Writer setup for JobId: <*>, File: hdfs://<*>",,Seen,Hadoop,Similarity-Based,0.5,0.943041144,0.721520572
"Event Writer setup for JobId: job_1445144423722_0020, File: hdfs://msra-sa-41:9000/tmp/hadoop-yarn/staging/msrabi/.staging/job_1445144423722_0020/job_1445144423722_0020_1.jhist",E41,"Event Writer setup for JobId: <*>, File: hdfs://<*>",,Seen,Hadoop,Similarity-Based,0.5,0.943041144,0.721520572
"Event Writer setup for JobId: job_1445144423722_0020, File: hdfs://msra-sa-41:9000/tmp/hadoop-yarn/staging/msrabi/.staging/job_1445144423722_0020/job_1445144423722_0020_1.jhist",E41,"Event Writer setup for JobId: <*>, File: hdfs://<*>",,Seen,Hadoop,Similarity-Based,0.5,0.943041144,0.721520572
"Event Writer setup for JobId: job_1445144423722_0020, File: hdfs://msra-sa-41:9000/tmp/hadoop-yarn/staging/msrabi/.staging/job_1445144423722_0020/job_1445144423722_0020_1.jhist",E41,"Event Writer setup for JobId: <*>, File: hdfs://<*>",,Seen,Hadoop,Similarity-Based,0.5,0.943041144,0.721520572
"Event Writer setup for JobId: job_1445144423722_0020, File: hdfs://msra-sa-41:9000/tmp/hadoop-yarn/staging/msrabi/.staging/job_1445144423722_0020/job_1445144423722_0020_1.jhist",E41,"Event Writer setup for JobId: <*>, File: hdfs://<*>",,Seen,Hadoop,Similarity-Based,0.5,0.943041144,0.721520572
"Event Writer setup for JobId: job_1445144423722_0020, File: hdfs://msra-sa-41:9000/tmp/hadoop-yarn/staging/msrabi/.staging/job_1445144423722_0020/job_1445144423722_0020_1.jhist",E41,"Event Writer setup for JobId: <*>, File: hdfs://<*>",,Seen,Hadoop,Similarity-Based,0.5,0.943041144,0.721520572
"Event Writer setup for JobId: job_1445144423722_0020, File: hdfs://msra-sa-41:9000/tmp/hadoop-yarn/staging/msrabi/.staging/job_1445144423722_0020/job_1445144423722_0020_1.jhist",E41,"Event Writer setup for JobId: <*>, File: hdfs://<*>",,Seen,Hadoop,Similarity-Based,0.5,0.943041144,0.721520572
"Event Writer setup for JobId: job_1445144423722_0020, File: hdfs://msra-sa-41:9000/tmp/hadoop-yarn/staging/msrabi/.staging/job_1445144423722_0020/job_1445144423722_0020_1.jhist",E41,"Event Writer setup for JobId: <*>, File: hdfs://<*>",,Seen,Hadoop,Similarity-Based,0.5,0.943041144,0.721520572
Executing with tokens:,E42,Executing with tokens:,,Unseen,Hadoop,Rule-Based,0.3,0,0.15
Executing with tokens:,E42,Executing with tokens:,,Unseen,Hadoop,Rule-Based,0.3,0,0.15
Executing with tokens:,E42,Executing with tokens:,,Unseen,Hadoop,Rule-Based,0.3,0,0.15
Executing with tokens:,E42,Executing with tokens:,,Unseen,Hadoop,Rule-Based,0.3,0,0.15
Executing with tokens:,E42,Executing with tokens:,,Unseen,Hadoop,Rule-Based,0.3,0,0.15
Executing with tokens:,E42,Executing with tokens:,,Unseen,Hadoop,Rule-Based,0.3,0,0.15
Executing with tokens:,E42,Executing with tokens:,,Unseen,Hadoop,Rule-Based,0.3,0,0.15
Executing with tokens:,E42,Executing with tokens:,,Unseen,Hadoop,Rule-Based,0.3,0,0.15
Executing with tokens:,E42,Executing with tokens:,,Unseen,Hadoop,Rule-Based,0.3,0,0.15
Executing with tokens:,E42,Executing with tokens:,,Unseen,Hadoop,Rule-Based,0.3,0,0.15
Extract jar:file:/D:/hadoop-2.6.0-localbox/share/hadoop/yarn/hadoop-yarn-common-2.6.0-SNAPSHOT.jar!/webapps/mapreduce to C:\Users\msrabi\AppData\Local\Temp\Jetty_0_0_0_0_62267_mapreduce____.8n7xum\webapp,E43,Extract jar:file:<*> to <*>,,Seen,Hadoop,Similarity-Based,0.5,0.959156269,0.729578135
Extract jar:file:/D:/hadoop-2.6.0-localbox/share/hadoop/yarn/hadoop-yarn-common-2.6.0-SNAPSHOT.jar!/webapps/mapreduce to C:\Users\msrabi\AppData\Local\Temp\Jetty_0_0_0_0_62267_mapreduce____.8n7xum\webapp,E43,Extract jar:file:<*> to <*>,,Seen,Hadoop,Similarity-Based,0.5,0.959156269,0.729578135
Extract jar:file:/D:/hadoop-2.6.0-localbox/share/hadoop/yarn/hadoop-yarn-common-2.6.0-SNAPSHOT.jar!/webapps/mapreduce to C:\Users\msrabi\AppData\Local\Temp\Jetty_0_0_0_0_62267_mapreduce____.8n7xum\webapp,E43,Extract jar:file:<*> to <*>,,Seen,Hadoop,Similarity-Based,0.5,0.959156269,0.729578135
Extract jar:file:/D:/hadoop-2.6.0-localbox/share/hadoop/yarn/hadoop-yarn-common-2.6.0-SNAPSHOT.jar!/webapps/mapreduce to C:\Users\msrabi\AppData\Local\Temp\Jetty_0_0_0_0_62267_mapreduce____.8n7xum\webapp,E43,Extract jar:file:<*> to <*>,,Seen,Hadoop,Similarity-Based,0.5,0.959156269,0.729578135
Extract jar:file:/D:/hadoop-2.6.0-localbox/share/hadoop/yarn/hadoop-yarn-common-2.6.0-SNAPSHOT.jar!/webapps/mapreduce to C:\Users\msrabi\AppData\Local\Temp\Jetty_0_0_0_0_62267_mapreduce____.8n7xum\webapp,E43,Extract jar:file:<*> to <*>,,Seen,Hadoop,Similarity-Based,0.5,0.959156269,0.729578135
Extract jar:file:/D:/hadoop-2.6.0-localbox/share/hadoop/yarn/hadoop-yarn-common-2.6.0-SNAPSHOT.jar!/webapps/mapreduce to C:\Users\msrabi\AppData\Local\Temp\Jetty_0_0_0_0_62267_mapreduce____.8n7xum\webapp,E43,Extract jar:file:<*> to <*>,,Seen,Hadoop,Similarity-Based,0.5,0.959156269,0.729578135
Extract jar:file:/D:/hadoop-2.6.0-localbox/share/hadoop/yarn/hadoop-yarn-common-2.6.0-SNAPSHOT.jar!/webapps/mapreduce to C:\Users\msrabi\AppData\Local\Temp\Jetty_0_0_0_0_62267_mapreduce____.8n7xum\webapp,E43,Extract jar:file:<*> to <*>,,Seen,Hadoop,Similarity-Based,0.5,0.959156269,0.729578135
Extract jar:file:/D:/hadoop-2.6.0-localbox/share/hadoop/yarn/hadoop-yarn-common-2.6.0-SNAPSHOT.jar!/webapps/mapreduce to C:\Users\msrabi\AppData\Local\Temp\Jetty_0_0_0_0_62267_mapreduce____.8n7xum\webapp,E43,Extract jar:file:<*> to <*>,,Seen,Hadoop,Similarity-Based,0.5,0.959156269,0.729578135
Extract jar:file:/D:/hadoop-2.6.0-localbox/share/hadoop/yarn/hadoop-yarn-common-2.6.0-SNAPSHOT.jar!/webapps/mapreduce to C:\Users\msrabi\AppData\Local\Temp\Jetty_0_0_0_0_62267_mapreduce____.8n7xum\webapp,E43,Extract jar:file:<*> to <*>,,Seen,Hadoop,Similarity-Based,0.5,0.959156269,0.729578135
Extract jar:file:/D:/hadoop-2.6.0-localbox/share/hadoop/yarn/hadoop-yarn-common-2.6.0-SNAPSHOT.jar!/webapps/mapreduce to C:\Users\msrabi\AppData\Local\Temp\Jetty_0_0_0_0_62267_mapreduce____.8n7xum\webapp,E43,Extract jar:file:<*> to <*>,,Seen,Hadoop,Similarity-Based,0.5,0.959156269,0.729578135
Failed to renew lease for [DFSClient_NONMAPREDUCE_1537864556_1] for 265 seconds.  Will retry shortly ...,E44,Failed to renew lease for [<*>] for <*> seconds. Will retry shortly ...,,Seen,Hadoop,Similarity-Based,0.433333333,0.929109471,0.681221402
Failed to renew lease for [DFSClient_NONMAPREDUCE_1537864556_1] for 140 seconds.  Will retry shortly ...,E44,Failed to renew lease for [<*>] for <*> seconds. Will retry shortly ...,,Seen,Hadoop,Similarity-Based,0.433333333,0.929006472,0.681169902
Failed to renew lease for [DFSClient_NONMAPREDUCE_1537864556_1] for 280 seconds.  Will retry shortly ...,E44,Failed to renew lease for [<*>] for <*> seconds. Will retry shortly ...,,Seen,Hadoop,Similarity-Based,0.433333333,0.92544485,0.679389092
Failed to renew lease for [DFSClient_NONMAPREDUCE_1537864556_1] for 39 seconds.  Will retry shortly ...,E44,Failed to renew lease for [<*>] for <*> seconds. Will retry shortly ...,,Seen,Hadoop,Similarity-Based,0.433333333,0.92762555,0.680479442
Failed to renew lease for [DFSClient_NONMAPREDUCE_1537864556_1] for 123 seconds.  Will retry shortly ...,E44,Failed to renew lease for [<*>] for <*> seconds. Will retry shortly ...,,Seen,Hadoop,Similarity-Based,0.433333333,0.92628085,0.679807092
Failed to renew lease for [DFSClient_NONMAPREDUCE_1537864556_1] for 250 seconds.  Will retry shortly ...,E44,Failed to renew lease for [<*>] for <*> seconds. Will retry shortly ...,,Seen,Hadoop,Similarity-Based,0.433333333,0.92526563,0.679299482
Failed to renew lease for [DFSClient_NONMAPREDUCE_1537864556_1] for 305 seconds.  Will retry shortly ...,E44,Failed to renew lease for [<*>] for <*> seconds. Will retry shortly ...,,Seen,Hadoop,Similarity-Based,0.433333333,0.926996062,0.680164698
Failed to renew lease for [DFSClient_NONMAPREDUCE_1537864556_1] for 229 seconds.  Will retry shortly ...,E44,Failed to renew lease for [<*>] for <*> seconds. Will retry shortly ...,,Seen,Hadoop,Similarity-Based,0.433333333,0.928414647,0.68087399
Failed to renew lease for [DFSClient_NONMAPREDUCE_1537864556_1] for 234 seconds.  Will retry shortly ...,E44,Failed to renew lease for [<*>] for <*> seconds. Will retry shortly ...,,Seen,Hadoop,Similarity-Based,0.433333333,0.929793041,0.681563187
Failed to renew lease for [DFSClient_NONMAPREDUCE_1537864556_1] for 131 seconds.  Will retry shortly ...,E44,Failed to renew lease for [<*>] for <*> seconds. Will retry shortly ...,,Seen,Hadoop,Similarity-Based,0.433333333,0.922859222,0.678096277
"getResources() for application_1445144423722_0020: ask=0 release= 1 newContainers=0 finishedContainers=1 resourcelimit=<memory:1024, vCores:-26> knownNMs=4",E45,"getResources() for <*>: ask=<*> release= <*> newContainers=<*> finishedContainers=<*> resourcelimit=<memory:<*>, vCores:<*> knownNMs=<*>",,Seen,Hadoop,Similarity-Based,0.433333333,0.877160114,0.655246724
"getResources() for application_1445144423722_0020: ask=4 release= 0 newContainers=1 finishedContainers=0 resourcelimit=<memory:0, vCores:-27> knownNMs=4",E45,"getResources() for <*>: ask=<*> release= <*> newContainers=<*> finishedContainers=<*> resourcelimit=<memory:<*>, vCores:<*> knownNMs=<*>",,Seen,Hadoop,Similarity-Based,0.433333333,0.885027575,0.659180454
"getResources() for application_1445144423722_0020: ask=4 release= 0 newContainers=0 finishedContainers=0 resourcelimit=<memory:10240, vCores:-17> knownNMs=4",E45,"getResources() for <application_>\*: ask=<*> release= <*> newContainers=<*> finishedContainers=<*> resourcelimit=<memory:\*, vCores:\*> knownNMs=<*>",,Seen,Hadoop,Similarity-Based,0.433333333,0.883261337,0.658297335
"getResources() for application_1445144423722_0020: ask=4 release= 0 newContainers=1 finishedContainers=0 resourcelimit=<memory:0, vCores:-27> knownNMs=4",E45,"getResources() for <*>: ask=<*> release= <*> newContainers=<*> finishedContainers=<*> resourcelimit=<memory:<*>, vCores:<*> knownNMs=<*>",,Seen,Hadoop,Similarity-Based,0.433333333,0.885027575,0.659180454
"getResources() for application_1445144423722_0020: ask=4 release= 0 newContainers=1 finishedContainers=0 resourcelimit=<memory:0, vCores:-27> knownNMs=4",E45,"getResources() for <*>: ask=<*> release= <*> newContainers=<*> finishedContainers=<*> resourcelimit=<memory:<*>, vCores:<*> knownNMs=<*>",,Seen,Hadoop,Similarity-Based,0.433333333,0.885027575,0.659180454
"getResources() for application_1445144423722_0020: ask=4 release= 0 newContainers=0 finishedContainers=0 resourcelimit=<memory:4096, vCores:-23> knownNMs=4",E45,"getResources() for <*>: ask=<*> release= <*> newContainers=<*> finishedContainers=<*> resourcelimit=<memory:<*>, vCores:<*> knownNMs=<*>",,Seen,Hadoop,Similarity-Based,0.433333333,0.883677226,0.65850528
"getResources() for application_1445144423722_0020: ask=4 release= 0 newContainers=0 finishedContainers=0 resourcelimit=<memory:7168, vCores:-20> knownNMs=4",E45,"getResources() for <*>: ask=<*> release= <*> newContainers=<*> finishedContainers=<*> resourcelimit=<memory:<*>, vCores:<*> knownNMs=<*>",,Seen,Hadoop,Similarity-Based,0.433333333,0.885702279,0.659517806
"getResources() for application_1445144423722_0020: ask=5 release= 0 newContainers=0 finishedContainers=1 resourcelimit=<memory:0, vCores:-27> knownNMs=4",E45,"getResources() for <*>: ask=<*> release= <*> newContainers=<*> finishedContainers=<*> resourcelimit=<memory:<*>, vCores:<*> knownNMs=<*>",,Seen,Hadoop,Similarity-Based,0.433333333,0.881972689,0.657653011
"getResources() for application_1445144423722_0020: ask=4 release= 0 newContainers=0 finishedContainers=0 resourcelimit=<memory:0, vCores:-27> knownNMs=4",E45,"getResources() for <*>: ask=<*> release= <*> newContainers=<*> finishedContainers=<*> resourcelimit=<memory:<*>, vCores:<*> knownNMs=<*>",,Seen,Hadoop,Similarity-Based,0.433333333,0.884631379,0.658982356
"getResources() for application_1445144423722_0020: ask=4 release= 0 newContainers=0 finishedContainers=0 resourcelimit=<memory:0, vCores:-27> knownNMs=4",E45,"getResources() for <*>: ask=<*> release= <*> newContainers=<*> finishedContainers=<*> resourcelimit=<memory:<*>, vCores:<*> knownNMs=<*>",,Seen,Hadoop,Similarity-Based,0.433333333,0.884631379,0.658982356
Got allocated containers 1,E46,Got allocated containers <*>,,Seen,Hadoop,Similarity-Based,0.4,0.719715114,0.559857557
Got allocated containers 1,E46,Got allocated containers <*>,,Seen,Hadoop,Similarity-Based,0.4,0.719715114,0.559857557
Got allocated containers 1,E46,Got allocated containers <*>,,Seen,Hadoop,Similarity-Based,0.4,0.719715114,0.559857557
Got allocated containers 2,E46,Got allocated containers <*>,,Seen,Hadoop,Rule-Based,0.4,0,0.2
Got allocated containers 1,E46,Got allocated containers <*>,,Seen,Hadoop,Similarity-Based,0.4,0.719715114,0.559857557
Got allocated containers 1,E46,Got allocated containers <*>,,Seen,Hadoop,Similarity-Based,0.4,0.719715114,0.559857557
Got allocated containers 1,E46,Got allocated containers <*>,,Seen,Hadoop,Similarity-Based,0.4,0.719715114,0.559857557
Got allocated containers 1,E46,Got allocated containers <*>,,Seen,Hadoop,Similarity-Based,0.4,0.719715114,0.559857557
Got allocated containers 1,E46,Got allocated containers <*>,,Seen,Hadoop,Similarity-Based,0.4,0.719715114,0.559857557
Got allocated containers 2,E46,Got allocated containers <*>,,Seen,Hadoop,Rule-Based,0.4,0,0.2
Http request log for http.requests.mapreduce is not defined,E47,Http request log for <*>.mapreduce is not defined,,Unseen,Hadoop,Rule-Based,0.3,0,0.15
Http request log for http.requests.mapreduce is not defined,E47,Http request log for <*>.mapreduce is not defined,,Unseen,Hadoop,Rule-Based,0.3,0,0.15
Http request log for http.requests.mapreduce is not defined,E47,Http request log for <*>.mapreduce is not defined,,Unseen,Hadoop,Rule-Based,0.3,0,0.15
Http request log for http.requests.mapreduce is not defined,E47,Http request log for <*>.mapreduce is not defined,,Unseen,Hadoop,Rule-Based,0.3,0,0.15
Http request log for http.requests.mapreduce is not defined,E47,Http request log for <*>.mapreduce is not defined,,Unseen,Hadoop,Rule-Based,0.3,0,0.15
Http request log for http.requests.mapreduce is not defined,E47,Http request log for <*>.mapreduce is not defined,,Unseen,Hadoop,Rule-Based,0.3,0,0.15
Http request log for http.requests.mapreduce is not defined,E47,Http request log for <*>.mapreduce is not defined,,Unseen,Hadoop,Rule-Based,0.3,0,0.15
Http request log for http.requests.mapreduce is not defined,E47,Http request log for <*>.mapreduce is not defined,,Unseen,Hadoop,Rule-Based,0.3,0,0.15
Http request log for http.requests.mapreduce is not defined,E47,Http request log for <*>.mapreduce is not defined,,Unseen,Hadoop,Rule-Based,0.3,0,0.15
Http request log for http.requests.mapreduce is not defined,E47,Http request log for <*>.mapreduce is not defined,,Unseen,Hadoop,Rule-Based,0.3,0,0.15
Input size for job job_1445144423722_0020 = 1256521728. Number of splits = 10,E48,Init_job() Input size for job <*> = <*>. Number of splits = <*>,,Unseen,Hadoop,Rule-Based,0.433333333,0,0.216666667
Input size for job job_1445144423722_0020 = 1256521728. Number of splits = 10,E48,Init_job() Input size for job <*> = <*>. Number of splits = <*>,,Unseen,Hadoop,Rule-Based,0.433333333,0,0.216666667
Input size for job job_1445144423722_0020 = 1256521728. Number of splits = 10,E48,Init_job() Input size for job <*> = <*>. Number of splits = <*>,,Unseen,Hadoop,Rule-Based,0.433333333,0,0.216666667
Input size for job job_1445144423722_0020 = 1256521728. Number of splits = 10,E48,Init_job() Input size for job <*> = <*>. Number of splits = <*>,,Unseen,Hadoop,Rule-Based,0.433333333,0,0.216666667
Input size for job job_1445144423722_0020 = 1256521728. Number of splits = 10,E48,Init_job() Input size for job <*> = <*>. Number of splits = <*>,,Unseen,Hadoop,Rule-Based,0.433333333,0,0.216666667
Input size for job job_1445144423722_0020 = 1256521728. Number of splits = 10,E48,Init_job() Input size for job <*> = <*>. Number of splits = <*>,,Unseen,Hadoop,Rule-Based,0.433333333,0,0.216666667
Input size for job job_1445144423722_0020 = 1256521728. Number of splits = 10,E48,Init_job() Input size for job <*> = <*>. Number of splits = <*>,,Unseen,Hadoop,Rule-Based,0.433333333,0,0.216666667
Input size for job job_1445144423722_0020 = 1256521728. Number of splits = 10,E48,Init_job() Input size for job <*> = <*>. Number of splits = <*>,,Unseen,Hadoop,Rule-Based,0.433333333,0,0.216666667
Input size for job job_1445144423722_0020 = 1256521728. Number of splits = 10,E48,Init_job() Input size for job <*> = <*>. Number of splits = <*>,,Unseen,Hadoop,Rule-Based,0.433333333,0,0.216666667
Input size for job job_1445144423722_0020 = 1256521728. Number of splits = 10,E48,Init_job() Input size for job <*> = <*>. Number of splits = <*>,,Unseen,Hadoop,Rule-Based,0.433333333,0,0.216666667
Instantiated MRClientService at MININT-FNANLI5.fareast.corp.microsoft.com/10.86.169.121:62260,E49,Instantiated MRClientService at MININT-<*>.<*>.<*>.<*>/<*>:<*>,,Seen,Hadoop,Similarity-Based,0.7,0.934091387,0.817045694
Instantiated MRClientService at MININT-FNANLI5.fareast.corp.microsoft.com/10.86.169.121:62260,E49,Instantiated MRClientService at MININT-<*>.<*>.<*>.<*>/<*>:<*>,,Seen,Hadoop,Similarity-Based,0.7,0.934091387,0.817045694
Instantiated MRClientService at MININT-FNANLI5.fareast.corp.microsoft.com/10.86.169.121:62260,E49,Instantiated MRClientService at MININT-<*>.<*>.<*>.<*>/<*>:<*>,,Seen,Hadoop,Similarity-Based,0.7,0.934091387,0.817045694
Instantiated MRClientService at MININT-FNANLI5.fareast.corp.microsoft.com/10.86.169.121:62260,E49,Instantiated MRClientService at MININT-<*>.<*>.<*>.<*>/<*>:<*>,,Seen,Hadoop,Similarity-Based,0.7,0.934091387,0.817045694
Instantiated MRClientService at MININT-FNANLI5.fareast.corp.microsoft.com/10.86.169.121:62260,E49,Instantiated MRClientService at MININT-<*>.<*>.<*>.<*>/<*>:<*>,,Seen,Hadoop,Similarity-Based,0.7,0.934091387,0.817045694
Instantiated MRClientService at MININT-FNANLI5.fareast.corp.microsoft.com/10.86.169.121:62260,E49,Instantiated MRClientService at MININT-<*>.<*>.<*>.<*>/<*>:<*>,,Seen,Hadoop,Similarity-Based,0.7,0.934091387,0.817045694
Instantiated MRClientService at MININT-FNANLI5.fareast.corp.microsoft.com/10.86.169.121:62260,E49,Instantiated MRClientService at MININT-<*>.<*>.<*>.<*>/<*>:<*>,,Seen,Hadoop,Similarity-Based,0.7,0.934091387,0.817045694
Instantiated MRClientService at MININT-FNANLI5.fareast.corp.microsoft.com/10.86.169.121:62260,E49,Instantiated MRClientService at MININT-<*>.<*>.<*>.<*>/<*>:<*>,,Seen,Hadoop,Similarity-Based,0.7,0.934091387,0.817045694
Instantiated MRClientService at MININT-FNANLI5.fareast.corp.microsoft.com/10.86.169.121:62260,E49,Instantiated MRClientService at MININT-<*>.<*>.<*>.<*>/<*>:<*>,,Seen,Hadoop,Similarity-Based,0.7,0.934091387,0.817045694
Instantiated MRClientService at MININT-FNANLI5.fareast.corp.microsoft.com/10.86.169.121:62260,E49,Instantiated MRClientService at MININT-<*>.<*>.<*>.<*>/<*>:<*>,,Seen,Hadoop,Similarity-Based,0.7,0.934091387,0.817045694
Added global filter 'safety' (class=org.apache.hadoop.http.HttpServer2$QuotingInputFilter),E5,Added global filter '<*>' (class=<*>),,Unseen,Hadoop,Rule-Based,0.4,0,0.2
Added global filter 'safety' (class=org.apache.hadoop.http.HttpServer2$QuotingInputFilter),E5,Added global filter '<*>' (class=<*>),,Unseen,Hadoop,Rule-Based,0.4,0,0.2
Added global filter 'safety' (class=org.apache.hadoop.http.HttpServer2$QuotingInputFilter),E5,Added global filter '<*>' (class=<*>),,Unseen,Hadoop,Rule-Based,0.4,0,0.2
Added global filter 'safety' (class=org.apache.hadoop.http.HttpServer2$QuotingInputFilter),E5,Added global filter '<*>' (class=<*>),,Unseen,Hadoop,Rule-Based,0.4,0,0.2
Added global filter 'safety' (class=org.apache.hadoop.http.HttpServer2$QuotingInputFilter),E5,Added global filter '<*>' (class=<*>),,Unseen,Hadoop,Rule-Based,0.4,0,0.2
Added global filter 'safety' (class=org.apache.hadoop.http.HttpServer2$QuotingInputFilter),E5,Added global filter '<*>' (class=<*>),,Unseen,Hadoop,Rule-Based,0.4,0,0.2
Added global filter 'safety' (class=org.apache.hadoop.http.HttpServer2$QuotingInputFilter),E5,Added global filter '<*>' (class=<*>),,Unseen,Hadoop,Rule-Based,0.4,0,0.2
Added global filter 'safety' (class=org.apache.hadoop.http.HttpServer2$QuotingInputFilter),E5,Added global filter '<*>' (class=<*>),,Unseen,Hadoop,Rule-Based,0.4,0,0.2
Added global filter 'safety' (class=org.apache.hadoop.http.HttpServer2$QuotingInputFilter),E5,Added global filter '<*>' (class=<*>),,Unseen,Hadoop,Rule-Based,0.4,0,0.2
Added global filter 'safety' (class=org.apache.hadoop.http.HttpServer2$QuotingInputFilter),E5,Added global filter '<*>' (class=<*>),,Unseen,Hadoop,Rule-Based,0.4,0,0.2
IPC Server listener on 62260: starting,E50,IPC Server listener on <*>: starting,,Seen,Hadoop,Similarity-Based,0.3,0.846651577,0.573325789
IPC Server listener on 62270: starting,E50,IPC Server listener on <*>: starting,,Seen,Hadoop,Similarity-Based,0.3,0.834225347,0.567112674
IPC Server listener on 62260: starting,E50,IPC Server listener on <*>: starting,,Seen,Hadoop,Similarity-Based,0.3,0.846651577,0.573325789
IPC Server listener on 62260: starting,E50,IPC Server listener on <*>: starting,,Seen,Hadoop,Similarity-Based,0.3,0.846651577,0.573325789
IPC Server listener on 62260: starting,E50,IPC Server listener on <*>: starting,,Seen,Hadoop,Similarity-Based,0.3,0.846651577,0.573325789
IPC Server listener on 62270: starting,E50,IPC Server listener on <*>: starting,,Seen,Hadoop,Similarity-Based,0.3,0.834225347,0.567112674
IPC Server listener on 62260: starting,E50,IPC Server listener on <*>: starting,,Seen,Hadoop,Similarity-Based,0.3,0.846651577,0.573325789
IPC Server listener on 62260: starting,E50,IPC Server listener on <*>: starting,,Seen,Hadoop,Similarity-Based,0.3,0.846651577,0.573325789
IPC Server listener on 62260: starting,E50,IPC Server listener on <*>: starting,,Seen,Hadoop,Similarity-Based,0.3,0.846651577,0.573325789
IPC Server listener on 62270: starting,E50,IPC Server listener on <*>: starting,,Seen,Hadoop,Similarity-Based,0.3,0.834225347,0.567112674
IPC Server Responder: starting,E51,IPC Server Responder: <*>,,Unseen,Hadoop,Rule-Based,0.3,0,0.15
IPC Server Responder: starting,E51,IPC Server Responder: <*>,,Unseen,Hadoop,Rule-Based,0.3,0,0.15
IPC Server Responder: starting,E51,IPC Server Responder: <*>,,Unseen,Hadoop,Rule-Based,0.3,0,0.15
IPC Server Responder: starting,E51,IPC Server Responder: <*>,,Unseen,Hadoop,Rule-Based,0.3,0,0.15
IPC Server Responder: starting,E51,IPC Server Responder: <*>,,Unseen,Hadoop,Rule-Based,0.3,0,0.15
IPC Server Responder: starting,E51,IPC Server Responder: <*>,,Unseen,Hadoop,Rule-Based,0.3,0,0.15
IPC Server Responder: starting,E51,IPC Server Responder: <*>,,Unseen,Hadoop,Rule-Based,0.3,0,0.15
IPC Server Responder: starting,E51,IPC Server Responder: <*>,,Unseen,Hadoop,Rule-Based,0.3,0,0.15
IPC Server Responder: starting,E51,IPC Server Responder: <*>,,Unseen,Hadoop,Rule-Based,0.3,0,0.15
IPC Server Responder: starting,E51,IPC Server Responder: <*>,,Unseen,Hadoop,Rule-Based,0.3,0,0.15
Jetty bound to port 62267,E52,Jetty bound to port <*>,,Unseen,Hadoop,Rule-Based,0.4,0,0.2
Jetty bound to port 62267,E52,Jetty bound to port <*>,,Unseen,Hadoop,Rule-Based,0.4,0,0.2
Jetty bound to port 62267,E52,Jetty bound to port <*>,,Unseen,Hadoop,Rule-Based,0.4,0,0.2
Jetty bound to port 62267,E52,Jetty bound to port <*>,,Unseen,Hadoop,Rule-Based,0.4,0,0.2
Jetty bound to port 62267,E52,Jetty bound to port <*>,,Unseen,Hadoop,Rule-Based,0.4,0,0.2
Jetty bound to port 62267,E52,Jetty bound to port <*>,,Unseen,Hadoop,Rule-Based,0.4,0,0.2
Jetty bound to port 62267,E52,Jetty bound to port <*>,,Unseen,Hadoop,Rule-Based,0.4,0,0.2
Jetty bound to port 62267,E52,Jetty bound to port <*>,,Unseen,Hadoop,Rule-Based,0.4,0,0.2
Jetty bound to port 62267,E52,Jetty bound to port <*>,,Unseen,Hadoop,Rule-Based,0.4,0,0.2
Jetty bound to port 62267,E52,Jetty bound to port <*>,,Unseen,Hadoop,Rule-Based,0.4,0,0.2
jetty-6.1.26,E53,jetty-<*>,,Seen,Hadoop,Similarity-Based,0.5,0.799871182,0.649935591
jetty-6.1.26,E53,jetty-<*>,,Seen,Hadoop,Similarity-Based,0.5,0.799871182,0.649935591
jetty-6.1.26,E53,jetty-<*>,,Seen,Hadoop,Similarity-Based,0.5,0.799871182,0.649935591
jetty-6.1.26,E53,jetty-<*>,,Seen,Hadoop,Similarity-Based,0.5,0.799871182,0.649935591
jetty-6.1.26,E53,jetty-<*>,,Seen,Hadoop,Similarity-Based,0.5,0.799871182,0.649935591
jetty-6.1.26,E53,jetty-<*>,,Seen,Hadoop,Similarity-Based,0.5,0.799871182,0.649935591
jetty-6.1.26,E53,jetty-<*>,,Seen,Hadoop,Similarity-Based,0.5,0.799871182,0.649935591
jetty-6.1.26,E53,jetty-<*>,,Seen,Hadoop,Similarity-Based,0.5,0.799871182,0.649935591
jetty-6.1.26,E53,jetty-<*>,,Seen,Hadoop,Similarity-Based,0.5,0.799871182,0.649935591
jetty-6.1.26,E53,jetty-<*>,,Seen,Hadoop,Similarity-Based,0.5,0.799871182,0.649935591
job_1445144423722_0020Job Transitioned from INITED to SETUP,E54,Transitioned from <*>\_<*>\_<*>\_<*>\_<*>\_Transitioned from <*>\ to <*>\,,Unseen,Hadoop,Similarity-Based,0.4,0.774963279,0.587481639
job_1445144423722_0020Job Transitioned from INITED to SETUP,E54,Transitioned from <*>\_<*>\_<*>\_<*>\_<*>\_Transitioned from <*>\ to <*>\,,Unseen,Hadoop,Similarity-Based,0.4,0.774963279,0.587481639
job_1445144423722_0020Job Transitioned from INITED to SETUP,E54,Transitioned from <*>\_<*>\_<*>\_<*>\_<*>\_Transitioned from <*>\ to <*>\,,Unseen,Hadoop,Similarity-Based,0.4,0.774963279,0.587481639
job_1445144423722_0020Job Transitioned from INITED to SETUP,E54,Transitioned from <*>\_<*>\_<*>\_<*>\_<*>\_Transitioned from <*>\ to <*>\,,Unseen,Hadoop,Similarity-Based,0.4,0.774963279,0.587481639
job_1445144423722_0020Job Transitioned from INITED to SETUP,E54,Transitioned from <*>\_<*>\_<*>\_<*>\_<*>\_Transitioned from <*>\ to <*>\,,Unseen,Hadoop,Similarity-Based,0.4,0.774963279,0.587481639
job_1445144423722_0020Job Transitioned from INITED to SETUP,E54,Transitioned from <*>\_<*>\_<*>\_<*>\_<*>\_Transitioned from <*>\ to <*>\,,Unseen,Hadoop,Similarity-Based,0.4,0.774963279,0.587481639
job_1445144423722_0020Job Transitioned from INITED to SETUP,E54,Transitioned from <*>\_<*>\_<*>\_<*>\_<*>\_Transitioned from <*>\ to <*>\,,Unseen,Hadoop,Similarity-Based,0.4,0.774963279,0.587481639
job_1445144423722_0020Job Transitioned from INITED to SETUP,E54,Transitioned from <*>\_<*>\_<*>\_<*>\_<*>\_Transitioned from <*>\ to <*>\,,Unseen,Hadoop,Similarity-Based,0.4,0.774963279,0.587481639
job_1445144423722_0020Job Transitioned from INITED to SETUP,E54,Transitioned from <*>\_<*>\_<*>\_<*>\_<*>\_Transitioned from <*>\ to <*>\,,Unseen,Hadoop,Similarity-Based,0.4,0.774963279,0.587481639
job_1445144423722_0020Job Transitioned from INITED to SETUP,E54,Transitioned from <*>\_<*>\_<*>\_<*>\_<*>\_Transitioned from <*>\ to <*>\,,Unseen,Hadoop,Similarity-Based,0.4,0.774963279,0.587481639
job_1445144423722_0020Job Transitioned from NEW to INITED,E55,<*job*> Transitioned from NEW to INITED,,Seen,Hadoop,Similarity-Based,0.4,0.846947102,0.623473551
job_1445144423722_0020Job Transitioned from NEW to INITED,E55,<*job*> Transitioned from NEW to INITED,,Seen,Hadoop,Similarity-Based,0.4,0.846947102,0.623473551
job_1445144423722_0020Job Transitioned from NEW to INITED,E55,<*job*> Transitioned from NEW to INITED,,Seen,Hadoop,Similarity-Based,0.4,0.846947102,0.623473551
job_1445144423722_0020Job Transitioned from NEW to INITED,E55,<*job*> Transitioned from NEW to INITED,,Seen,Hadoop,Similarity-Based,0.4,0.846947102,0.623473551
job_1445144423722_0020Job Transitioned from NEW to INITED,E55,<*job*> Transitioned from NEW to INITED,,Seen,Hadoop,Similarity-Based,0.4,0.846947102,0.623473551
job_1445144423722_0020Job Transitioned from NEW to INITED,E55,<*job*> Transitioned from NEW to INITED,,Seen,Hadoop,Similarity-Based,0.4,0.846947102,0.623473551
job_1445144423722_0020Job Transitioned from NEW to INITED,E55,<*job*> Transitioned from NEW to INITED,,Seen,Hadoop,Similarity-Based,0.4,0.846947102,0.623473551
job_1445144423722_0020Job Transitioned from NEW to INITED,E55,<*job*> Transitioned from NEW to INITED,,Seen,Hadoop,Similarity-Based,0.4,0.846947102,0.623473551
job_1445144423722_0020Job Transitioned from NEW to INITED,E55,<*job*> Transitioned from NEW to INITED,,Seen,Hadoop,Similarity-Based,0.4,0.846947102,0.623473551
job_1445144423722_0020Job Transitioned from NEW to INITED,E55,<*job*> Transitioned from NEW to INITED,,Seen,Hadoop,Similarity-Based,0.4,0.846947102,0.623473551
job_1445144423722_0020Job Transitioned from SETUP to RUNNING,E56,<*job_ID*> Job Transitioned from SETUP to RUNNING,,Unseen,Hadoop,Similarity-Based,0.4,0.70050539,0.550252695
job_1445144423722_0020Job Transitioned from SETUP to RUNNING,E56,<*job_ID*> Job Transitioned from SETUP to RUNNING,,Unseen,Hadoop,Similarity-Based,0.4,0.70050539,0.550252695
job_1445144423722_0020Job Transitioned from SETUP to RUNNING,E56,<*job_ID*> Job Transitioned from SETUP to RUNNING,,Unseen,Hadoop,Similarity-Based,0.4,0.70050539,0.550252695
job_1445144423722_0020Job Transitioned from SETUP to RUNNING,E56,<*job_ID*> Job Transitioned from SETUP to RUNNING,,Unseen,Hadoop,Similarity-Based,0.4,0.70050539,0.550252695
job_1445144423722_0020Job Transitioned from SETUP to RUNNING,E56,<*job_ID*> Job Transitioned from SETUP to RUNNING,,Unseen,Hadoop,Similarity-Based,0.4,0.70050539,0.550252695
job_1445144423722_0020Job Transitioned from SETUP to RUNNING,E56,<*job_ID*> Job Transitioned from SETUP to RUNNING,,Unseen,Hadoop,Similarity-Based,0.4,0.70050539,0.550252695
job_1445144423722_0020Job Transitioned from SETUP to RUNNING,E56,<*job_ID*> Job Transitioned from SETUP to RUNNING,,Unseen,Hadoop,Similarity-Based,0.4,0.70050539,0.550252695
job_1445144423722_0020Job Transitioned from SETUP to RUNNING,E56,<*job_ID*> Job Transitioned from SETUP to RUNNING,,Unseen,Hadoop,Similarity-Based,0.4,0.70050539,0.550252695
job_1445144423722_0020Job Transitioned from SETUP to RUNNING,E56,<*job_ID*> Job Transitioned from SETUP to RUNNING,,Unseen,Hadoop,Similarity-Based,0.4,0.70050539,0.550252695
job_1445144423722_0020Job Transitioned from SETUP to RUNNING,E56,<*job_ID*> Job Transitioned from SETUP to RUNNING,,Unseen,Hadoop,Similarity-Based,0.4,0.70050539,0.550252695
JOB_CREATE job_1445144423722_0020,E57,JOB_CREATE <*>,,Seen,Hadoop,Similarity-Based,0.4,0.760202467,0.580101234
JOB_CREATE job_1445144423722_0020,E57,JOB_CREATE <*>,,Seen,Hadoop,Similarity-Based,0.4,0.760202467,0.580101234
JOB_CREATE job_1445144423722_0020,E57,JOB_CREATE <*>,,Seen,Hadoop,Similarity-Based,0.4,0.760202467,0.580101234
JOB_CREATE job_1445144423722_0020,E57,JOB_CREATE <*>,,Seen,Hadoop,Similarity-Based,0.4,0.760202467,0.580101234
JOB_CREATE job_1445144423722_0020,E57,JOB_CREATE <*>,,Seen,Hadoop,Similarity-Based,0.4,0.760202467,0.580101234
JOB_CREATE job_1445144423722_0020,E57,JOB_CREATE <*>,,Seen,Hadoop,Similarity-Based,0.4,0.760202467,0.580101234
JOB_CREATE job_1445144423722_0020,E57,JOB_CREATE <*>,,Seen,Hadoop,Similarity-Based,0.4,0.760202467,0.580101234
JOB_CREATE job_1445144423722_0020,E57,JOB_CREATE <*>,,Seen,Hadoop,Similarity-Based,0.4,0.760202467,0.580101234
JOB_CREATE job_1445144423722_0020,E57,JOB_CREATE <*>,,Seen,Hadoop,Similarity-Based,0.4,0.760202467,0.580101234
JOB_CREATE job_1445144423722_0020,E57,JOB_CREATE <*>,,Seen,Hadoop,Similarity-Based,0.4,0.760202467,0.580101234
JVM with ID : jvm_1445144423722_0020_m_000008 asked for a task,E58,JVM with ID: <*> asked for a task,,Unseen,Hadoop,Similarity-Based,0.4,0.757371229,0.578685614
JVM with ID : jvm_1445144423722_0020_m_000005 asked for a task,E58,JVM with ID: <*> asked for a task,,Unseen,Hadoop,Similarity-Based,0.4,0.757187432,0.578593716
JVM with ID : jvm_1445144423722_0020_m_000009 asked for a task,E58,JVM with ID: <*> asked for a task,,Unseen,Hadoop,Similarity-Based,0.4,0.758089617,0.579044808
JVM with ID : jvm_1445144423722_0020_m_000007 asked for a task,E58,JVM with ID: <*> asked for a task,,Unseen,Hadoop,Similarity-Based,0.4,0.756093289,0.578046644
JVM with ID : jvm_1445144423722_0020_m_000008 asked for a task,E58,JVM with ID: <*> asked for a task,,Unseen,Hadoop,Similarity-Based,0.4,0.757371229,0.578685614
JVM with ID : jvm_1445144423722_0020_m_000011 asked for a task,E58,JVM with ID: <*> asked for a task,,Unseen,Hadoop,Similarity-Based,0.4,0.758677321,0.579338661
JVM with ID : jvm_1445144423722_0020_m_000004 asked for a task,E58,JVM with ID: <*> asked for a task,,Unseen,Hadoop,Similarity-Based,0.4,0.761242052,0.580621026
JVM with ID : jvm_1445144423722_0020_m_000008 asked for a task,E58,JVM with ID: <*> asked for a task,,Unseen,Hadoop,Similarity-Based,0.4,0.757371229,0.578685614
JVM with ID : jvm_1445144423722_0020_m_000009 asked for a task,E58,JVM with ID: <*> asked for a task,,Unseen,Hadoop,Similarity-Based,0.4,0.758089617,0.579044808
JVM with ID : jvm_1445144423722_0020_m_000007 asked for a task,E58,JVM with ID: <*> asked for a task,,Unseen,Hadoop,Similarity-Based,0.4,0.756093289,0.578046644
JVM with ID: jvm_1445144423722_0020_m_000008 given task: attempt_1445144423722_0020_m_000006_0,E59,JVM with ID: <*> given task: <*>,,Seen,Hadoop,Similarity-Based,0.4,0.818309573,0.609154786
JVM with ID: jvm_1445144423722_0020_m_000005 given task: attempt_1445144423722_0020_m_000003_0,E59,JVM with ID: <*> given task: <*>,,Seen,Hadoop,Similarity-Based,0.4,0.818384375,0.609192187
JVM with ID: jvm_1445144423722_0020_m_000009 given task: attempt_1445144423722_0020_m_000007_0,E59,JVM with ID: <*> given task: <*>,,Seen,Hadoop,Similarity-Based,0.4,0.819293163,0.609646582
JVM with ID: jvm_1445144423722_0020_m_000007 given task: attempt_1445144423722_0020_m_000005_0,E59,JVM with ID: <*> given task: <*>,,Seen,Hadoop,Similarity-Based,0.4,0.815917292,0.607958646
JVM with ID: jvm_1445144423722_0020_m_000008 given task: attempt_1445144423722_0020_m_000006_0,E59,JVM with ID: <*> given task: <*>,,Seen,Hadoop,Similarity-Based,0.4,0.818309573,0.609154786
JVM with ID: jvm_1445144423722_0020_m_000011 given task: attempt_1445144423722_0020_m_000009_0,E59,JVM with ID: <*> given task: <*>,,Seen,Hadoop,Similarity-Based,0.4,0.812558754,0.606279377
JVM with ID: jvm_1445144423722_0020_m_000004 given task: attempt_1445144423722_0020_m_000002_0,E59,JVM with ID: <*> given task: <*>,,Seen,Hadoop,Similarity-Based,0.4,0.817812573,0.608906286
JVM with ID: jvm_1445144423722_0020_m_000008 given task: attempt_1445144423722_0020_m_000006_0,E59,JVM with ID: <*> given task: <*>,,Seen,Hadoop,Similarity-Based,0.4,0.818309573,0.609154786
JVM with ID: jvm_1445144423722_0020_m_000009 given task: attempt_1445144423722_0020_m_000007_0,E59,JVM with ID: <*> given task: <*>,,Seen,Hadoop,Similarity-Based,0.4,0.819293163,0.609646582
JVM with ID: jvm_1445144423722_0020_m_000007 given task: attempt_1445144423722_0020_m_000005_0,E59,JVM with ID: <*> given task: <*>,,Seen,Hadoop,Similarity-Based,0.4,0.815917292,0.607958646
Adding #0 tokens and #1 secret keys for NM use for launching container,E6,Adding <*> tokens and <*> secret keys for NM use for launching container,,Unseen,Hadoop,Rule-Based,0.4,0,0.2
Adding #0 tokens and #1 secret keys for NM use for launching container,E6,Adding <*> tokens and <*> secret keys for NM use for launching container,,Unseen,Hadoop,Rule-Based,0.4,0,0.2
Adding #0 tokens and #1 secret keys for NM use for launching container,E6,Adding <*> tokens and <*> secret keys for NM use for launching container,,Unseen,Hadoop,Rule-Based,0.4,0,0.2
Adding #0 tokens and #1 secret keys for NM use for launching container,E6,Adding <*> tokens and <*> secret keys for NM use for launching container,,Unseen,Hadoop,Rule-Based,0.4,0,0.2
Adding #0 tokens and #1 secret keys for NM use for launching container,E6,Adding <*> tokens and <*> secret keys for NM use for launching container,,Unseen,Hadoop,Rule-Based,0.4,0,0.2
Adding #0 tokens and #1 secret keys for NM use for launching container,E6,Adding <*> tokens and <*> secret keys for NM use for launching container,,Unseen,Hadoop,Rule-Based,0.4,0,0.2
Adding #0 tokens and #1 secret keys for NM use for launching container,E6,Adding <*> tokens and <*> secret keys for NM use for launching container,,Unseen,Hadoop,Rule-Based,0.4,0,0.2
Adding #0 tokens and #1 secret keys for NM use for launching container,E6,Adding <*> tokens and <*> secret keys for NM use for launching container,,Unseen,Hadoop,Rule-Based,0.4,0,0.2
Adding #0 tokens and #1 secret keys for NM use for launching container,E6,Adding <*> tokens and <*> secret keys for NM use for launching container,,Unseen,Hadoop,Rule-Based,0.4,0,0.2
Adding #0 tokens and #1 secret keys for NM use for launching container,E6,Adding <*> tokens and <*> secret keys for NM use for launching container,,Unseen,Hadoop,Rule-Based,0.4,0,0.2
KILLING attempt_1445144423722_0020_m_000001_0,E60,KILLING <*>_<*>_<*>_<*>_<*>_<*>,,Seen,Hadoop,Similarity-Based,0.4,0.76654183,0.583270915
KILLING attempt_1445144423722_0020_m_000003_0,E60,"KILLING <*>_<*>_<*>_<*>_<*>_<*>_<*>

### Explanation:
The log message contains a static prefix ""KILLING"" and a dynamic part that follows a pattern of ""attempt_<timestamp>_<jobID>",,Seen,Hadoop,Similarity-Based,0.4,0.769734498,0.584867249
KILLING attempt_1445144423722_0020_m_000001_0,E60,KILLING <*>_<*>_<*>_<*>_<*>_<*>,,Seen,Hadoop,Similarity-Based,0.4,0.76654183,0.583270915
KILLING attempt_1445144423722_0020_m_000001_0,E60,KILLING <*>_<*>_<*>_<*>_<*>_<*>,,Seen,Hadoop,Similarity-Based,0.4,0.76654183,0.583270915
KILLING attempt_1445144423722_0020_m_000003_0,E60,KILLING <*>_<*>_<*>_<*>_<*>_<*>_<*>,,Seen,Hadoop,Similarity-Based,0.4,0.769734498,0.584867249
KILLING attempt_1445144423722_0020_m_000003_0,E60,KILLING <*>_<*>_<*>_<*>_<*>_<*>_<*>,,Seen,Hadoop,Similarity-Based,0.4,0.769734498,0.584867249
KILLING attempt_1445144423722_0020_m_000001_0,E60,KILLING <*>_<*>_<*>_<*>_<*>_<*>,,Seen,Hadoop,Similarity-Based,0.4,0.76654183,0.583270915
KILLING attempt_1445144423722_0020_m_000002_0,E60,KILLING <*>_<*>_<*>_<*>_<*>_<*>,,Seen,Hadoop,Similarity-Based,0.4,0.768580461,0.584290231
KILLING attempt_1445144423722_0020_m_000001_0,E60,KILLING <*>_<*>_<*>_<*>_<*>_<*>,,Seen,Hadoop,Similarity-Based,0.4,0.76654183,0.583270915
KILLING attempt_1445144423722_0020_m_000001_0,E60,KILLING <*>_<*>_<*>_<*>_<*>_<*>,,Seen,Hadoop,Similarity-Based,0.4,0.76654183,0.583270915
"Kind: YARN_AM_RM_TOKEN, Service: , Ident: (appAttemptId { application_id { id: 20 cluster_timestamp: 1445144423722 } attemptId: 1 } keyId: -127633188)",E61,"Kind: YARN_AM_RM_TOKEN, Service: , Ident: (appAttemptId { application_id { id: <*> cluster_timestamp: <*> } attemptId: <*> } keyId: <*>)",,Seen,Hadoop,Similarity-Based,0.4,0.911322896,0.655661448
"Kind: YARN_AM_RM_TOKEN, Service: , Ident: (appAttemptId { application_id { id: 20 cluster_timestamp: 1445144423722 } attemptId: 1 } keyId: -127633188)",E61,"Kind: YARN_AM_RM_TOKEN, Service: , Ident: (appAttemptId { application_id { id: <*> cluster_timestamp: <*> } attemptId: <*> } keyId: <*>)",,Seen,Hadoop,Similarity-Based,0.4,0.911322896,0.655661448
"Kind: YARN_AM_RM_TOKEN, Service: , Ident: (appAttemptId { application_id { id: 20 cluster_timestamp: 1445144423722 } attemptId: 1 } keyId: -127633188)",E61,"Kind: YARN_AM_RM_TOKEN, Service: , Ident: (appAttemptId { application_id { id: <*> cluster_timestamp: <*> } attemptId: <*> } keyId: <*>)",,Seen,Hadoop,Similarity-Based,0.4,0.911322896,0.655661448
"Kind: YARN_AM_RM_TOKEN, Service: , Ident: (appAttemptId { application_id { id: 20 cluster_timestamp: 1445144423722 } attemptId: 1 } keyId: -127633188)",E61,"Kind: YARN_AM_RM_TOKEN, Service: , Ident: (appAttemptId { application_id { id: <*> cluster_timestamp: <*> } attemptId: <*> } keyId: <*>)",,Seen,Hadoop,Similarity-Based,0.4,0.911322896,0.655661448
"Kind: YARN_AM_RM_TOKEN, Service: , Ident: (appAttemptId { application_id { id: 20 cluster_timestamp: 1445144423722 } attemptId: 1 } keyId: -127633188)",E61,"Kind: YARN_AM_RM_TOKEN, Service: , Ident: (appAttemptId { application_id { id: <*> cluster_timestamp: <*> } attemptId: <*> } keyId: <*>)",,Seen,Hadoop,Similarity-Based,0.4,0.911322896,0.655661448
"Kind: YARN_AM_RM_TOKEN, Service: , Ident: (appAttemptId { application_id { id: 20 cluster_timestamp: 1445144423722 } attemptId: 1 } keyId: -127633188)",E61,"Kind: YARN_AM_RM_TOKEN, Service: , Ident: (appAttemptId { application_id { id: <*> cluster_timestamp: <*> } attemptId: <*> } keyId: <*>)",,Seen,Hadoop,Similarity-Based,0.4,0.911322896,0.655661448
"Kind: YARN_AM_RM_TOKEN, Service: , Ident: (appAttemptId { application_id { id: 20 cluster_timestamp: 1445144423722 } attemptId: 1 } keyId: -127633188)",E61,"Kind: YARN_AM_RM_TOKEN, Service: , Ident: (appAttemptId { application_id { id: <*> cluster_timestamp: <*> } attemptId: <*> } keyId: <*>)",,Seen,Hadoop,Similarity-Based,0.4,0.911322896,0.655661448
"Kind: YARN_AM_RM_TOKEN, Service: , Ident: (appAttemptId { application_id { id: 20 cluster_timestamp: 1445144423722 } attemptId: 1 } keyId: -127633188)",E61,"Kind: YARN_AM_RM_TOKEN, Service: , Ident: (appAttemptId { application_id { id: <*> cluster_timestamp: <*> } attemptId: <*> } keyId: <*>)",,Seen,Hadoop,Similarity-Based,0.4,0.911322896,0.655661448
"Kind: YARN_AM_RM_TOKEN, Service: , Ident: (appAttemptId { application_id { id: 20 cluster_timestamp: 1445144423722 } attemptId: 1 } keyId: -127633188)",E61,"Kind: YARN_AM_RM_TOKEN, Service: , Ident: (appAttemptId { application_id { id: <*> cluster_timestamp: <*> } attemptId: <*> } keyId: <*>)",,Seen,Hadoop,Similarity-Based,0.4,0.911322896,0.655661448
"Kind: YARN_AM_RM_TOKEN, Service: , Ident: (appAttemptId { application_id { id: 20 cluster_timestamp: 1445144423722 } attemptId: 1 } keyId: -127633188)",E61,"Kind: YARN_AM_RM_TOKEN, Service: , Ident: (appAttemptId { application_id { id: <*> cluster_timestamp: <*> } attemptId: <*> } keyId: <*>)",,Seen,Hadoop,Similarity-Based,0.4,0.911322896,0.655661448
Launching attempt_1445144423722_0020_m_000006_0,E62,Launching <*>_<*>_<*>_<*>_<*>_<*>,,Seen,Hadoop,Similarity-Based,0.4,0.784375111,0.592187556
Launching attempt_1445144423722_0020_m_000003_0,E62,Launching <*>_<*>_<*>_<*>_<*>_<*>,,Seen,Hadoop,Similarity-Based,0.4,0.785418617,0.592709309
Launching attempt_1445144423722_0020_m_000007_0,E62,Launching <*>_<*>_<*>_<*>_<*>_<*>,,Seen,Hadoop,Similarity-Based,0.4,0.783632913,0.591816456
Launching attempt_1445144423722_0020_m_000004_0,E62,Launching <*>_<*>_<*>_<*>_<*>_<*>,,Seen,Hadoop,Similarity-Based,0.4,0.78679412,0.59339706
Launching attempt_1445144423722_0020_m_000006_0,E62,Launching <*>_<*>_<*>_<*>_<*>_<*>,,Seen,Hadoop,Similarity-Based,0.4,0.784375111,0.592187556
Launching attempt_1445144423722_0020_m_000009_0,E62,Launching <*>_<*>_<*>_<*>_<*>_<*>,,Seen,Hadoop,Similarity-Based,0.4,0.784632155,0.592316078
Launching attempt_1445144423722_0020_m_000002_0,E62,Launching <*>_<*>_<*>_<*>_<*>_<*>_<*>,,Seen,Hadoop,Similarity-Based,0.4,0.781741622,0.590870811
Launching attempt_1445144423722_0020_m_000006_0,E62,Launching <*>_<*>_<*>_<*>_<*>_<*>,,Seen,Hadoop,Similarity-Based,0.4,0.784375111,0.592187556
Launching attempt_1445144423722_0020_m_000007_0,E62,Launching <*>_<*>_<*>_<*>_<*>_<*>,,Seen,Hadoop,Similarity-Based,0.4,0.783632913,0.591816456
Launching attempt_1445144423722_0020_m_000004_0,E62,Launching <*>_<*>_<*>_<*>_<*>_<*>,,Seen,Hadoop,Similarity-Based,0.4,0.78679412,0.59339706
loaded properties from hadoop-metrics2.properties,E63,loaded properties from <*>,,Unseen,Hadoop,Rule-Based,0.5,0,0.25
loaded properties from hadoop-metrics2.properties,E63,loaded properties from <*>,,Unseen,Hadoop,Rule-Based,0.5,0,0.25
loaded properties from hadoop-metrics2.properties,E63,loaded properties from <*>,,Unseen,Hadoop,Rule-Based,0.5,0,0.25
loaded properties from hadoop-metrics2.properties,E63,loaded properties from <*>,,Unseen,Hadoop,Rule-Based,0.5,0,0.25
loaded properties from hadoop-metrics2.properties,E63,loaded properties from <*>,,Unseen,Hadoop,Rule-Based,0.5,0,0.25
loaded properties from hadoop-metrics2.properties,E63,loaded properties from <*>,,Unseen,Hadoop,Rule-Based,0.5,0,0.25
loaded properties from hadoop-metrics2.properties,E63,loaded properties from <*>,,Unseen,Hadoop,Rule-Based,0.5,0,0.25
loaded properties from hadoop-metrics2.properties,E63,loaded properties from <*>,,Unseen,Hadoop,Rule-Based,0.5,0,0.25
loaded properties from hadoop-metrics2.properties,E63,loaded properties from <*>,,Unseen,Hadoop,Rule-Based,0.5,0,0.25
loaded properties from hadoop-metrics2.properties,E63,loaded properties from <*>,,Unseen,Hadoop,Rule-Based,0.5,0,0.25
Logging to org.slf4j.impl.Log4jLoggerAdapter(org.mortbay.log) via org.mortbay.log.Slf4jLog,E64,Logging to <*> via <*>,,Seen,Hadoop,Similarity-Based,0.4,0.958585243,0.679292621
Logging to org.slf4j.impl.Log4jLoggerAdapter(org.mortbay.log) via org.mortbay.log.Slf4jLog,E64,Logging to <*> via <*>,,Seen,Hadoop,Similarity-Based,0.4,0.958585243,0.679292621
Logging to org.slf4j.impl.Log4jLoggerAdapter(org.mortbay.log) via org.mortbay.log.Slf4jLog,E64,Logging to <*> via <*>,,Seen,Hadoop,Similarity-Based,0.4,0.958585243,0.679292621
Logging to org.slf4j.impl.Log4jLoggerAdapter(org.mortbay.log) via org.mortbay.log.Slf4jLog,E64,Logging to <*> via <*>,,Seen,Hadoop,Similarity-Based,0.4,0.958585243,0.679292621
Logging to org.slf4j.impl.Log4jLoggerAdapter(org.mortbay.log) via org.mortbay.log.Slf4jLog,E64,Logging to <*> via <*>,,Seen,Hadoop,Similarity-Based,0.4,0.958585243,0.679292621
Logging to org.slf4j.impl.Log4jLoggerAdapter(org.mortbay.log) via org.mortbay.log.Slf4jLog,E64,Logging to <*> via <*>,,Seen,Hadoop,Similarity-Based,0.4,0.958585243,0.679292621
Logging to org.slf4j.impl.Log4jLoggerAdapter(org.mortbay.log) via org.mortbay.log.Slf4jLog,E64,Logging to <*> via <*>,,Seen,Hadoop,Similarity-Based,0.4,0.958585243,0.679292621
Logging to org.slf4j.impl.Log4jLoggerAdapter(org.mortbay.log) via org.mortbay.log.Slf4jLog,E64,Logging to <*> via <*>,,Seen,Hadoop,Similarity-Based,0.4,0.958585243,0.679292621
Logging to org.slf4j.impl.Log4jLoggerAdapter(org.mortbay.log) via org.mortbay.log.Slf4jLog,E64,Logging to <*> via <*>,,Seen,Hadoop,Similarity-Based,0.4,0.958585243,0.679292621
Logging to org.slf4j.impl.Log4jLoggerAdapter(org.mortbay.log) via org.mortbay.log.Slf4jLog,E64,Logging to <*> via <*>,,Seen,Hadoop,Similarity-Based,0.4,0.958585243,0.679292621
"mapResourceRequest:<memory:1024, vCores:1>",E65,"mapResourceRequest:<resource:*, vCores:*>",,Unseen,Hadoop,Rule-Based,0.3,0,0.15
"mapResourceRequest:<memory:1024, vCores:1>",E65,"mapResourceRequest:<resource:*, vCores:*>",,Unseen,Hadoop,Rule-Based,0.3,0,0.15
"mapResourceRequest:<memory:1024, vCores:1>",E65,"mapResourceRequest:<resource:*, vCores:*>",,Unseen,Hadoop,Rule-Based,0.3,0,0.15
"mapResourceRequest:<memory:1024, vCores:1>",E65,"mapResourceRequest:<resource:*, vCores:*>",,Unseen,Hadoop,Rule-Based,0.3,0,0.15
"mapResourceRequest:<memory:1024, vCores:1>",E65,"mapResourceRequest:<resource:*, vCores:*>",,Unseen,Hadoop,Rule-Based,0.3,0,0.15
"mapResourceRequest:<memory:1024, vCores:1>",E65,"mapResourceRequest:<resource:*, vCores:*>",,Unseen,Hadoop,Rule-Based,0.3,0,0.15
"mapResourceRequest:<memory:1024, vCores:1>",E65,"mapResourceRequest:<resource:*, vCores:*>",,Unseen,Hadoop,Rule-Based,0.3,0,0.15
"mapResourceRequest:<memory:1024, vCores:1>",E65,"mapResourceRequest:<resource:*, vCores:*>",,Unseen,Hadoop,Rule-Based,0.3,0,0.15
"mapResourceRequest:<memory:1024, vCores:1>",E65,"mapResourceRequest:<resource:*, vCores:*>",,Unseen,Hadoop,Rule-Based,0.3,0,0.15
"mapResourceRequest:<memory:1024, vCores:1>",E65,"mapResourceRequest:<resource:*, vCores:*>",,Unseen,Hadoop,Rule-Based,0.3,0,0.15
"maxContainerCapability: <memory:8192, vCores:32>",E66,"memory: <*>, vCores: <*>",,Unseen,Hadoop,Rule-Based,0.3,0,0.15
"maxContainerCapability: <memory:8192, vCores:32>",E66,"memory: <*>, vCores: <*>",,Unseen,Hadoop,Rule-Based,0.3,0,0.15
"maxContainerCapability: <memory:8192, vCores:32>",E66,"memory: <*>, vCores: <*>",,Unseen,Hadoop,Rule-Based,0.3,0,0.15
"maxContainerCapability: <memory:8192, vCores:32>",E66,"memory: <*>, vCores: <*>",,Unseen,Hadoop,Rule-Based,0.3,0,0.15
"maxContainerCapability: <memory:8192, vCores:32>",E66,"memory: <*>, vCores: <*>",,Unseen,Hadoop,Rule-Based,0.3,0,0.15
"maxContainerCapability: <memory:8192, vCores:32>",E66,"memory: <*>, vCores: <*>",,Unseen,Hadoop,Rule-Based,0.3,0,0.15
"maxContainerCapability: <memory:8192, vCores:32>",E66,"memory: <*>, vCores: <*>",,Unseen,Hadoop,Rule-Based,0.3,0,0.15
"maxContainerCapability: <memory:8192, vCores:32>",E66,"memory: <*>, vCores: <*>",,Unseen,Hadoop,Rule-Based,0.3,0,0.15
"maxContainerCapability: <memory:8192, vCores:32>",E66,"memory: <*>, vCores: <*>",,Unseen,Hadoop,Rule-Based,0.3,0,0.15
"maxContainerCapability: <memory:8192, vCores:32>",E66,"memory: <*>, vCores: <*>",,Unseen,Hadoop,Rule-Based,0.3,0,0.15
maxTaskFailuresPerNode is 3,E67,maxTaskFailuresPerNode is <*>,,Seen,Hadoop,Rule-Based,0.4,0,0.2
maxTaskFailuresPerNode is 3,E67,maxTaskFailuresPerNode is <*>,,Seen,Hadoop,Rule-Based,0.4,0,0.2
maxTaskFailuresPerNode is 3,E67,maxTaskFailuresPerNode is <*>,,Seen,Hadoop,Rule-Based,0.4,0,0.2
maxTaskFailuresPerNode is 3,E67,maxTaskFailuresPerNode is <*>,,Seen,Hadoop,Rule-Based,0.4,0,0.2
maxTaskFailuresPerNode is 3,E67,maxTaskFailuresPerNode is <*>,,Seen,Hadoop,Rule-Based,0.4,0,0.2
maxTaskFailuresPerNode is 3,E67,maxTaskFailuresPerNode is <*>,,Seen,Hadoop,Rule-Based,0.4,0,0.2
maxTaskFailuresPerNode is 3,E67,maxTaskFailuresPerNode is <*>,,Seen,Hadoop,Rule-Based,0.4,0,0.2
maxTaskFailuresPerNode is 3,E67,maxTaskFailuresPerNode is <*>,,Seen,Hadoop,Rule-Based,0.4,0,0.2
maxTaskFailuresPerNode is 3,E67,maxTaskFailuresPerNode is <*>,,Seen,Hadoop,Rule-Based,0.4,0,0.2
maxTaskFailuresPerNode is 3,E67,maxTaskFailuresPerNode is <*>,,Seen,Hadoop,Rule-Based,0.4,0,0.2
"MRAppMaster launching normal, non-uberized, multi-container job job_1445144423722_0020.",E68,"MRAppMaster launching normal, non-uberized, multi-container job <*>.",,Seen,Hadoop,Similarity-Based,0.4,0.87741246,0.63870623
"MRAppMaster launching normal, non-uberized, multi-container job job_1445144423722_0020.",E68,"MRAppMaster launching normal, non-uberized, multi-container job <*>.",,Seen,Hadoop,Similarity-Based,0.4,0.87741246,0.63870623
"MRAppMaster launching normal, non-uberized, multi-container job job_1445144423722_0020.",E68,"MRAppMaster launching normal, non-uberized, multi-container job <*>.",,Seen,Hadoop,Similarity-Based,0.4,0.87741246,0.63870623
"MRAppMaster launching normal, non-uberized, multi-container job job_1445144423722_0020.",E68,"MRAppMaster launching normal, non-uberized, multi-container job <*>.",,Seen,Hadoop,Similarity-Based,0.4,0.87741246,0.63870623
"MRAppMaster launching normal, non-uberized, multi-container job job_1445144423722_0020.",E68,"MRAppMaster launching normal, non-uberized, multi-container job <*>.",,Seen,Hadoop,Similarity-Based,0.4,0.87741246,0.63870623
"MRAppMaster launching normal, non-uberized, multi-container job job_1445144423722_0020.",E68,"MRAppMaster launching normal, non-uberized, multi-container job <*>.",,Seen,Hadoop,Similarity-Based,0.4,0.87741246,0.63870623
"MRAppMaster launching normal, non-uberized, multi-container job job_1445144423722_0020.",E68,"MRAppMaster launching normal, non-uberized, multi-container job <*>.",,Seen,Hadoop,Similarity-Based,0.4,0.87741246,0.63870623
"MRAppMaster launching normal, non-uberized, multi-container job job_1445144423722_0020.",E68,"MRAppMaster launching normal, non-uberized, multi-container job <*>.",,Seen,Hadoop,Similarity-Based,0.4,0.87741246,0.63870623
"MRAppMaster launching normal, non-uberized, multi-container job job_1445144423722_0020.",E68,"MRAppMaster launching normal, non-uberized, multi-container job <*>.",,Seen,Hadoop,Similarity-Based,0.4,0.87741246,0.63870623
"MRAppMaster launching normal, non-uberized, multi-container job job_1445144423722_0020.",E68,"MRAppMaster launching normal, non-uberized, multi-container job <*>.",,Seen,Hadoop,Similarity-Based,0.4,0.87741246,0.63870623
MRAppMaster metrics system started,E69,MRAppMaster metrics system started,,Unseen,Hadoop,Rule-Based,0.3,0,0.15
MRAppMaster metrics system started,E69,MRAppMaster metrics system started,,Unseen,Hadoop,Rule-Based,0.3,0,0.15
MRAppMaster metrics system started,E69,MRAppMaster metrics system started,,Unseen,Hadoop,Rule-Based,0.3,0,0.15
MRAppMaster metrics system started,E69,MRAppMaster metrics system started,,Unseen,Hadoop,Rule-Based,0.3,0,0.15
MRAppMaster metrics system started,E69,MRAppMaster metrics system started,,Unseen,Hadoop,Rule-Based,0.3,0,0.15
MRAppMaster metrics system started,E69,MRAppMaster metrics system started,,Unseen,Hadoop,Rule-Based,0.3,0,0.15
MRAppMaster metrics system started,E69,MRAppMaster metrics system started,,Unseen,Hadoop,Rule-Based,0.3,0,0.15
MRAppMaster metrics system started,E69,MRAppMaster metrics system started,,Unseen,Hadoop,Rule-Based,0.3,0,0.15
MRAppMaster metrics system started,E69,MRAppMaster metrics system started,,Unseen,Hadoop,Rule-Based,0.3,0,0.15
MRAppMaster metrics system started,E69,MRAppMaster metrics system started,,Unseen,Hadoop,Rule-Based,0.3,0,0.15
Adding job token for job_1445144423722_0020 to jobTokenSecretManager,E7,ServerAdding job token for job_<*> to jobTokenSecretManager,,Unseen,Hadoop,Rule-Based,0.4,0,0.2
Adding job token for job_1445144423722_0020 to jobTokenSecretManager,E7,ServerAdding job token for job_<*> to jobTokenSecretManager,,Unseen,Hadoop,Rule-Based,0.4,0,0.2
Adding job token for job_1445144423722_0020 to jobTokenSecretManager,E7,ServerAdding job token for job_<*> to jobTokenSecretManager,,Unseen,Hadoop,Rule-Based,0.4,0,0.2
Adding job token for job_1445144423722_0020 to jobTokenSecretManager,E7,ServerAdding job token for job_<*> to jobTokenSecretManager,,Unseen,Hadoop,Rule-Based,0.4,0,0.2
Adding job token for job_1445144423722_0020 to jobTokenSecretManager,E7,ServerAdding job token for job_<*> to jobTokenSecretManager,,Unseen,Hadoop,Rule-Based,0.4,0,0.2
Adding job token for job_1445144423722_0020 to jobTokenSecretManager,E7,ServerAdding job token for job_<*> to jobTokenSecretManager,,Unseen,Hadoop,Rule-Based,0.4,0,0.2
Adding job token for job_1445144423722_0020 to jobTokenSecretManager,E7,ServerAdding job token for job_<*> to jobTokenSecretManager,,Unseen,Hadoop,Rule-Based,0.4,0,0.2
Adding job token for job_1445144423722_0020 to jobTokenSecretManager,E7,ServerAdding job token for job_<*> to jobTokenSecretManager,,Unseen,Hadoop,Rule-Based,0.4,0,0.2
Adding job token for job_1445144423722_0020 to jobTokenSecretManager,E7,ServerAdding job token for job_<*> to jobTokenSecretManager,,Unseen,Hadoop,Rule-Based,0.4,0,0.2
Adding job token for job_1445144423722_0020 to jobTokenSecretManager,E7,ServerAdding job token for job_<*> to jobTokenSecretManager,,Unseen,Hadoop,Rule-Based,0.4,0,0.2
nodeBlacklistingEnabled:true,E70,nodeBlacklistingEnabled:<*>,,Seen,Hadoop,Similarity-Based,0.3,0.730562639,0.51528132
nodeBlacklistingEnabled:true,E70,nodeBlacklistingEnabled:<*>,,Seen,Hadoop,Similarity-Based,0.3,0.730562639,0.51528132
nodeBlacklistingEnabled:true,E70,nodeBlacklistingEnabled:<*>,,Seen,Hadoop,Similarity-Based,0.3,0.730562639,0.51528132
nodeBlacklistingEnabled:true,E70,nodeBlacklistingEnabled:<*>,,Seen,Hadoop,Similarity-Based,0.3,0.730562639,0.51528132
nodeBlacklistingEnabled:true,E70,nodeBlacklistingEnabled:<*>,,Seen,Hadoop,Similarity-Based,0.3,0.730562639,0.51528132
nodeBlacklistingEnabled:true,E70,nodeBlacklistingEnabled:<*>,,Seen,Hadoop,Similarity-Based,0.3,0.730562639,0.51528132
nodeBlacklistingEnabled:true,E70,nodeBlacklistingEnabled:<*>,,Seen,Hadoop,Similarity-Based,0.3,0.730562639,0.51528132
nodeBlacklistingEnabled:true,E70,nodeBlacklistingEnabled:<*>,,Seen,Hadoop,Similarity-Based,0.3,0.730562639,0.51528132
nodeBlacklistingEnabled:true,E70,nodeBlacklistingEnabled:<*>,,Seen,Hadoop,Similarity-Based,0.3,0.730562639,0.51528132
nodeBlacklistingEnabled:true,E70,nodeBlacklistingEnabled:<*>,,Seen,Hadoop,Similarity-Based,0.3,0.730562639,0.51528132
Not uberizing job_1445144423722_0020 because: not enabled; too many maps; too much input;,E71,Not uberizing <job_*> because: not enabled; too many maps; too much input;,,Seen,Hadoop,Similarity-Based,0.4,0.849188988,0.624594494
Not uberizing job_1445144423722_0020 because: not enabled; too many maps; too much input;,E71,Not uberizing <job_*> because: not enabled; too many maps; too much input;,,Seen,Hadoop,Similarity-Based,0.4,0.849188988,0.624594494
Not uberizing job_1445144423722_0020 because: not enabled; too many maps; too much input;,E71,Not uberizing <job_*> because: not enabled; too many maps; too much input;,,Seen,Hadoop,Similarity-Based,0.4,0.849188988,0.624594494
Not uberizing job_1445144423722_0020 because: not enabled; too many maps; too much input;,E71,Not uberizing <job_*> because: not enabled; too many maps; too much input;,,Seen,Hadoop,Similarity-Based,0.4,0.849188988,0.624594494
Not uberizing job_1445144423722_0020 because: not enabled; too many maps; too much input;,E71,Not uberizing <job_*> because: not enabled; too many maps; too much input;,,Seen,Hadoop,Similarity-Based,0.4,0.849188988,0.624594494
Not uberizing job_1445144423722_0020 because: not enabled; too many maps; too much input;,E71,Not uberizing <job_*> because: not enabled; too many maps; too much input;,,Seen,Hadoop,Similarity-Based,0.4,0.849188988,0.624594494
Not uberizing job_1445144423722_0020 because: not enabled; too many maps; too much input;,E71,Not uberizing <job_*> because: not enabled; too many maps; too much input;,,Seen,Hadoop,Similarity-Based,0.4,0.849188988,0.624594494
Not uberizing job_1445144423722_0020 because: not enabled; too many maps; too much input;,E71,Not uberizing <job_*> because: not enabled; too many maps; too much input;,,Seen,Hadoop,Similarity-Based,0.4,0.849188988,0.624594494
Not uberizing job_1445144423722_0020 because: not enabled; too many maps; too much input;,E71,Not uberizing <job_*> because: not enabled; too many maps; too much input;,,Seen,Hadoop,Similarity-Based,0.4,0.849188988,0.624594494
Not uberizing job_1445144423722_0020 because: not enabled; too many maps; too much input;,E71,Not uberizing <job_*> because: not enabled; too many maps; too much input;,,Seen,Hadoop,Similarity-Based,0.4,0.849188988,0.624594494
Num completed Tasks: 1,E72,Num completed Tasks: <*>,,Seen,Hadoop,Rule-Based,0.4,0,0.2
Num completed Tasks: 1,E72,Num completed Tasks: <*>,,Seen,Hadoop,Rule-Based,0.4,0,0.2
Num completed Tasks: 1,E72,Num completed Tasks: <*>,,Seen,Hadoop,Rule-Based,0.4,0,0.2
Num completed Tasks: 1,E72,Num completed Tasks: <*>,,Seen,Hadoop,Rule-Based,0.4,0,0.2
Num completed Tasks: 1,E72,Num completed Tasks: <*>,,Seen,Hadoop,Rule-Based,0.4,0,0.2
Num completed Tasks: 1,E72,Num completed Tasks: <*>,,Seen,Hadoop,Rule-Based,0.4,0,0.2
Num completed Tasks: 1,E72,Num completed Tasks: <*>,,Seen,Hadoop,Rule-Based,0.4,0,0.2
Num completed Tasks: 1,E72,Num completed Tasks: <*>,,Seen,Hadoop,Rule-Based,0.4,0,0.2
Num completed Tasks: 1,E72,Num completed Tasks: <*>,,Seen,Hadoop,Rule-Based,0.4,0,0.2
Num completed Tasks: 1,E72,Num completed Tasks: <*>,,Seen,Hadoop,Rule-Based,0.4,0,0.2
Number of reduces for job job_1445144423722_0020 = 1,E73,Number of reduces for job <*> = <*>,,Seen,Hadoop,Similarity-Based,0.433333333,0.815675085,0.624504209
Number of reduces for job job_1445144423722_0020 = 1,E73,Number of reduces for job <*> = <*>,,Seen,Hadoop,Similarity-Based,0.433333333,0.815675085,0.624504209
Number of reduces for job job_1445144423722_0020 = 1,E73,Number of reduces for job <*> = <*>,,Seen,Hadoop,Similarity-Based,0.433333333,0.815675085,0.624504209
Number of reduces for job job_1445144423722_0020 = 1,E73,Number of reduces for job <*> = <*>,,Seen,Hadoop,Similarity-Based,0.433333333,0.815675085,0.624504209
Number of reduces for job job_1445144423722_0020 = 1,E73,Number of reduces for job <*> = <*>,,Seen,Hadoop,Similarity-Based,0.433333333,0.815675085,0.624504209
Number of reduces for job job_1445144423722_0020 = 1,E73,Number of reduces for job <*> = <*>,,Seen,Hadoop,Similarity-Based,0.433333333,0.815675085,0.624504209
Number of reduces for job job_1445144423722_0020 = 1,E73,Number of reduces for job <*> = <*>,,Seen,Hadoop,Similarity-Based,0.433333333,0.815675085,0.624504209
Number of reduces for job job_1445144423722_0020 = 1,E73,Number of reduces for job <*> = <*>,,Seen,Hadoop,Similarity-Based,0.433333333,0.815675085,0.624504209
Number of reduces for job job_1445144423722_0020 = 1,E73,Number of reduces for job <*> = <*>,,Seen,Hadoop,Similarity-Based,0.433333333,0.815675085,0.624504209
Number of reduces for job job_1445144423722_0020 = 1,E73,Number of reduces for job <*> = <*>,,Seen,Hadoop,Similarity-Based,0.433333333,0.815675085,0.624504209
Opening proxy : MININT-FNANLI5.fareast.corp.microsoft.com:52368,E74,Opening proxy : <*>:<*>,,Seen,Hadoop,Similarity-Based,0.55,0.75588693,0.652943465
Opening proxy : MSRA-SA-39.fareast.corp.microsoft.com:28345,E74,Opening proxy : <*>:<*>,,Seen,Hadoop,Similarity-Based,0.55,0.788502376,0.669251188
Opening proxy : 04DN8IQ.fareast.corp.microsoft.com:54883,E74,Opening proxy : <*>:<*>,,Seen,Hadoop,Similarity-Based,0.55,0.916442796,0.733221398
Opening proxy : MSRA-SA-39.fareast.corp.microsoft.com:28345,E74,Opening proxy : <*>:<*>,,Seen,Hadoop,Similarity-Based,0.55,0.788502376,0.669251188
Opening proxy : MSRA-SA-41.fareast.corp.microsoft.com:7109,E74,Opening proxy : <*>:<*>,,Seen,Hadoop,Similarity-Based,0.55,0.789472253,0.669736126
Opening proxy : MININT-FNANLI5.fareast.corp.microsoft.com:52368,E74,Opening proxy : <*>:<*>,,Seen,Hadoop,Similarity-Based,0.55,0.75588693,0.652943465
Opening proxy : MININT-FNANLI5.fareast.corp.microsoft.com:52368,E74,Opening proxy : <*>:<*>,,Seen,Hadoop,Similarity-Based,0.55,0.75588693,0.652943465
Opening proxy : MININT-FNANLI5.fareast.corp.microsoft.com:52368,E74,Opening proxy : <*>:<*>,,Seen,Hadoop,Similarity-Based,0.55,0.75588693,0.652943465
Opening proxy : MSRA-SA-41.fareast.corp.microsoft.com:7109,E74,Opening proxy : <*>:<*>,,Seen,Hadoop,Similarity-Based,0.55,0.789472253,0.669736126
Opening proxy : MSRA-SA-41.fareast.corp.microsoft.com:7109,E74,Opening proxy : <*>:<*>,,Seen,Hadoop,Similarity-Based,0.55,0.789472253,0.669736126
OutputCommitter is org.apache.hadoop.mapreduce.lib.output.FileOutputCommitter,E75,OutputCommitter is <*>,,Unseen,Hadoop,Rule-Based,0.3,0,0.15
OutputCommitter is org.apache.hadoop.mapreduce.lib.output.FileOutputCommitter,E75,OutputCommitter is <*>,,Unseen,Hadoop,Rule-Based,0.3,0,0.15
OutputCommitter is org.apache.hadoop.mapreduce.lib.output.FileOutputCommitter,E75,OutputCommitter is <*>,,Unseen,Hadoop,Rule-Based,0.3,0,0.15
OutputCommitter is org.apache.hadoop.mapreduce.lib.output.FileOutputCommitter,E75,OutputCommitter is <*>,,Unseen,Hadoop,Rule-Based,0.3,0,0.15
OutputCommitter is org.apache.hadoop.mapreduce.lib.output.FileOutputCommitter,E75,OutputCommitter is <*>,,Unseen,Hadoop,Rule-Based,0.3,0,0.15
OutputCommitter is org.apache.hadoop.mapreduce.lib.output.FileOutputCommitter,E75,OutputCommitter is <*>,,Unseen,Hadoop,Rule-Based,0.3,0,0.15
OutputCommitter is org.apache.hadoop.mapreduce.lib.output.FileOutputCommitter,E75,OutputCommitter is <*>,,Unseen,Hadoop,Rule-Based,0.3,0,0.15
OutputCommitter is org.apache.hadoop.mapreduce.lib.output.FileOutputCommitter,E75,OutputCommitter is <*>,,Unseen,Hadoop,Rule-Based,0.3,0,0.15
OutputCommitter is org.apache.hadoop.mapreduce.lib.output.FileOutputCommitter,E75,OutputCommitter is <*>,,Unseen,Hadoop,Rule-Based,0.3,0,0.15
OutputCommitter is org.apache.hadoop.mapreduce.lib.output.FileOutputCommitter,E75,OutputCommitter is <*>,,Unseen,Hadoop,Rule-Based,0.3,0,0.15
OutputCommitter set in config null,E76,OutputCommitter set in config <*>,,Seen,Hadoop,Similarity-Based,0.3,0.821789583,0.560894791
OutputCommitter set in config null,E76,OutputCommitter set in config <*>,,Seen,Hadoop,Similarity-Based,0.3,0.821789583,0.560894791
OutputCommitter set in config null,E76,OutputCommitter set in config <*>,,Seen,Hadoop,Similarity-Based,0.3,0.821789583,0.560894791
OutputCommitter set in config null,E76,OutputCommitter set in config <*>,,Seen,Hadoop,Similarity-Based,0.3,0.821789583,0.560894791
OutputCommitter set in config null,E76,OutputCommitter set in config <*>,,Seen,Hadoop,Similarity-Based,0.3,0.821789583,0.560894791
OutputCommitter set in config null,E76,OutputCommitter set in config <*>,,Seen,Hadoop,Similarity-Based,0.3,0.821789583,0.560894791
OutputCommitter set in config null,E76,OutputCommitter set in config <*>,,Seen,Hadoop,Similarity-Based,0.3,0.821789583,0.560894791
OutputCommitter set in config null,E76,OutputCommitter set in config <*>,,Seen,Hadoop,Similarity-Based,0.3,0.821789583,0.560894791
OutputCommitter set in config null,E76,OutputCommitter set in config <*>,,Seen,Hadoop,Similarity-Based,0.3,0.821789583,0.560894791
OutputCommitter set in config null,E76,OutputCommitter set in config <*>,,Seen,Hadoop,Similarity-Based,0.3,0.821789583,0.560894791
Processing the event EventType: CONTAINER_REMOTE_CLEANUP for container container_1445144423722_0020_01_000004 taskAttempt attempt_1445144423722_0020_m_000002_0,E77,Processing the event EventType: <*> for container <*> taskAttempt <*>,,Seen,Hadoop,Similarity-Based,0.4,0.84104179,0.620520895
Processing the event EventType: CONTAINER_REMOTE_LAUNCH for container container_1445144423722_0020_01_000011 taskAttempt attempt_1445144423722_0020_m_000009_0,E77,Processing the event EventType: <*> for container <*> taskAttempt <*>,,Seen,Hadoop,Similarity-Based,0.4,0.914105994,0.657052997
Processing the event EventType: CONTAINER_REMOTE_LAUNCH for container container_1445144423722_0020_01_000002 taskAttempt attempt_1445144423722_0020_m_000000_0,E77,Processing the event EventType: <*> for container <*> taskAttempt <*>,,Seen,Hadoop,Similarity-Based,0.4,0.915951984,0.657975992
Processing the event EventType: CONTAINER_REMOTE_LAUNCH for container container_1445144423722_0020_01_000010 taskAttempt attempt_1445144423722_0020_m_000008_0,E77,Processing the event EventType: <*> for container <*> taskAttempt <*>,,Seen,Hadoop,Similarity-Based,0.4,0.915668075,0.657834037
Processing the event EventType: CONTAINER_REMOTE_LAUNCH for container container_1445144423722_0020_01_000007 taskAttempt attempt_1445144423722_0020_m_000005_0,E77,Processing the event EventType: <*> for container <*> taskAttempt <*>,,Seen,Hadoop,Similarity-Based,0.4,0.91666371,0.658331855
Processing the event EventType: CONTAINER_REMOTE_LAUNCH for container container_1445144423722_0020_01_000004 taskAttempt attempt_1445144423722_0020_m_000002_0,E77,Processing the event EventType: <*> for container <*> taskAttempt <*>,,Seen,Hadoop,Similarity-Based,0.4,0.916437691,0.658218846
Processing the event EventType: CONTAINER_REMOTE_LAUNCH for container container_1445144423722_0020_01_000003 taskAttempt attempt_1445144423722_0020_m_000001_0,E77,Processing the event EventType: <*> for container <*> taskAttempt <*>,,Seen,Hadoop,Similarity-Based,0.4,0.915900081,0.657950041
Processing the event EventType: CONTAINER_REMOTE_CLEANUP for container container_1445144423722_0020_01_000003 taskAttempt attempt_1445144423722_0020_m_000001_0,E77,Processing the event EventType: <*> for container <*> taskAttempt <*>,,Seen,Hadoop,Similarity-Based,0.4,0.8407185,0.62035925
Processing the event EventType: CONTAINER_REMOTE_LAUNCH for container container_1445144423722_0020_01_000006 taskAttempt attempt_1445144423722_0020_m_000004_0,E77,Processing the event EventType: <*> for container <*> taskAttempt <*>,,Seen,Hadoop,Similarity-Based,0.4,0.916084793,0.658042396
Processing the event EventType: CONTAINER_REMOTE_LAUNCH for container container_1445144423722_0020_01_000009 taskAttempt attempt_1445144423722_0020_m_000007_0,E77,Processing the event EventType: <*> for container <*> taskAttempt <*>,,Seen,Hadoop,Similarity-Based,0.4,0.917066824,0.658533412
Processing the event EventType: JOB_SETUP,E78,Processing the event EventType: <*>,,Unseen,Hadoop,Rule-Based,0.3,0,0.15
Processing the event EventType: JOB_SETUP,E78,Processing the event EventType: <*>,,Unseen,Hadoop,Rule-Based,0.3,0,0.15
Processing the event EventType: JOB_SETUP,E78,Processing the event EventType: <*>,,Unseen,Hadoop,Rule-Based,0.3,0,0.15
Processing the event EventType: JOB_SETUP,E78,Processing the event EventType: <*>,,Unseen,Hadoop,Rule-Based,0.3,0,0.15
Processing the event EventType: JOB_SETUP,E78,Processing the event EventType: <*>,,Unseen,Hadoop,Rule-Based,0.3,0,0.15
Processing the event EventType: JOB_SETUP,E78,Processing the event EventType: <*>,,Unseen,Hadoop,Rule-Based,0.3,0,0.15
Processing the event EventType: JOB_SETUP,E78,Processing the event EventType: <*>,,Unseen,Hadoop,Rule-Based,0.3,0,0.15
Processing the event EventType: JOB_SETUP,E78,Processing the event EventType: <*>,,Unseen,Hadoop,Rule-Based,0.3,0,0.15
Processing the event EventType: JOB_SETUP,E78,Processing the event EventType: <*>,,Unseen,Hadoop,Rule-Based,0.3,0,0.15
Processing the event EventType: JOB_SETUP,E78,Processing the event EventType: <*>,,Unseen,Hadoop,Rule-Based,0.3,0,0.15
Processing the event EventType: TASK_ABORT,E79,Processing the event EventType: <*>,,Unseen,Hadoop,Rule-Based,0.3,0,0.15
Processing the event EventType: TASK_ABORT,E79,Processing the event EventType: <*>,,Unseen,Hadoop,Rule-Based,0.3,0,0.15
Processing the event EventType: TASK_ABORT,E79,Processing the event EventType: <*>,,Unseen,Hadoop,Rule-Based,0.3,0,0.15
Processing the event EventType: TASK_ABORT,E79,Processing the event EventType: <*>,,Unseen,Hadoop,Rule-Based,0.3,0,0.15
Processing the event EventType: TASK_ABORT,E79,Processing the event EventType: <*>,,Unseen,Hadoop,Rule-Based,0.3,0,0.15
Processing the event EventType: TASK_ABORT,E79,Processing the event EventType: <*>,,Unseen,Hadoop,Rule-Based,0.3,0,0.15
Processing the event EventType: TASK_ABORT,E79,Processing the event EventType: <*>,,Unseen,Hadoop,Rule-Based,0.3,0,0.15
Processing the event EventType: TASK_ABORT,E79,Processing the event EventType: <*>,,Unseen,Hadoop,Rule-Based,0.3,0,0.15
Processing the event EventType: TASK_ABORT,E79,Processing the event EventType: <*>,,Unseen,Hadoop,Rule-Based,0.3,0,0.15
Processing the event EventType: TASK_ABORT,E79,Processing the event EventType: <*>,,Unseen,Hadoop,Rule-Based,0.3,0,0.15
adding path spec: /mapreduce/*,E8,adding path spec: <*>,,Unseen,Hadoop,Rule-Based,0.5,0,0.25
adding path spec: /ws/*,E8,adding path spec: <*>,,Unseen,Hadoop,Rule-Based,0.5,0,0.25
adding path spec: /mapreduce/*,E8,adding path spec: <*>,,Unseen,Hadoop,Rule-Based,0.5,0,0.25
adding path spec: /mapreduce/*,E8,adding path spec: <*>,,Unseen,Hadoop,Rule-Based,0.5,0,0.25
adding path spec: /mapreduce/*,E8,adding path spec: <*>,,Unseen,Hadoop,Rule-Based,0.5,0,0.25
adding path spec: /ws/*,E8,adding path spec: <*>,,Unseen,Hadoop,Rule-Based,0.5,0,0.25
adding path spec: /mapreduce/*,E8,adding path spec: <*>,,Unseen,Hadoop,Rule-Based,0.5,0,0.25
adding path spec: /mapreduce/*,E8,adding path spec: <*>,,Unseen,Hadoop,Rule-Based,0.5,0,0.25
adding path spec: /mapreduce/*,E8,adding path spec: <*>,,Unseen,Hadoop,Rule-Based,0.5,0,0.25
adding path spec: /ws/*,E8,adding path spec: <*>,,Unseen,Hadoop,Rule-Based,0.5,0,0.25
Progress of TaskAttempt attempt_1445144423722_0020_m_000002_0 is : 0.19212553,E80,Progress of TaskAttempt <*>_<*>_<*>_<*>_<*>_<*> is : <*>,,Seen,Hadoop,Similarity-Based,0.4,0.791289923,0.595644962
Progress of TaskAttempt attempt_1445144423722_0020_m_000008_0 is : 0.106881365,E80,Progress of TaskAttempt <*>_<*>_<*>_<*>\_<*>\ is : <*>,,Seen,Hadoop,Similarity-Based,0.4,0.826584942,0.613292471
Progress of TaskAttempt attempt_1445144423722_0020_m_000001_0 is : 0.37551183,E80,Progress of TaskAttempt <*>_<*>_<*>_<*>_<*>_0 is : <*>,,Seen,Hadoop,Similarity-Based,0.4,0.820951561,0.61047578
Progress of TaskAttempt attempt_1445144423722_0020_m_000000_0 is : 0.1795899,E80,Progress of TaskAttempt <*>\_<*>\_<*>\_<*>\_<*>\_<*>\_0 is : <*>,,Seen,Hadoop,Similarity-Based,0.4,0.804073614,0.602036807
Progress of TaskAttempt attempt_1445144423722_0020_m_000007_0 is : 0.19255035,E80,Progress of TaskAttempt <*>_<*>_<*>_<*>\_<*>\ is : <*>,,Seen,Hadoop,Similarity-Based,0.4,0.807395255,0.603697627
Progress of TaskAttempt attempt_1445144423722_0020_m_000000_0 is : 0.10635664,E80,Progress of TaskAttempt <*>\_<*>\_<*>\_<*>\_<*>\_<*>\_0 is : <*>,,Seen,Hadoop,Similarity-Based,0.4,0.821383177,0.610691589
Progress of TaskAttempt attempt_1445144423722_0020_m_000003_0 is : 0.19209063,E80,Progress of TaskAttempt <*>_<*>_<*>_<*>\_<*>\ is : <*>,,Seen,Hadoop,Similarity-Based,0.4,0.811146145,0.605573073
Progress of TaskAttempt attempt_1445144423722_0020_m_000003_0 is : 0.7198902,E80,Progress of TaskAttempt <*>_<*>_<*>_<*>\_<*>\ is : <*>,,Seen,Hadoop,Similarity-Based,0.4,0.818804253,0.609402127
Progress of TaskAttempt attempt_1445144423722_0020_m_000001_0 is : 0.20757815,E80,Progress of TaskAttempt <*>_<*>_<*>_<*>_<*>_0 is : <*>,,Seen,Hadoop,Similarity-Based,0.4,0.812039409,0.606019705
Progress of TaskAttempt attempt_1445144423722_0020_m_000008_0 is : 0.18216328,E80,Progress of TaskAttempt <*>_<*>_<*>_<*>\_<*>\ is : <*>,,Seen,Hadoop,Similarity-Based,0.4,0.823427384,0.611713692
Putting shuffle token in serviceData,E81,Putting \<*shuffle token\> in serviceData,,Unseen,Hadoop,Rule-Based,0.3,0,0.15
Putting shuffle token in serviceData,E81,Putting \<*shuffle token\> in serviceData,,Unseen,Hadoop,Rule-Based,0.3,0,0.15
Putting shuffle token in serviceData,E81,Putting \<*shuffle token\> in serviceData,,Unseen,Hadoop,Rule-Based,0.3,0,0.15
Putting shuffle token in serviceData,E81,Putting \<*shuffle token\> in serviceData,,Unseen,Hadoop,Rule-Based,0.3,0,0.15
Putting shuffle token in serviceData,E81,Putting \<*shuffle token\> in serviceData,,Unseen,Hadoop,Rule-Based,0.3,0,0.15
Putting shuffle token in serviceData,E81,Putting \<*shuffle token\> in serviceData,,Unseen,Hadoop,Rule-Based,0.3,0,0.15
Putting shuffle token in serviceData,E81,Putting \<*shuffle token\> in serviceData,,Unseen,Hadoop,Rule-Based,0.3,0,0.15
Putting shuffle token in serviceData,E81,Putting \<*shuffle token\> in serviceData,,Unseen,Hadoop,Rule-Based,0.3,0,0.15
Putting shuffle token in serviceData,E81,Putting \<*shuffle token\> in serviceData,,Unseen,Hadoop,Rule-Based,0.3,0,0.15
Putting shuffle token in serviceData,E81,Putting \<*shuffle token\> in serviceData,,Unseen,Hadoop,Rule-Based,0.3,0,0.15
queue: default,E82,queue: default,,Unseen,Hadoop,Rule-Based,0.3,0,0.15
queue: default,E82,queue: default,,Unseen,Hadoop,Rule-Based,0.3,0,0.15
queue: default,E82,queue: default,,Unseen,Hadoop,Rule-Based,0.3,0,0.15
queue: default,E82,queue: default,,Unseen,Hadoop,Rule-Based,0.3,0,0.15
queue: default,E82,queue: default,,Unseen,Hadoop,Rule-Based,0.3,0,0.15
queue: default,E82,queue: default,,Unseen,Hadoop,Rule-Based,0.3,0,0.15
queue: default,E82,queue: default,,Unseen,Hadoop,Rule-Based,0.3,0,0.15
queue: default,E82,queue: default,,Unseen,Hadoop,Rule-Based,0.3,0,0.15
queue: default,E82,queue: default,,Unseen,Hadoop,Rule-Based,0.3,0,0.15
queue: default,E82,queue: default,,Unseen,Hadoop,Rule-Based,0.3,0,0.15
"Recalculating schedule, headroom=<memory:0, vCores:-27>",E83,"Recalculating schedule, headroom=<memory:<*>, vCores:<*>",,Seen,Hadoop,Similarity-Based,0.4,0.828686975,0.614343488
"Recalculating schedule, headroom=<memory:0, vCores:-27>",E83,"Recalculating schedule, headroom=<memory:<*>, vCores:<*>",,Seen,Hadoop,Similarity-Based,0.4,0.828686975,0.614343488
"Recalculating schedule, headroom=<memory:0, vCores:-27>",E83,"Recalculating schedule, headroom=<memory:<*>, vCores:<*>",,Seen,Hadoop,Similarity-Based,0.4,0.828686975,0.614343488
"Recalculating schedule, headroom=<memory:0, vCores:-27>",E83,"Recalculating schedule, headroom=<memory:<*>, vCores:<*>",,Seen,Hadoop,Similarity-Based,0.4,0.828686975,0.614343488
"Recalculating schedule, headroom=<memory:0, vCores:-27>",E83,"Recalculating schedule, headroom=<memory:<*>, vCores:<*>",,Seen,Hadoop,Similarity-Based,0.4,0.828686975,0.614343488
"Recalculating schedule, headroom=<memory:0, vCores:-27>",E83,"Recalculating schedule, headroom=<memory:<*>, vCores:<*>",,Seen,Hadoop,Similarity-Based,0.4,0.828686975,0.614343488
"Recalculating schedule, headroom=<memory:0, vCores:-27>",E83,"Recalculating schedule, headroom=<memory:<*>, vCores:<*>",,Seen,Hadoop,Similarity-Based,0.4,0.828686975,0.614343488
"Recalculating schedule, headroom=<memory:0, vCores:-27>",E83,"Recalculating schedule, headroom=<memory:<*>, vCores:<*>",,Seen,Hadoop,Similarity-Based,0.4,0.828686975,0.614343488
"Recalculating schedule, headroom=<memory:0, vCores:-27>",E83,"Recalculating schedule, headroom=<memory:<*>, vCores:<*>",,Seen,Hadoop,Similarity-Based,0.4,0.828686975,0.614343488
"Recalculating schedule, headroom=<memory:0, vCores:-27>",E83,"Recalculating schedule, headroom=<memory:<*>, vCores:<*>",,Seen,Hadoop,Similarity-Based,0.4,0.828686975,0.614343488
Received completed container container_1445144423722_0020_01_000012,E84,Received completed container <*>,,Seen,Hadoop,Similarity-Based,0.4,0.786826897,0.593413448
Received completed container container_1445144423722_0020_01_000005,E84,Received completed container <*>,,Seen,Hadoop,Similarity-Based,0.4,0.792058289,0.596029145
Received completed container container_1445144423722_0020_01_000012,E84,Received completed container <*>,,Seen,Hadoop,Similarity-Based,0.4,0.786826897,0.593413448
Received completed container container_1445144423722_0020_01_000012,E84,Received completed container <*>,,Seen,Hadoop,Similarity-Based,0.4,0.786826897,0.593413448
Received completed container container_1445144423722_0020_01_000012,E84,Received completed container <*>,,Seen,Hadoop,Similarity-Based,0.4,0.786826897,0.593413448
Received completed container container_1445144423722_0020_01_000005,E84,Received completed container <*>,,Seen,Hadoop,Similarity-Based,0.4,0.792058289,0.596029145
Received completed container container_1445144423722_0020_01_000012,E84,Received completed container <*>,,Seen,Hadoop,Similarity-Based,0.4,0.786826897,0.593413448
Received completed container container_1445144423722_0020_01_000012,E84,Received completed container <*>,,Seen,Hadoop,Similarity-Based,0.4,0.786826897,0.593413448
Received completed container container_1445144423722_0020_01_000012,E84,Received completed container <*>,,Seen,Hadoop,Similarity-Based,0.4,0.786826897,0.593413448
Received completed container container_1445144423722_0020_01_000005,E84,Received completed container <*>,,Seen,Hadoop,Similarity-Based,0.4,0.792058289,0.596029145
Reduce slow start threshold not met. completedMapsForReduceSlowstart 1,E85,Reduce slow start threshold not met. completedMapsForReduceSlowstart <*>,,Seen,Hadoop,Similarity-Based,0.4,0.887997023,0.643998512
Reduce slow start threshold not met. completedMapsForReduceSlowstart 1,E85,Reduce slow start threshold not met. completedMapsForReduceSlowstart <*>,,Seen,Hadoop,Similarity-Based,0.4,0.887997023,0.643998512
Reduce slow start threshold not met. completedMapsForReduceSlowstart 1,E85,Reduce slow start threshold not met. completedMapsForReduceSlowstart <*>,,Seen,Hadoop,Similarity-Based,0.4,0.887997023,0.643998512
Reduce slow start threshold not met. completedMapsForReduceSlowstart 1,E85,Reduce slow start threshold not met. completedMapsForReduceSlowstart <*>,,Seen,Hadoop,Similarity-Based,0.4,0.887997023,0.643998512
Reduce slow start threshold not met. completedMapsForReduceSlowstart 1,E85,Reduce slow start threshold not met. completedMapsForReduceSlowstart <*>,,Seen,Hadoop,Similarity-Based,0.4,0.887997023,0.643998512
Reduce slow start threshold not met. completedMapsForReduceSlowstart 1,E85,Reduce slow start threshold not met. completedMapsForReduceSlowstart <*>,,Seen,Hadoop,Similarity-Based,0.4,0.887997023,0.643998512
Reduce slow start threshold not met. completedMapsForReduceSlowstart 1,E85,Reduce slow start threshold not met. completedMapsForReduceSlowstart <*>,,Seen,Hadoop,Similarity-Based,0.4,0.887997023,0.643998512
Reduce slow start threshold not met. completedMapsForReduceSlowstart 1,E85,Reduce slow start threshold not met. completedMapsForReduceSlowstart <*>,,Seen,Hadoop,Similarity-Based,0.4,0.887997023,0.643998512
Reduce slow start threshold not met. completedMapsForReduceSlowstart 1,E85,Reduce slow start threshold not met. completedMapsForReduceSlowstart <*>,,Seen,Hadoop,Similarity-Based,0.4,0.887997023,0.643998512
Reduce slow start threshold not met. completedMapsForReduceSlowstart 1,E85,Reduce slow start threshold not met. completedMapsForReduceSlowstart <*>,,Seen,Hadoop,Similarity-Based,0.4,0.887997023,0.643998512
Reduce slow start threshold reached. Scheduling reduces.,E86,Reduce slow start threshold reached. Scheduling reduces.,,Unseen,Hadoop,Rule-Based,0.3,0,0.15
Reduce slow start threshold reached. Scheduling reduces.,E86,Reduce slow start threshold reached. Scheduling reduces.,,Unseen,Hadoop,Rule-Based,0.3,0,0.15
Reduce slow start threshold reached. Scheduling reduces.,E86,Reduce slow start threshold reached. Scheduling reduces.,,Unseen,Hadoop,Rule-Based,0.3,0,0.15
Reduce slow start threshold reached. Scheduling reduces.,E86,Reduce slow start threshold reached. Scheduling reduces.,,Unseen,Hadoop,Rule-Based,0.3,0,0.15
Reduce slow start threshold reached. Scheduling reduces.,E86,Reduce slow start threshold reached. Scheduling reduces.,,Unseen,Hadoop,Rule-Based,0.3,0,0.15
Reduce slow start threshold reached. Scheduling reduces.,E86,Reduce slow start threshold reached. Scheduling reduces.,,Unseen,Hadoop,Rule-Based,0.3,0,0.15
Reduce slow start threshold reached. Scheduling reduces.,E86,Reduce slow start threshold reached. Scheduling reduces.,,Unseen,Hadoop,Rule-Based,0.3,0,0.15
Reduce slow start threshold reached. Scheduling reduces.,E86,Reduce slow start threshold reached. Scheduling reduces.,,Unseen,Hadoop,Rule-Based,0.3,0,0.15
Reduce slow start threshold reached. Scheduling reduces.,E86,Reduce slow start threshold reached. Scheduling reduces.,,Unseen,Hadoop,Rule-Based,0.3,0,0.15
Reduce slow start threshold reached. Scheduling reduces.,E86,Reduce slow start threshold reached. Scheduling reduces.,,Unseen,Hadoop,Rule-Based,0.3,0,0.15
"reduceResourceRequest:<memory:1024, vCores:1>",E87,"reduceResourceRequest:<memory:<*>, vCores:<*>",,Seen,Hadoop,Similarity-Based,0.3,0.830780245,0.565390122
"reduceResourceRequest:<memory:1024, vCores:1>",E87,"reduceResourceRequest:<memory:<*>, vCores:<*>",,Seen,Hadoop,Similarity-Based,0.3,0.830780245,0.565390122
"reduceResourceRequest:<memory:1024, vCores:1>",E87,"reduceResourceRequest:<memory:<*>, vCores:<*>",,Seen,Hadoop,Similarity-Based,0.3,0.830780245,0.565390122
"reduceResourceRequest:<memory:1024, vCores:1>",E87,"reduceResourceRequest:<memory:<*>, vCores:<*>",,Seen,Hadoop,Similarity-Based,0.3,0.830780245,0.565390122
"reduceResourceRequest:<memory:1024, vCores:1>",E87,"reduceResourceRequest:<memory:<*>, vCores:<*>",,Seen,Hadoop,Similarity-Based,0.3,0.830780245,0.565390122
"reduceResourceRequest:<memory:1024, vCores:1>",E87,"reduceResourceRequest:<memory:<*>, vCores:<*>",,Seen,Hadoop,Similarity-Based,0.3,0.830780245,0.565390122
"reduceResourceRequest:<memory:1024, vCores:1>",E87,"reduceResourceRequest:<memory:<*>, vCores:<*>",,Seen,Hadoop,Similarity-Based,0.3,0.830780245,0.565390122
"reduceResourceRequest:<memory:1024, vCores:1>",E87,"reduceResourceRequest:<memory:<*>, vCores:<*>",,Seen,Hadoop,Similarity-Based,0.3,0.830780245,0.565390122
"reduceResourceRequest:<memory:1024, vCores:1>",E87,"reduceResourceRequest:<memory:<*>, vCores:<*>",,Seen,Hadoop,Similarity-Based,0.3,0.830780245,0.565390122
"reduceResourceRequest:<memory:1024, vCores:1>",E87,"reduceResourceRequest:<memory:<*>, vCores:<*>",,Seen,Hadoop,Similarity-Based,0.3,0.830780245,0.565390122
Registered webapp guice modules,E88,Registered webapp guice modules,,Unseen,Hadoop,Rule-Based,0.3,0,0.15
Registered webapp guice modules,E88,Registered webapp guice modules,,Unseen,Hadoop,Rule-Based,0.3,0,0.15
Registered webapp guice modules,E88,Registered webapp guice modules,,Unseen,Hadoop,Rule-Based,0.3,0,0.15
Registered webapp guice modules,E88,Registered webapp guice modules,,Unseen,Hadoop,Rule-Based,0.3,0,0.15
Registered webapp guice modules,E88,Registered webapp guice modules,,Unseen,Hadoop,Rule-Based,0.3,0,0.15
Registered webapp guice modules,E88,Registered webapp guice modules,,Unseen,Hadoop,Rule-Based,0.3,0,0.15
Registered webapp guice modules,E88,Registered webapp guice modules,,Unseen,Hadoop,Rule-Based,0.3,0,0.15
Registered webapp guice modules,E88,Registered webapp guice modules,,Unseen,Hadoop,Rule-Based,0.3,0,0.15
Registered webapp guice modules,E88,Registered webapp guice modules,,Unseen,Hadoop,Rule-Based,0.3,0,0.15
Registered webapp guice modules,E88,Registered webapp guice modules,,Unseen,Hadoop,Rule-Based,0.3,0,0.15
Registering class org.apache.hadoop.mapreduce.v2.app.rm.ContainerAllocator$EventType for class org.apache.hadoop.mapreduce.v2.app.MRAppMaster$ContainerAllocatorRouter,E89,Registering class org.apache.hadoop.mapreduce.v2.<*> for class org.apache.hadoop.mapreduce.v2.<*>,,Seen,Hadoop,Similarity-Based,0.4,0.704150659,0.552075329
Registering class org.apache.hadoop.mapreduce.v2.app.job.event.TaskAttemptEventType for class org.apache.hadoop.mapreduce.v2.app.MRAppMaster$TaskAttemptEventDispatcher,E89,Registering class org.apache.hadoop.mapreduce.v2.<*> for class org.apache.hadoop.mapreduce.v2.<*>,,Seen,Hadoop,Similarity-Based,0.4,0.76942301,0.584711505
Registering class org.apache.hadoop.mapreduce.v2.app.launcher.ContainerLauncher$EventType for class org.apache.hadoop.mapreduce.v2.app.MRAppMaster$ContainerLauncherRouter,E89,Registering class org.apache.hadoop.mapreduce.v2.<*> for class org.apache.hadoop.mapreduce.v2.<*>,,Seen,Hadoop,Similarity-Based,0.4,0.724394039,0.56219702
Registering class org.apache.hadoop.mapreduce.v2.app.commit.CommitterEventType for class org.apache.hadoop.mapreduce.v2.app.commit.CommitterEventHandler,E89,Registering class org.apache.hadoop.mapreduce.<*> for class org.apache.hadoop.mapreduce.<*>,,Seen,Hadoop,Similarity-Based,0.5,0.753819537,0.626909769
Registering class org.apache.hadoop.mapreduce.v2.app.rm.ContainerAllocator$EventType for class org.apache.hadoop.mapreduce.v2.app.MRAppMaster$ContainerAllocatorRouter,E89,Registering class org.apache.hadoop.mapreduce.v2.<*> for class org.apache.hadoop.mapreduce.v2.<*>,,Seen,Hadoop,Similarity-Based,0.4,0.704150659,0.552075329
Registering class org.apache.hadoop.mapreduce.v2.app.job.event.TaskEventType for class org.apache.hadoop.mapreduce.v2.app.MRAppMaster$TaskEventDispatcher,E89,Registering class org.apache.hadoop.mapreduce.v2.<*> for class org.apache.hadoop.mapreduce.v2.<*>,,Seen,Hadoop,Similarity-Based,0.4,0.787327928,0.593663964
Registering class org.apache.hadoop.mapreduce.v2.app.rm.ContainerAllocator$EventType for class org.apache.hadoop.mapreduce.v2.app.MRAppMaster$ContainerAllocatorRouter,E89,Registering class org.apache.hadoop.mapreduce.v2.<*> for class org.apache.hadoop.mapreduce.v2.<*>,,Seen,Hadoop,Similarity-Based,0.4,0.704150659,0.552075329
Registering class org.apache.hadoop.mapreduce.v2.app.launcher.ContainerLauncher$EventType for class org.apache.hadoop.mapreduce.v2.app.MRAppMaster$ContainerLauncherRouter,E89,Registering class org.apache.hadoop.mapreduce.v2.<*> for class org.apache.hadoop.mapreduce.v2.<*>,,Seen,Hadoop,Similarity-Based,0.4,0.724394039,0.56219702
Registering class org.apache.hadoop.mapreduce.v2.app.commit.CommitterEventType for class org.apache.hadoop.mapreduce.v2.app.commit.CommitterEventHandler,E89,Registering class org.apache.hadoop.mapreduce.<*> for class org.apache.hadoop.mapreduce.<*>,,Seen,Hadoop,Similarity-Based,0.5,0.753819537,0.626909769
Registering class org.apache.hadoop.mapreduce.v2.app.job.event.TaskAttemptEventType for class org.apache.hadoop.mapreduce.v2.app.MRAppMaster$TaskAttemptEventDispatcher,E89,Registering class org.apache.hadoop.mapreduce.v2.<*> for class org.apache.hadoop.mapreduce.v2.<*>,,Seen,Hadoop,Similarity-Based,0.4,0.76942301,0.584711505
Adding protocol org.apache.hadoop.mapreduce.v2.api.MRClientProtocolPB to the server,E9,ServerAdding protocol <*> to the server,,Unseen,Hadoop,Rule-Based,0.5,0,0.25
Adding protocol org.apache.hadoop.mapreduce.v2.api.MRClientProtocolPB to the server,E9,ServerAdding protocol <*> to the server,,Unseen,Hadoop,Rule-Based,0.5,0,0.25
Adding protocol org.apache.hadoop.mapreduce.v2.api.MRClientProtocolPB to the server,E9,ServerAdding protocol <*> to the server,,Unseen,Hadoop,Rule-Based,0.5,0,0.25
Adding protocol org.apache.hadoop.mapreduce.v2.api.MRClientProtocolPB to the server,E9,ServerAdding protocol <*> to the server,,Unseen,Hadoop,Rule-Based,0.5,0,0.25
Adding protocol org.apache.hadoop.mapreduce.v2.api.MRClientProtocolPB to the server,E9,ServerAdding protocol <*> to the server,,Unseen,Hadoop,Rule-Based,0.5,0,0.25
Adding protocol org.apache.hadoop.mapreduce.v2.api.MRClientProtocolPB to the server,E9,ServerAdding protocol <*> to the server,,Unseen,Hadoop,Rule-Based,0.5,0,0.25
Adding protocol org.apache.hadoop.mapreduce.v2.api.MRClientProtocolPB to the server,E9,ServerAdding protocol <*> to the server,,Unseen,Hadoop,Rule-Based,0.5,0,0.25
Adding protocol org.apache.hadoop.mapreduce.v2.api.MRClientProtocolPB to the server,E9,ServerAdding protocol <*> to the server,,Unseen,Hadoop,Rule-Based,0.5,0,0.25
Adding protocol org.apache.hadoop.mapreduce.v2.api.MRClientProtocolPB to the server,E9,ServerAdding protocol <*> to the server,,Unseen,Hadoop,Rule-Based,0.5,0,0.25
Adding protocol org.apache.hadoop.mapreduce.v2.api.MRClientProtocolPB to the server,E9,ServerAdding protocol <*> to the server,,Unseen,Hadoop,Rule-Based,0.5,0,0.25
Resolved MSRA-SA-39.fareast.corp.microsoft.com to /default-rack,E90,Resolved <*> to <*>,,Seen,Hadoop,Similarity-Based,0.6,0.954209225,0.777104612
Resolved MSRA-SA-41.fareast.corp.microsoft.com to /default-rack,E90,Resolved <*> to <*>,,Seen,Hadoop,Similarity-Based,0.6,0.943282851,0.771641425
Resolved MSRA-SA-39.fareast.corp.microsoft.com to /default-rack,E90,Resolved <*> to <*>,,Seen,Hadoop,Similarity-Based,0.6,0.954209225,0.777104612
Resolved MSRA-SA-41.fareast.corp.microsoft.com to /default-rack,E90,Resolved <*> to <*>,,Seen,Hadoop,Similarity-Based,0.6,0.943282851,0.771641425
Resolved MSRA-SA-41.fareast.corp.microsoft.com to /default-rack,E90,Resolved <*> to <*>,,Seen,Hadoop,Similarity-Based,0.6,0.943282851,0.771641425
Resolved MSRA-SA-41.fareast.corp.microsoft.com to /default-rack,E90,Resolved <*> to <*>,,Seen,Hadoop,Similarity-Based,0.6,0.943282851,0.771641425
Resolved MSRA-SA-39.fareast.corp.microsoft.com to /default-rack,E90,Resolved <*> to <*>,,Seen,Hadoop,Similarity-Based,0.6,0.954209225,0.777104612
Resolved MSRA-SA-41.fareast.corp.microsoft.com to /default-rack,E90,Resolved <*> to <*>,,Seen,Hadoop,Similarity-Based,0.6,0.943282851,0.771641425
Resolved MININT-FNANLI5.fareast.corp.microsoft.com to /default-rack,E90,Resolved <*> to <*>,,Seen,Hadoop,Similarity-Based,0.6,0.736696601,0.668348301
Resolved MSRA-SA-41.fareast.corp.microsoft.com to /default-rack,E90,Resolved <*> to <*>,,Seen,Hadoop,Similarity-Based,0.6,0.943282851,0.771641425
"Retrying connect to server: msra-sa-41:8030. Already tried 0 time(s); retry policy is RetryUpToMaximumCountWithFixedSleep(maxRetries=10, sleepTime=1000 MILLISECONDS)",E91,"Retrying connect to server: <*>:<*>. Already tried <*> time(s); retry policy is RetryUpToMaximumCountWithFixedSleep(maxRetries=<*>, sleepTime=<*> MILLISECONDS)",,Seen,Hadoop,Similarity-Based,0.433333333,0.96213244,0.697732887
"Retrying connect to server: msra-sa-41:8030. Already tried 0 time(s); retry policy is RetryUpToMaximumCountWithFixedSleep(maxRetries=10, sleepTime=1000 MILLISECONDS)",E91,"Retrying connect to server: <*>:<*>. Already tried <*> time(s); retry policy is RetryUpToMaximumCountWithFixedSleep(maxRetries=<*>, sleepTime=<*> MILLISECONDS)",,Seen,Hadoop,Similarity-Based,0.433333333,0.96213244,0.697732887
"Retrying connect to server: msra-sa-41:8030. Already tried 0 time(s); retry policy is RetryUpToMaximumCountWithFixedSleep(maxRetries=10, sleepTime=1000 MILLISECONDS)",E91,"Retrying connect to server: <*>:<*>. Already tried <*> time(s); retry policy is RetryUpToMaximumCountWithFixedSleep(maxRetries=<*>, sleepTime=<*> MILLISECONDS)",,Seen,Hadoop,Similarity-Based,0.433333333,0.96213244,0.697732887
"Retrying connect to server: msra-sa-41:8030. Already tried 0 time(s); retry policy is RetryUpToMaximumCountWithFixedSleep(maxRetries=10, sleepTime=1000 MILLISECONDS)",E91,"Retrying connect to server: <*>:<*>. Already tried <*> time(s); retry policy is RetryUpToMaximumCountWithFixedSleep(maxRetries=<*>, sleepTime=<*> MILLISECONDS)",,Seen,Hadoop,Similarity-Based,0.433333333,0.96213244,0.697732887
"Retrying connect to server: msra-sa-41:8030. Already tried 0 time(s); retry policy is RetryUpToMaximumCountWithFixedSleep(maxRetries=10, sleepTime=1000 MILLISECONDS)",E91,"Retrying connect to server: <*>:<*>. Already tried <*> time(s); retry policy is RetryUpToMaximumCountWithFixedSleep(maxRetries=<*>, sleepTime=<*> MILLISECONDS)",,Seen,Hadoop,Similarity-Based,0.433333333,0.96213244,0.697732887
"Retrying connect to server: msra-sa-41:8030. Already tried 0 time(s); retry policy is RetryUpToMaximumCountWithFixedSleep(maxRetries=10, sleepTime=1000 MILLISECONDS)",E91,"Retrying connect to server: <*>:<*>. Already tried <*> time(s); retry policy is RetryUpToMaximumCountWithFixedSleep(maxRetries=<*>, sleepTime=<*> MILLISECONDS)",,Seen,Hadoop,Similarity-Based,0.433333333,0.96213244,0.697732887
"Retrying connect to server: msra-sa-41:8030. Already tried 0 time(s); retry policy is RetryUpToMaximumCountWithFixedSleep(maxRetries=10, sleepTime=1000 MILLISECONDS)",E91,"Retrying connect to server: <*>:<*>. Already tried <*> time(s); retry policy is RetryUpToMaximumCountWithFixedSleep(maxRetries=<*>, sleepTime=<*> MILLISECONDS)",,Seen,Hadoop,Similarity-Based,0.433333333,0.96213244,0.697732887
"Retrying connect to server: msra-sa-41:8030. Already tried 0 time(s); retry policy is RetryUpToMaximumCountWithFixedSleep(maxRetries=10, sleepTime=1000 MILLISECONDS)",E91,"Retrying connect to server: <*>:<*>. Already tried <*> time(s); retry policy is RetryUpToMaximumCountWithFixedSleep(maxRetries=<*>, sleepTime=<*> MILLISECONDS)",,Seen,Hadoop,Similarity-Based,0.433333333,0.96213244,0.697732887
"Retrying connect to server: msra-sa-41:8030. Already tried 0 time(s); retry policy is RetryUpToMaximumCountWithFixedSleep(maxRetries=10, sleepTime=1000 MILLISECONDS)",E91,"Retrying connect to server: <*>:<*>. Already tried <*> time(s); retry policy is RetryUpToMaximumCountWithFixedSleep(maxRetries=<*>, sleepTime=<*> MILLISECONDS)",,Seen,Hadoop,Similarity-Based,0.433333333,0.96213244,0.697732887
"Retrying connect to server: msra-sa-41:8030. Already tried 0 time(s); retry policy is RetryUpToMaximumCountWithFixedSleep(maxRetries=10, sleepTime=1000 MILLISECONDS)",E91,"Retrying connect to server: <*>:<*>. Already tried <*> time(s); retry policy is RetryUpToMaximumCountWithFixedSleep(maxRetries=<*>, sleepTime=<*> MILLISECONDS)",,Seen,Hadoop,Similarity-Based,0.433333333,0.96213244,0.697732887
Scheduled snapshot period at 10 second(s).,E92,Scheduled snapshot period at <*> second(s).,,Seen,Hadoop,Similarity-Based,0.4,0.748480613,0.574240306
Scheduled snapshot period at 10 second(s).,E92,Scheduled snapshot period at <*> second(s).,,Seen,Hadoop,Similarity-Based,0.4,0.748480613,0.574240306
Scheduled snapshot period at 10 second(s).,E92,Scheduled snapshot period at <*> second(s).,,Seen,Hadoop,Similarity-Based,0.4,0.748480613,0.574240306
Scheduled snapshot period at 10 second(s).,E92,Scheduled snapshot period at <*> second(s).,,Seen,Hadoop,Similarity-Based,0.4,0.748480613,0.574240306
Scheduled snapshot period at 10 second(s).,E92,Scheduled snapshot period at <*> second(s).,,Seen,Hadoop,Similarity-Based,0.4,0.748480613,0.574240306
Scheduled snapshot period at 10 second(s).,E92,Scheduled snapshot period at <*> second(s).,,Seen,Hadoop,Similarity-Based,0.4,0.748480613,0.574240306
Scheduled snapshot period at 10 second(s).,E92,Scheduled snapshot period at <*> second(s).,,Seen,Hadoop,Similarity-Based,0.4,0.748480613,0.574240306
Scheduled snapshot period at 10 second(s).,E92,Scheduled snapshot period at <*> second(s).,,Seen,Hadoop,Similarity-Based,0.4,0.748480613,0.574240306
Scheduled snapshot period at 10 second(s).,E92,Scheduled snapshot period at <*> second(s).,,Seen,Hadoop,Similarity-Based,0.4,0.748480613,0.574240306
Scheduled snapshot period at 10 second(s).,E92,Scheduled snapshot period at <*> second(s).,,Seen,Hadoop,Similarity-Based,0.4,0.748480613,0.574240306
Scheduling a redundant attempt for task task_1445144423722_0020_m_000000,E93,Scheduling a redundant attempt for task <*>,,Seen,Hadoop,Similarity-Based,0.4,0.819284385,0.609642192
Scheduling a redundant attempt for task task_1445144423722_0020_m_000000,E93,Scheduling a redundant attempt for task <*>,,Seen,Hadoop,Similarity-Based,0.4,0.819284385,0.609642192
Scheduling a redundant attempt for task task_1445144423722_0020_m_000000,E93,Scheduling a redundant attempt for task <*>,,Seen,Hadoop,Similarity-Based,0.4,0.819284385,0.609642192
Scheduling a redundant attempt for task task_1445144423722_0020_m_000000,E93,Scheduling a redundant attempt for task <*>,,Seen,Hadoop,Similarity-Based,0.4,0.819284385,0.609642192
Scheduling a redundant attempt for task task_1445144423722_0020_m_000000,E93,Scheduling a redundant attempt for task <*>,,Seen,Hadoop,Similarity-Based,0.4,0.819284385,0.609642192
Scheduling a redundant attempt for task task_1445144423722_0020_m_000000,E93,Scheduling a redundant attempt for task <*>,,Seen,Hadoop,Similarity-Based,0.4,0.819284385,0.609642192
Scheduling a redundant attempt for task task_1445144423722_0020_m_000000,E93,Scheduling a redundant attempt for task <*>,,Seen,Hadoop,Similarity-Based,0.4,0.819284385,0.609642192
Scheduling a redundant attempt for task task_1445144423722_0020_m_000000,E93,Scheduling a redundant attempt for task <*>,,Seen,Hadoop,Similarity-Based,0.4,0.819284385,0.609642192
Scheduling a redundant attempt for task task_1445144423722_0020_m_000000,E93,Scheduling a redundant attempt for task <*>,,Seen,Hadoop,Similarity-Based,0.4,0.819284385,0.609642192
Scheduling a redundant attempt for task task_1445144423722_0020_m_000000,E93,Scheduling a redundant attempt for task <*>,,Seen,Hadoop,Similarity-Based,0.4,0.819284385,0.609642192
Shuffle port returned by ContainerManager for attempt_1445144423722_0020_m_000006_0 : 13562,E94,Shuffle port returned by ContainerManager for <*> : <*>,,Seen,Hadoop,Similarity-Based,0.433333333,0.918540178,0.675936756
Shuffle port returned by ContainerManager for attempt_1445144423722_0020_m_000003_0 : 13562,E94,Shuffle port returned by ContainerManager for <*> : <*>,,Seen,Hadoop,Similarity-Based,0.433333333,0.919505062,0.676419197
Shuffle port returned by ContainerManager for attempt_1445144423722_0020_m_000007_0 : 13562,E94,Shuffle port returned by ContainerManager for <*> : <*>,,Seen,Hadoop,Similarity-Based,0.433333333,0.919071989,0.676202661
Shuffle port returned by ContainerManager for attempt_1445144423722_0020_m_000004_0 : 13562,E94,Shuffle port returned by ContainerManager for <*> : <*>,,Seen,Hadoop,Similarity-Based,0.433333333,0.91951247,0.676422902
Shuffle port returned by ContainerManager for attempt_1445144423722_0020_m_000006_0 : 13562,E94,Shuffle port returned by ContainerManager for <*> : <*>,,Seen,Hadoop,Similarity-Based,0.433333333,0.918540178,0.675936756
Shuffle port returned by ContainerManager for attempt_1445144423722_0020_m_000009_0 : 13562,E94,Shuffle port returned by ContainerManager for <*> : <*>,,Seen,Hadoop,Similarity-Based,0.433333333,0.92029065,0.676811992
Shuffle port returned by ContainerManager for attempt_1445144423722_0020_m_000002_0 : 13562,E94,Shuffle port returned by ContainerManager for <*> : <*>,,Seen,Hadoop,Similarity-Based,0.433333333,0.918077464,0.675705399
Shuffle port returned by ContainerManager for attempt_1445144423722_0020_m_000006_0 : 13562,E94,Shuffle port returned by ContainerManager for <*> : <*>,,Seen,Hadoop,Similarity-Based,0.433333333,0.918540178,0.675936756
Shuffle port returned by ContainerManager for attempt_1445144423722_0020_m_000007_0 : 13562,E94,Shuffle port returned by ContainerManager for <*> : <*>,,Seen,Hadoop,Similarity-Based,0.433333333,0.919071989,0.676202661
Shuffle port returned by ContainerManager for attempt_1445144423722_0020_m_000004_0 : 13562,E94,Shuffle port returned by ContainerManager for <*> : <*>,,Seen,Hadoop,Similarity-Based,0.433333333,0.91951247,0.676422902
Size of containertokens_dob is 1,E95,Size of containertokens_dob is <*>,,Seen,Hadoop,Similarity-Based,0.4,0.791720087,0.595860044
Size of containertokens_dob is 1,E95,Size of containertokens_dob is <*>,,Seen,Hadoop,Similarity-Based,0.4,0.791720087,0.595860044
Size of containertokens_dob is 1,E95,Size of containertokens_dob is <*>,,Seen,Hadoop,Similarity-Based,0.4,0.791720087,0.595860044
Size of containertokens_dob is 1,E95,Size of containertokens_dob is <*>,,Seen,Hadoop,Similarity-Based,0.4,0.791720087,0.595860044
Size of containertokens_dob is 1,E95,Size of containertokens_dob is <*>,,Seen,Hadoop,Similarity-Based,0.4,0.791720087,0.595860044
Size of containertokens_dob is 1,E95,Size of containertokens_dob is <*>,,Seen,Hadoop,Similarity-Based,0.4,0.791720087,0.595860044
Size of containertokens_dob is 1,E95,Size of containertokens_dob is <*>,,Seen,Hadoop,Similarity-Based,0.4,0.791720087,0.595860044
Size of containertokens_dob is 1,E95,Size of containertokens_dob is <*>,,Seen,Hadoop,Similarity-Based,0.4,0.791720087,0.595860044
Size of containertokens_dob is 1,E95,Size of containertokens_dob is <*>,,Seen,Hadoop,Similarity-Based,0.4,0.791720087,0.595860044
Size of containertokens_dob is 1,E95,Size of containertokens_dob is <*>,,Seen,Hadoop,Similarity-Based,0.4,0.791720087,0.595860044
"Slow ReadProcessor read fields took 65020ms (threshold=30000ms); ack: seqno: -2 status: SUCCESS status: ERROR downstreamAckTimeNanos: 0, targets: [10.86.169.121:50010, 10.190.173.170:50010]",E96,"Slow ReadProcessor read fields took <*> (threshold=<*>); ack: seqno: <*> status: SUCCESS status: ERROR downstreamAckTimeNanos: <*>, targets: [<*>:<*>, <*>:<*>]",,Seen,Hadoop,Similarity-Based,0.525,0.928294893,0.726647446
"Slow ReadProcessor read fields took 65020ms (threshold=30000ms); ack: seqno: -2 status: SUCCESS status: ERROR downstreamAckTimeNanos: 0, targets: [10.86.169.121:50010, 10.190.173.170:50010]",E96,"Slow ReadProcessor read fields took <*> (threshold=<*>); ack: seqno: <*> status: SUCCESS status: ERROR downstreamAckTimeNanos: <*>, targets: [<*>:<*>, <*>:<*>]",,Seen,Hadoop,Similarity-Based,0.525,0.928294893,0.726647446
"Slow ReadProcessor read fields took 65020ms (threshold=30000ms); ack: seqno: -2 status: SUCCESS status: ERROR downstreamAckTimeNanos: 0, targets: [10.86.169.121:50010, 10.190.173.170:50010]",E96,"Slow ReadProcessor read fields took <*> (threshold=<*>); ack: seqno: <*> status: SUCCESS status: ERROR downstreamAckTimeNanos: <*>, targets: [<*>:<*>, <*>:<*>]",,Seen,Hadoop,Similarity-Based,0.525,0.928294893,0.726647446
"Slow ReadProcessor read fields took 65020ms (threshold=30000ms); ack: seqno: -2 status: SUCCESS status: ERROR downstreamAckTimeNanos: 0, targets: [10.86.169.121:50010, 10.190.173.170:50010]",E96,"Slow ReadProcessor read fields took <*> (threshold=<*>); ack: seqno: <*> status: SUCCESS status: ERROR downstreamAckTimeNanos: <*>, targets: [<*>:<*>, <*>:<*>]",,Seen,Hadoop,Similarity-Based,0.525,0.928294893,0.726647446
"Slow ReadProcessor read fields took 65020ms (threshold=30000ms); ack: seqno: -2 status: SUCCESS status: ERROR downstreamAckTimeNanos: 0, targets: [10.86.169.121:50010, 10.190.173.170:50010]",E96,"Slow ReadProcessor read fields took <*> (threshold=<*>); ack: seqno: <*> status: SUCCESS status: ERROR downstreamAckTimeNanos: <*>, targets: [<*>:<*>, <*>:<*>]",,Seen,Hadoop,Similarity-Based,0.525,0.928294893,0.726647446
"Slow ReadProcessor read fields took 65020ms (threshold=30000ms); ack: seqno: -2 status: SUCCESS status: ERROR downstreamAckTimeNanos: 0, targets: [10.86.169.121:50010, 10.190.173.170:50010]",E96,"Slow ReadProcessor read fields took <*> (threshold=<*>); ack: seqno: <*> status: SUCCESS status: ERROR downstreamAckTimeNanos: <*>, targets: [<*>:<*>, <*>:<*>]",,Seen,Hadoop,Similarity-Based,0.525,0.928294893,0.726647446
"Slow ReadProcessor read fields took 65020ms (threshold=30000ms); ack: seqno: -2 status: SUCCESS status: ERROR downstreamAckTimeNanos: 0, targets: [10.86.169.121:50010, 10.190.173.170:50010]",E96,"Slow ReadProcessor read fields took <*> (threshold=<*>); ack: seqno: <*> status: SUCCESS status: ERROR downstreamAckTimeNanos: <*>, targets: [<*>:<*>, <*>:<*>]",,Seen,Hadoop,Similarity-Based,0.525,0.928294893,0.726647446
"Slow ReadProcessor read fields took 65020ms (threshold=30000ms); ack: seqno: -2 status: SUCCESS status: ERROR downstreamAckTimeNanos: 0, targets: [10.86.169.121:50010, 10.190.173.170:50010]",E96,"Slow ReadProcessor read fields took <*> (threshold=<*>); ack: seqno: <*> status: SUCCESS status: ERROR downstreamAckTimeNanos: <*>, targets: [<*>:<*>, <*>:<*>]",,Seen,Hadoop,Similarity-Based,0.525,0.928294893,0.726647446
"Slow ReadProcessor read fields took 65020ms (threshold=30000ms); ack: seqno: -2 status: SUCCESS status: ERROR downstreamAckTimeNanos: 0, targets: [10.86.169.121:50010, 10.190.173.170:50010]",E96,"Slow ReadProcessor read fields took <*> (threshold=<*>); ack: seqno: <*> status: SUCCESS status: ERROR downstreamAckTimeNanos: <*>, targets: [<*>:<*>, <*>:<*>]",,Seen,Hadoop,Similarity-Based,0.525,0.928294893,0.726647446
"Slow ReadProcessor read fields took 65020ms (threshold=30000ms); ack: seqno: -2 status: SUCCESS status: ERROR downstreamAckTimeNanos: 0, targets: [10.86.169.121:50010, 10.190.173.170:50010]",E96,"Slow ReadProcessor read fields took <*> (threshold=<*>); ack: seqno: <*> status: SUCCESS status: ERROR downstreamAckTimeNanos: <*>, targets: [<*>:<*>, <*>:<*>]",,Seen,Hadoop,Similarity-Based,0.525,0.928294893,0.726647446
Started HttpServer2$SelectChannelConnectorWithSafeStartup@0.0.0.0:62267,E97,Started HttpServer2$SelectChannelConnectorWithSafeStartup@<*>:<*>,,Seen,Hadoop,Similarity-Based,0.533333333,0.928907361,0.731120347
Started HttpServer2$SelectChannelConnectorWithSafeStartup@0.0.0.0:62267,E97,Started HttpServer2$SelectChannelConnectorWithSafeStartup@<*>:<*>,,Seen,Hadoop,Similarity-Based,0.533333333,0.928907361,0.731120347
Started HttpServer2$SelectChannelConnectorWithSafeStartup@0.0.0.0:62267,E97,Started HttpServer2$SelectChannelConnectorWithSafeStartup@<*>:<*>,,Seen,Hadoop,Similarity-Based,0.533333333,0.928907361,0.731120347
Started HttpServer2$SelectChannelConnectorWithSafeStartup@0.0.0.0:62267,E97,Started HttpServer2$SelectChannelConnectorWithSafeStartup@<*>:<*>,,Seen,Hadoop,Similarity-Based,0.533333333,0.928907361,0.731120347
Started HttpServer2$SelectChannelConnectorWithSafeStartup@0.0.0.0:62267,E97,Started HttpServer2$SelectChannelConnectorWithSafeStartup@<*>:<*>,,Seen,Hadoop,Similarity-Based,0.533333333,0.928907361,0.731120347
Started HttpServer2$SelectChannelConnectorWithSafeStartup@0.0.0.0:62267,E97,Started HttpServer2$SelectChannelConnectorWithSafeStartup@<*>:<*>,,Seen,Hadoop,Similarity-Based,0.533333333,0.928907361,0.731120347
Started HttpServer2$SelectChannelConnectorWithSafeStartup@0.0.0.0:62267,E97,Started HttpServer2$SelectChannelConnectorWithSafeStartup@<*>:<*>,,Seen,Hadoop,Similarity-Based,0.533333333,0.928907361,0.731120347
Started HttpServer2$SelectChannelConnectorWithSafeStartup@0.0.0.0:62267,E97,Started HttpServer2$SelectChannelConnectorWithSafeStartup@<*>:<*>,,Seen,Hadoop,Similarity-Based,0.533333333,0.928907361,0.731120347
Started HttpServer2$SelectChannelConnectorWithSafeStartup@0.0.0.0:62267,E97,Started HttpServer2$SelectChannelConnectorWithSafeStartup@<*>:<*>,,Seen,Hadoop,Similarity-Based,0.533333333,0.928907361,0.731120347
Started HttpServer2$SelectChannelConnectorWithSafeStartup@0.0.0.0:62267,E97,Started HttpServer2$SelectChannelConnectorWithSafeStartup@<*>:<*>,,Seen,Hadoop,Similarity-Based,0.533333333,0.928907361,0.731120347
Starting Socket Reader #1 for port 62260,E98,Starting Socket Reader #<*> for port <*>,,Seen,Hadoop,Similarity-Based,0.4,0.890030638,0.645015319
Starting Socket Reader #1 for port 62270,E98,Starting Socket Reader #<*> for port <*>,,Seen,Hadoop,Similarity-Based,0.4,0.874057583,0.637028791
Starting Socket Reader #1 for port 62260,E98,Starting Socket Reader #<*> for port <*>,,Seen,Hadoop,Similarity-Based,0.4,0.890030638,0.645015319
Starting Socket Reader #1 for port 62260,E98,Starting Socket Reader #<*> for port <*>,,Seen,Hadoop,Similarity-Based,0.4,0.890030638,0.645015319
Starting Socket Reader #1 for port 62260,E98,Starting Socket Reader #<*> for port <*>,,Seen,Hadoop,Similarity-Based,0.4,0.890030638,0.645015319
Starting Socket Reader #1 for port 62270,E98,Starting Socket Reader #<*> for port <*>,,Seen,Hadoop,Similarity-Based,0.4,0.874057583,0.637028791
Starting Socket Reader #1 for port 62260,E98,Starting Socket Reader #<*> for port <*>,,Seen,Hadoop,Similarity-Based,0.4,0.890030638,0.645015319
Starting Socket Reader #1 for port 62260,E98,Starting Socket Reader #<*> for port <*>,,Seen,Hadoop,Similarity-Based,0.4,0.890030638,0.645015319
Starting Socket Reader #1 for port 62260,E98,Starting Socket Reader #<*> for port <*>,,Seen,Hadoop,Similarity-Based,0.4,0.890030638,0.645015319
Starting Socket Reader #1 for port 62270,E98,Starting Socket Reader #<*> for port <*>,,Seen,Hadoop,Similarity-Based,0.4,0.874057583,0.637028791
Task cleanup failed for attempt attempt_1445144423722_0020_m_000002_0,E99,Task cleanup failed for attempt <*>,,Seen,Hadoop,Similarity-Based,0.4,0.776411535,0.588205768
Task cleanup failed for attempt attempt_1445144423722_0020_m_000001_0,E99,Task cleanup failed for attempt <*>,,Seen,Hadoop,Similarity-Based,0.4,0.774275684,0.587137842
Task cleanup failed for attempt attempt_1445144423722_0020_m_000002_0,E99,Task cleanup failed for attempt <*>,,Seen,Hadoop,Similarity-Based,0.4,0.776411535,0.588205768
Task cleanup failed for attempt attempt_1445144423722_0020_m_000002_0,E99,Task cleanup failed for attempt <*>,,Seen,Hadoop,Similarity-Based,0.4,0.776411535,0.588205768
Task cleanup failed for attempt attempt_1445144423722_0020_m_000002_0,E99,Task cleanup failed for attempt <*>,,Seen,Hadoop,Similarity-Based,0.4,0.776411535,0.588205768
Task cleanup failed for attempt attempt_1445144423722_0020_m_000001_0,E99,Task cleanup failed for attempt <*>,,Seen,Hadoop,Similarity-Based,0.4,0.774275684,0.587137842
Task cleanup failed for attempt attempt_1445144423722_0020_m_000002_0,E99,Task cleanup failed for attempt <*>,,Seen,Hadoop,Similarity-Based,0.4,0.776411535,0.588205768
Task cleanup failed for attempt attempt_1445144423722_0020_m_000002_0,E99,Task cleanup failed for attempt <*>,,Seen,Hadoop,Similarity-Based,0.4,0.776411535,0.588205768
Task cleanup failed for attempt attempt_1445144423722_0020_m_000002_0,E99,Task cleanup failed for attempt <*>,,Seen,Hadoop,Similarity-Based,0.4,0.776411535,0.588205768
Task cleanup failed for attempt attempt_1445144423722_0020_m_000001_0,E99,Task cleanup failed for attempt <*>,,Seen,Hadoop,Similarity-Based,0.4,0.774275684,0.587137842
Alarm uploadStaticsToDB totalSteps=7163Calories:153367Floor:240Distance:5112,E1,Alarm uploadStaticsToDB totalSteps=<*>:<*>:<*>:<*>,,Seen,HealthApp,Similarity-Based,0.45,0.723480839,0.58674042
Alarm uploadStaticsToDB totalSteps=7163Calories:153367Floor:240Distance:5112,E1,Alarm uploadStaticsToDB totalSteps=<*>:<*>:<*>:<*>,,Seen,HealthApp,Similarity-Based,0.45,0.723480839,0.58674042
Alarm uploadStaticsToDB totalSteps=7163Calories:153367Floor:240Distance:5112,E1,Alarm uploadStaticsToDB totalSteps=<*>:<*>:<*>:<*>,,Seen,HealthApp,Similarity-Based,0.45,0.723480839,0.58674042
Alarm uploadStaticsToDB totalSteps=7163Calories:153367Floor:240Distance:5112,E1,Alarm uploadStaticsToDB totalSteps=<*>:<*>:<*>:<*>,,Seen,HealthApp,Similarity-Based,0.45,0.723480839,0.58674042
Alarm uploadStaticsToDB totalSteps=7163Calories:153367Floor:240Distance:5112,E1,Alarm uploadStaticsToDB totalSteps=<*>:<*>:<*>:<*>,,Seen,HealthApp,Similarity-Based,0.45,0.723480839,0.58674042
Alarm uploadStaticsToDB totalSteps=7163Calories:153367Floor:240Distance:5112,E1,Alarm uploadStaticsToDB totalSteps=<*>:<*>:<*>:<*>,,Seen,HealthApp,Similarity-Based,0.45,0.723480839,0.58674042
Alarm uploadStaticsToDB totalSteps=7163Calories:153367Floor:240Distance:5112,E1,Alarm uploadStaticsToDB totalSteps=<*>:<*>:<*>:<*>,,Seen,HealthApp,Similarity-Based,0.45,0.723480839,0.58674042
Alarm uploadStaticsToDB totalSteps=7163Calories:153367Floor:240Distance:5112,E1,Alarm uploadStaticsToDB totalSteps=<*>:<*>:<*>:<*>,,Seen,HealthApp,Similarity-Based,0.45,0.723480839,0.58674042
Alarm uploadStaticsToDB totalSteps=7163Calories:153367Floor:240Distance:5112,E1,Alarm uploadStaticsToDB totalSteps=<*>:<*>:<*>:<*>,,Seen,HealthApp,Similarity-Based,0.45,0.723480839,0.58674042
Alarm uploadStaticsToDB totalSteps=7163Calories:153367Floor:240Distance:5112,E1,Alarm uploadStaticsToDB totalSteps=<*>:<*>:<*>:<*>,,Seen,HealthApp,Similarity-Based,0.45,0.723480839,0.58674042
closeNotification...,E10,closeNotification...,,Unseen,HealthApp,Rule-Based,0.3,0,0.15
closeNotification...,E10,closeNotification...,,Unseen,HealthApp,Rule-Based,0.3,0,0.15
closeNotification...,E10,closeNotification...,,Unseen,HealthApp,Rule-Based,0.3,0,0.15
closeNotification...,E10,closeNotification...,,Unseen,HealthApp,Rule-Based,0.3,0,0.15
closeNotification...,E10,closeNotification...,,Unseen,HealthApp,Rule-Based,0.3,0,0.15
closeNotification...,E10,closeNotification...,,Unseen,HealthApp,Rule-Based,0.3,0,0.15
closeNotification...,E10,closeNotification...,,Unseen,HealthApp,Rule-Based,0.3,0,0.15
closeNotification...,E10,closeNotification...,,Unseen,HealthApp,Rule-Based,0.3,0,0.15
closeNotification...,E10,closeNotification...,,Unseen,HealthApp,Rule-Based,0.3,0,0.15
closeNotification...,E10,closeNotification...,,Unseen,HealthApp,Rule-Based,0.3,0,0.15
deleteHealthNotification(),E11,deleteHealthNotification(),,Unseen,HealthApp,Rule-Based,0.3,0,0.15
deleteHealthNotification(),E11,deleteHealthNotification(),,Unseen,HealthApp,Rule-Based,0.3,0,0.15
deleteHealthNotification(),E11,deleteHealthNotification(),,Unseen,HealthApp,Rule-Based,0.3,0,0.15
deleteHealthNotification(),E11,deleteHealthNotification(),,Unseen,HealthApp,Rule-Based,0.3,0,0.15
deleteHealthNotification(),E11,deleteHealthNotification(),,Unseen,HealthApp,Rule-Based,0.3,0,0.15
deleteHealthNotification(),E11,deleteHealthNotification(),,Unseen,HealthApp,Rule-Based,0.3,0,0.15
deleteHealthNotification(),E11,deleteHealthNotification(),,Unseen,HealthApp,Rule-Based,0.3,0,0.15
deleteHealthNotification(),E11,deleteHealthNotification(),,Unseen,HealthApp,Rule-Based,0.3,0,0.15
deleteHealthNotification(),E11,deleteHealthNotification(),,Unseen,HealthApp,Rule-Based,0.3,0,0.15
deleteHealthNotification(),E11,deleteHealthNotification(),,Unseen,HealthApp,Rule-Based,0.3,0,0.15
flush sensor data,E12,flush sensor data,,Unseen,HealthApp,Rule-Based,0.3,0,0.15
flush sensor data,E12,flush sensor data,,Unseen,HealthApp,Rule-Based,0.3,0,0.15
flush sensor data,E12,flush sensor data,,Unseen,HealthApp,Rule-Based,0.3,0,0.15
flush sensor data,E12,flush sensor data,,Unseen,HealthApp,Rule-Based,0.3,0,0.15
flush sensor data,E12,flush sensor data,,Unseen,HealthApp,Rule-Based,0.3,0,0.15
flush sensor data,E12,flush sensor data,,Unseen,HealthApp,Rule-Based,0.3,0,0.15
flush sensor data,E12,flush sensor data,,Unseen,HealthApp,Rule-Based,0.3,0,0.15
flush sensor data,E12,flush sensor data,,Unseen,HealthApp,Rule-Based,0.3,0,0.15
flush sensor data,E12,flush sensor data,,Unseen,HealthApp,Rule-Based,0.3,0,0.15
flush sensor data,E12,flush sensor data,,Unseen,HealthApp,Rule-Based,0.3,0,0.15
flush2DB result success,E13,flush2DB result success,,Unseen,HealthApp,Rule-Based,0.4,0,0.2
flush2DB result success,E13,flush2DB result success,,Unseen,HealthApp,Rule-Based,0.4,0,0.2
flush2DB result success,E13,flush2DB result success,,Unseen,HealthApp,Rule-Based,0.4,0,0.2
flush2DB result success,E13,flush2DB result success,,Unseen,HealthApp,Rule-Based,0.4,0,0.2
flush2DB result success,E13,flush2DB result success,,Unseen,HealthApp,Rule-Based,0.4,0,0.2
flush2DB result success,E13,flush2DB result success,,Unseen,HealthApp,Rule-Based,0.4,0,0.2
flush2DB result success,E13,flush2DB result success,,Unseen,HealthApp,Rule-Based,0.4,0,0.2
flush2DB result success,E13,flush2DB result success,,Unseen,HealthApp,Rule-Based,0.4,0,0.2
flush2DB result success,E13,flush2DB result success,,Unseen,HealthApp,Rule-Based,0.4,0,0.2
flush2DB result success,E13,flush2DB result success,,Unseen,HealthApp,Rule-Based,0.4,0,0.2
flushTempCacheToDB by stand,E14,flushTempCacheToDB by <*stand>,,Unseen,HealthApp,Rule-Based,0.3,0,0.15
flushTempCacheToDB by stand,E14,flushTempCacheToDB by <*stand>,,Unseen,HealthApp,Rule-Based,0.3,0,0.15
flushTempCacheToDB by stand,E14,flushTempCacheToDB by <*stand>,,Unseen,HealthApp,Rule-Based,0.3,0,0.15
flushTempCacheToDB by stand,E14,flushTempCacheToDB by <*stand>,,Unseen,HealthApp,Rule-Based,0.3,0,0.15
flushTempCacheToDB by stand,E14,flushTempCacheToDB by <*stand>,,Unseen,HealthApp,Rule-Based,0.3,0,0.15
flushTempCacheToDB by stand,E14,flushTempCacheToDB by <*stand>,,Unseen,HealthApp,Rule-Based,0.3,0,0.15
flushTempCacheToDB by stand,E14,flushTempCacheToDB by <*stand>,,Unseen,HealthApp,Rule-Based,0.3,0,0.15
flushTempCacheToDB by stand,E14,flushTempCacheToDB by <*stand>,,Unseen,HealthApp,Rule-Based,0.3,0,0.15
flushTempCacheToDB by stand,E14,flushTempCacheToDB by <*stand>,,Unseen,HealthApp,Rule-Based,0.3,0,0.15
flushTempCacheToDB by stand,E14,flushTempCacheToDB by <*stand>,,Unseen,HealthApp,Rule-Based,0.3,0,0.15
"getAppContext() isAppValid health or wear, packageName = com.huawei.health",E15,"getAppContext() isAppValid <health or wear>, packageName = <com.huawei.health>",,Unseen,HealthApp,Rule-Based,0.3,0,0.15
"getAppContext() isAppValid health or wear, packageName = com.huawei.health",E15,"getAppContext() isAppValid <health or wear>, packageName = <com.huawei.health>",,Unseen,HealthApp,Rule-Based,0.3,0,0.15
"getAppContext() isAppValid health or wear, packageName = com.huawei.health",E15,"getAppContext() isAppValid <health or wear>, packageName = <com.huawei.health>",,Unseen,HealthApp,Rule-Based,0.3,0,0.15
"getAppContext() isAppValid health or wear, packageName = com.huawei.health",E15,"getAppContext() isAppValid <health or wear>, packageName = <com.huawei.health>",,Unseen,HealthApp,Rule-Based,0.3,0,0.15
"getAppContext() isAppValid health or wear, packageName = com.huawei.health",E15,"getAppContext() isAppValid <health or wear>, packageName = <com.huawei.health>",,Unseen,HealthApp,Rule-Based,0.3,0,0.15
"getAppContext() isAppValid health or wear, packageName = com.huawei.health",E15,"getAppContext() isAppValid <health or wear>, packageName = <com.huawei.health>",,Unseen,HealthApp,Rule-Based,0.3,0,0.15
"getAppContext() isAppValid health or wear, packageName = com.huawei.health",E15,"getAppContext() isAppValid <health or wear>, packageName = <com.huawei.health>",,Unseen,HealthApp,Rule-Based,0.3,0,0.15
"getAppContext() isAppValid health or wear, packageName = com.huawei.health",E15,"getAppContext() isAppValid <health or wear>, packageName = <com.huawei.health>",,Unseen,HealthApp,Rule-Based,0.3,0,0.15
"getAppContext() isAppValid health or wear, packageName = com.huawei.health",E15,"getAppContext() isAppValid <health or wear>, packageName = <com.huawei.health>",,Unseen,HealthApp,Rule-Based,0.3,0,0.15
"getAppContext() isAppValid health or wear, packageName = com.huawei.health",E15,"getAppContext() isAppValid <health or wear>, packageName = <com.huawei.health>",,Unseen,HealthApp,Rule-Based,0.3,0,0.15
getBinderPackageName packageName = com.huawei.health,E16,getBinderPackageName packageName = <*>,,Unseen,HealthApp,Rule-Based,0.3,0,0.15
getBinderPackageName packageName = com.huawei.health,E16,getBinderPackageName packageName = <*>,,Unseen,HealthApp,Rule-Based,0.3,0,0.15
getBinderPackageName packageName = com.huawei.health,E16,getBinderPackageName packageName = <*>,,Unseen,HealthApp,Rule-Based,0.3,0,0.15
getBinderPackageName packageName = com.huawei.health,E16,getBinderPackageName packageName = <*>,,Unseen,HealthApp,Rule-Based,0.3,0,0.15
getBinderPackageName packageName = com.huawei.health,E16,getBinderPackageName packageName = <*>,,Unseen,HealthApp,Rule-Based,0.3,0,0.15
getBinderPackageName packageName = com.huawei.health,E16,getBinderPackageName packageName = <*>,,Unseen,HealthApp,Rule-Based,0.3,0,0.15
getBinderPackageName packageName = com.huawei.health,E16,getBinderPackageName packageName = <*>,,Unseen,HealthApp,Rule-Based,0.3,0,0.15
getBinderPackageName packageName = com.huawei.health,E16,getBinderPackageName packageName = <*>,,Unseen,HealthApp,Rule-Based,0.3,0,0.15
getBinderPackageName packageName = com.huawei.health,E16,getBinderPackageName packageName = <*>,,Unseen,HealthApp,Rule-Based,0.3,0,0.15
getBinderPackageName packageName = com.huawei.health,E16,getBinderPackageName packageName = <*>,,Unseen,HealthApp,Rule-Based,0.3,0,0.15
getDiffTotalSteps= 1513958400215##0,E17,getDiffTotalSteps= <*>##<*>,,Seen,HealthApp,Rule-Based,0.4,0,0.2
getDiffTotalSteps= 1514044800231##0,E17,getDiffTotalSteps= <*>##0,,Seen,HealthApp,Rule-Based,0.4,0,0.2
getDiffTotalSteps= 1513958400215##0,E17,getDiffTotalSteps= <*>##<*>,,Seen,HealthApp,Rule-Based,0.4,0,0.2
getDiffTotalSteps= 1513958400215##0,E17,getDiffTotalSteps= <*>##<*>,,Seen,HealthApp,Rule-Based,0.4,0,0.2
getDiffTotalSteps= 1513958400215##0,E17,getDiffTotalSteps= <*>##<*>,,Seen,HealthApp,Rule-Based,0.4,0,0.2
getDiffTotalSteps= 1514044800231##0,E17,getDiffTotalSteps= <*>##0,,Seen,HealthApp,Rule-Based,0.4,0,0.2
getDiffTotalSteps= 1513958400215##0,E17,getDiffTotalSteps= <*>##<*>,,Seen,HealthApp,Rule-Based,0.4,0,0.2
getDiffTotalSteps= 1513958400215##0,E17,getDiffTotalSteps= <*>##<*>,,Seen,HealthApp,Rule-Based,0.4,0,0.2
getDiffTotalSteps= 1513958400215##0,E17,getDiffTotalSteps= <*>##<*>,,Seen,HealthApp,Rule-Based,0.4,0,0.2
getDiffTotalSteps= 1514044800231##0,E17,getDiffTotalSteps= <*>##0,,Seen,HealthApp,Rule-Based,0.4,0,0.2
getStepCounterStatus,E18,getStepCounterStatus,,Unseen,HealthApp,Rule-Based,0.3,0,0.15
getStepCounterStatus,E18,getStepCounterStatus,,Unseen,HealthApp,Rule-Based,0.3,0,0.15
getStepCounterStatus,E18,getStepCounterStatus,,Unseen,HealthApp,Rule-Based,0.3,0,0.15
getStepCounterStatus,E18,getStepCounterStatus,,Unseen,HealthApp,Rule-Based,0.3,0,0.15
getStepCounterStatus,E18,getStepCounterStatus,,Unseen,HealthApp,Rule-Based,0.3,0,0.15
getStepCounterStatus,E18,getStepCounterStatus,,Unseen,HealthApp,Rule-Based,0.3,0,0.15
getStepCounterStatus,E18,getStepCounterStatus,,Unseen,HealthApp,Rule-Based,0.3,0,0.15
getStepCounterStatus,E18,getStepCounterStatus,,Unseen,HealthApp,Rule-Based,0.3,0,0.15
getStepCounterStatus,E18,getStepCounterStatus,,Unseen,HealthApp,Rule-Based,0.3,0,0.15
getStepCounterStatus,E18,getStepCounterStatus,,Unseen,HealthApp,Rule-Based,0.3,0,0.15
getStepCounterStatus= true,E19,getStepCounterStatus= <*>,,Unseen,HealthApp,Rule-Based,0.3,0,0.15
getStepCounterStatus= true,E19,getStepCounterStatus= <*>,,Unseen,HealthApp,Rule-Based,0.3,0,0.15
getStepCounterStatus= true,E19,getStepCounterStatus= <*>,,Unseen,HealthApp,Rule-Based,0.3,0,0.15
getStepCounterStatus= true,E19,getStepCounterStatus= <*>,,Unseen,HealthApp,Rule-Based,0.3,0,0.15
getStepCounterStatus= true,E19,getStepCounterStatus= <*>,,Unseen,HealthApp,Rule-Based,0.3,0,0.15
getStepCounterStatus= true,E19,getStepCounterStatus= <*>,,Unseen,HealthApp,Rule-Based,0.3,0,0.15
getStepCounterStatus= true,E19,getStepCounterStatus= <*>,,Unseen,HealthApp,Rule-Based,0.3,0,0.15
getStepCounterStatus= true,E19,getStepCounterStatus= <*>,,Unseen,HealthApp,Rule-Based,0.3,0,0.15
getStepCounterStatus= true,E19,getStepCounterStatus= <*>,,Unseen,HealthApp,Rule-Based,0.3,0,0.15
getStepCounterStatus= true,E19,getStepCounterStatus= <*>,,Unseen,HealthApp,Rule-Based,0.3,0,0.15
"bulkSaveDetailHiHealthData() size = 4,totalTime = 30",E2,"bulkSaveDetailHiHealthData() size = <*>,totalTime = <*>",,Unseen,HealthApp,Rule-Based,0.4,0,0.2
"bulkSaveDetailHiHealthData() size = 20,totalTime = 34",E2,"bulkSaveDetailHiHealthData() size = <*>,totalTime = <*>",,Unseen,HealthApp,Rule-Based,0.4,0,0.2
"bulkSaveDetailHiHealthData() size = 4,totalTime = 30",E2,"bulkSaveDetailHiHealthData() size = <*>,totalTime = <*>",,Unseen,HealthApp,Rule-Based,0.4,0,0.2
"bulkSaveDetailHiHealthData() size = 4,totalTime = 30",E2,"bulkSaveDetailHiHealthData() size = <*>,totalTime = <*>",,Unseen,HealthApp,Rule-Based,0.4,0,0.2
"bulkSaveDetailHiHealthData() size = 4,totalTime = 30",E2,"bulkSaveDetailHiHealthData() size = <*>,totalTime = <*>",,Unseen,HealthApp,Rule-Based,0.4,0,0.2
"bulkSaveDetailHiHealthData() size = 20,totalTime = 34",E2,"bulkSaveDetailHiHealthData() size = <*>,totalTime = <*>",,Unseen,HealthApp,Rule-Based,0.4,0,0.2
"bulkSaveDetailHiHealthData() size = 4,totalTime = 30",E2,"bulkSaveDetailHiHealthData() size = <*>,totalTime = <*>",,Unseen,HealthApp,Rule-Based,0.4,0,0.2
"bulkSaveDetailHiHealthData() size = 4,totalTime = 30",E2,"bulkSaveDetailHiHealthData() size = <*>,totalTime = <*>",,Unseen,HealthApp,Rule-Based,0.4,0,0.2
"bulkSaveDetailHiHealthData() size = 4,totalTime = 30",E2,"bulkSaveDetailHiHealthData() size = <*>,totalTime = <*>",,Unseen,HealthApp,Rule-Based,0.4,0,0.2
"bulkSaveDetailHiHealthData() size = 20,totalTime = 34",E2,"bulkSaveDetailHiHealthData() size = <*>,totalTime = <*>",,Unseen,HealthApp,Rule-Based,0.4,0,0.2
getTodayBasicStandardSteps= 1514018661124##0##3428,E20,getTodayBasicStandardSteps= <*>##<*>##<*>,,Seen,HealthApp,Similarity-Based,0.4,0.723608169,0.561804084
getTodayBasicStandardSteps= 1514044800223##3786##0,E20,getTodayBasicStandardSteps= <*>##<*>##<*>,,Seen,HealthApp,Similarity-Based,0.4,0.734620474,0.567310237
getTodayBasicStandardSteps= 1514018661124##0##3428,E20,getTodayBasicStandardSteps= <*>##<*>##<*>,,Seen,HealthApp,Similarity-Based,0.4,0.723608169,0.561804084
getTodayBasicStandardSteps= 1514018661124##0##3428,E20,getTodayBasicStandardSteps= <*>##<*>##<*>,,Seen,HealthApp,Similarity-Based,0.4,0.723608169,0.561804084
getTodayBasicStandardSteps= 1514018661124##0##3428,E20,getTodayBasicStandardSteps= <*>##<*>##<*>,,Seen,HealthApp,Similarity-Based,0.4,0.723608169,0.561804084
getTodayBasicStandardSteps= 1514044800223##3786##0,E20,getTodayBasicStandardSteps= <*>##<*>##<*>,,Seen,HealthApp,Similarity-Based,0.4,0.734620474,0.567310237
getTodayBasicStandardSteps= 1514018661124##0##3428,E20,getTodayBasicStandardSteps= <*>##<*>##<*>,,Seen,HealthApp,Similarity-Based,0.4,0.723608169,0.561804084
getTodayBasicStandardSteps= 1514018661124##0##3428,E20,getTodayBasicStandardSteps= <*>##<*>##<*>,,Seen,HealthApp,Similarity-Based,0.4,0.723608169,0.561804084
getTodayBasicStandardSteps= 1514018661124##0##3428,E20,getTodayBasicStandardSteps= <*>##<*>##<*>,,Seen,HealthApp,Similarity-Based,0.4,0.723608169,0.561804084
getTodayBasicStandardSteps= 1514044800223##3786##0,E20,getTodayBasicStandardSteps= <*>##<*>##<*>,,Seen,HealthApp,Similarity-Based,0.4,0.734620474,0.567310237
getTodaySportData mStepsRecordManager=com.huawei.health.g.c@8a2a501,E21,ServerData getTodaySportData mStepsRecordManager=<*>,,Unseen,HealthApp,Rule-Based,0.4,0,0.2
getTodaySportData mStepsRecordManager=com.huawei.health.g.c@8a2a501,E21,ServerData getTodaySportData mStepsRecordManager=<*>,,Unseen,HealthApp,Rule-Based,0.4,0,0.2
getTodaySportData mStepsRecordManager=com.huawei.health.g.c@8a2a501,E21,ServerData getTodaySportData mStepsRecordManager=<*>,,Unseen,HealthApp,Rule-Based,0.4,0,0.2
getTodaySportData mStepsRecordManager=com.huawei.health.g.c@8a2a501,E21,ServerData getTodaySportData mStepsRecordManager=<*>,,Unseen,HealthApp,Rule-Based,0.4,0,0.2
getTodaySportData mStepsRecordManager=com.huawei.health.g.c@8a2a501,E21,ServerData getTodaySportData mStepsRecordManager=<*>,,Unseen,HealthApp,Rule-Based,0.4,0,0.2
getTodaySportData mStepsRecordManager=com.huawei.health.g.c@8a2a501,E21,ServerData getTodaySportData mStepsRecordManager=<*>,,Unseen,HealthApp,Rule-Based,0.4,0,0.2
getTodaySportData mStepsRecordManager=com.huawei.health.g.c@8a2a501,E21,ServerData getTodaySportData mStepsRecordManager=<*>,,Unseen,HealthApp,Rule-Based,0.4,0,0.2
getTodaySportData mStepsRecordManager=com.huawei.health.g.c@8a2a501,E21,ServerData getTodaySportData mStepsRecordManager=<*>,,Unseen,HealthApp,Rule-Based,0.4,0,0.2
getTodaySportData mStepsRecordManager=com.huawei.health.g.c@8a2a501,E21,ServerData getTodaySportData mStepsRecordManager=<*>,,Unseen,HealthApp,Rule-Based,0.4,0,0.2
getTodaySportData mStepsRecordManager=com.huawei.health.g.c@8a2a501,E21,ServerData getTodaySportData mStepsRecordManager=<*>,,Unseen,HealthApp,Rule-Based,0.4,0,0.2
getTodayTotalDetailSteps = 1514038440000##7031##548365##8661##14546##27187968,E22,getTodayTotalDetailSteps = <*>##<*>##<*>##<*>##<*>##<*>,,Seen,HealthApp,Similarity-Based,0.4,0.74378288,0.57189144
getTodayTotalDetailSteps = 1514038440000##7013##548365##8661##12836##27176966,E22,getTodayTotalDetailSteps = <*>##<*>##<*>##<*>##<*>##<*>,,Seen,HealthApp,Similarity-Based,0.4,0.752281755,0.576140878
getTodayTotalDetailSteps = 1514041560000##7189##549659##8661##16256##30271693,E22,getTodayTotalDetailSteps = <*>##<*>##<*>##<*>##<*>##<*>,,Seen,HealthApp,Similarity-Based,0.4,0.72505762,0.56252881
getTodayTotalDetailSteps = 1514044380000##7214##549659##8661##16256##33140770,E22,getTodayTotalDetailSteps = <*>##<*>##<*>##<*>##<*>##<*>,,Seen,HealthApp,Similarity-Based,0.4,0.721057832,0.560528916
getTodayTotalDetailSteps = 1514045400000##0##549659##8661##16256##34160765,E22,getTodayTotalDetailSteps = <*>##<*>##<*>##<*>##<*>##<*>,,Seen,HealthApp,Similarity-Based,0.4,0.729332288,0.564666144
getTodayTotalDetailSteps = 1514044320000##7214##549659##8661##16256##33066759,E22,getTodayTotalDetailSteps = <*>##<*>##<*>##<*>##<*>##<*>,,Seen,HealthApp,Similarity-Based,0.4,0.722903763,0.561451881
getTodayTotalDetailSteps = 1514043900000##7214##549659##8661##16256##32618758,E22,getTodayTotalDetailSteps = <*>##<*>##<*>##<*>##<*>##<*>,,Seen,HealthApp,Similarity-Based,0.4,0.726752541,0.563376271
getTodayTotalDetailSteps = 1514041560000##7189##549659##8661##16256##30270445,E22,getTodayTotalDetailSteps = <*>##<*>##<*>##<*>##<*>##<*>,,Seen,HealthApp,Similarity-Based,0.4,0.719855662,0.559927831
getTodayTotalDetailSteps = 1514038440000##7017##548365##8661##13121##27179330,E22,getTodayTotalDetailSteps = <*>##<*>##<*>##<*>##<*>##<*>,,Seen,HealthApp,Similarity-Based,0.4,0.746183225,0.573091612
getTodayTotalDetailSteps = 1514038740000##7189##549608##8661##16256##27457484,E22,getTodayTotalDetailSteps = <*>##<*>##<*>##<*>##<*>##<*>,,Seen,HealthApp,Similarity-Based,0.4,0.728437956,0.564218978
ifCanSync not! no cloud version,E23,if<*> sync not! no cloud version,,Unseen,HealthApp,Rule-Based,0.3,0,0.15
ifCanSync not! no cloud version,E23,if<*> sync not! no cloud version,,Unseen,HealthApp,Rule-Based,0.3,0,0.15
ifCanSync not! no cloud version,E23,if<*> sync not! no cloud version,,Unseen,HealthApp,Rule-Based,0.3,0,0.15
ifCanSync not! no cloud version,E23,if<*> sync not! no cloud version,,Unseen,HealthApp,Rule-Based,0.3,0,0.15
ifCanSync not! no cloud version,E23,if<*> sync not! no cloud version,,Unseen,HealthApp,Rule-Based,0.3,0,0.15
ifCanSync not! no cloud version,E23,if<*> sync not! no cloud version,,Unseen,HealthApp,Rule-Based,0.3,0,0.15
ifCanSync not! no cloud version,E23,if<*> sync not! no cloud version,,Unseen,HealthApp,Rule-Based,0.3,0,0.15
ifCanSync not! no cloud version,E23,if<*> sync not! no cloud version,,Unseen,HealthApp,Rule-Based,0.3,0,0.15
ifCanSync not! no cloud version,E23,if<*> sync not! no cloud version,,Unseen,HealthApp,Rule-Based,0.3,0,0.15
ifCanSync not! no cloud version,E23,if<*> sync not! no cloud version,,Unseen,HealthApp,Rule-Based,0.3,0,0.15
initDataPrivacy the dataPrivacy is true,E24,initDataPrivacy the dataPrivacy is true,,Unseen,HealthApp,Rule-Based,0.3,0,0.15
initDataPrivacy the dataPrivacy is true,E24,initDataPrivacy the dataPrivacy is true,,Unseen,HealthApp,Rule-Based,0.3,0,0.15
initDataPrivacy the dataPrivacy is true,E24,initDataPrivacy the dataPrivacy is true,,Unseen,HealthApp,Rule-Based,0.3,0,0.15
initDataPrivacy the dataPrivacy is true,E24,initDataPrivacy the dataPrivacy is true,,Unseen,HealthApp,Rule-Based,0.3,0,0.15
initDataPrivacy the dataPrivacy is true,E24,initDataPrivacy the dataPrivacy is true,,Unseen,HealthApp,Rule-Based,0.3,0,0.15
initDataPrivacy the dataPrivacy is true,E24,initDataPrivacy the dataPrivacy is true,,Unseen,HealthApp,Rule-Based,0.3,0,0.15
initDataPrivacy the dataPrivacy is true,E24,initDataPrivacy the dataPrivacy is true,,Unseen,HealthApp,Rule-Based,0.3,0,0.15
initDataPrivacy the dataPrivacy is true,E24,initDataPrivacy the dataPrivacy is true,,Unseen,HealthApp,Rule-Based,0.3,0,0.15
initDataPrivacy the dataPrivacy is true,E24,initDataPrivacy the dataPrivacy is true,,Unseen,HealthApp,Rule-Based,0.3,0,0.15
initDataPrivacy the dataPrivacy is true,E24,initDataPrivacy the dataPrivacy is true,,Unseen,HealthApp,Rule-Based,0.3,0,0.15
"initDataPrivacy the dataPrivacy switch is open, start push health data!",E25,"initDataPrivacy the dataPrivacy switch is open, start push health data!",,Unseen,HealthApp,Rule-Based,0.3,0,0.15
"initDataPrivacy the dataPrivacy switch is open, start push health data!",E25,"initDataPrivacy the dataPrivacy switch is open, start push health data!",,Unseen,HealthApp,Rule-Based,0.3,0,0.15
"initDataPrivacy the dataPrivacy switch is open, start push health data!",E25,"initDataPrivacy the dataPrivacy switch is open, start push health data!",,Unseen,HealthApp,Rule-Based,0.3,0,0.15
"initDataPrivacy the dataPrivacy switch is open, start push health data!",E25,"initDataPrivacy the dataPrivacy switch is open, start push health data!",,Unseen,HealthApp,Rule-Based,0.3,0,0.15
"initDataPrivacy the dataPrivacy switch is open, start push health data!",E25,"initDataPrivacy the dataPrivacy switch is open, start push health data!",,Unseen,HealthApp,Rule-Based,0.3,0,0.15
"initDataPrivacy the dataPrivacy switch is open, start push health data!",E25,"initDataPrivacy the dataPrivacy switch is open, start push health data!",,Unseen,HealthApp,Rule-Based,0.3,0,0.15
"initDataPrivacy the dataPrivacy switch is open, start push health data!",E25,"initDataPrivacy the dataPrivacy switch is open, start push health data!",,Unseen,HealthApp,Rule-Based,0.3,0,0.15
"initDataPrivacy the dataPrivacy switch is open, start push health data!",E25,"initDataPrivacy the dataPrivacy switch is open, start push health data!",,Unseen,HealthApp,Rule-Based,0.3,0,0.15
"initDataPrivacy the dataPrivacy switch is open, start push health data!",E25,"initDataPrivacy the dataPrivacy switch is open, start push health data!",,Unseen,HealthApp,Rule-Based,0.3,0,0.15
"initDataPrivacy the dataPrivacy switch is open, start push health data!",E25,"initDataPrivacy the dataPrivacy switch is open, start push health data!",,Unseen,HealthApp,Rule-Based,0.3,0,0.15
initEnviroument,E26,initEnviroument,,Unseen,HealthApp,Rule-Based,0.3,0,0.15
initEnviroument,E26,initEnviroument,,Unseen,HealthApp,Rule-Based,0.3,0,0.15
initEnviroument,E26,initEnviroument,,Unseen,HealthApp,Rule-Based,0.3,0,0.15
initEnviroument,E26,initEnviroument,,Unseen,HealthApp,Rule-Based,0.3,0,0.15
initEnviroument,E26,initEnviroument,,Unseen,HealthApp,Rule-Based,0.3,0,0.15
initEnviroument,E26,initEnviroument,,Unseen,HealthApp,Rule-Based,0.3,0,0.15
initEnviroument,E26,initEnviroument,,Unseen,HealthApp,Rule-Based,0.3,0,0.15
initEnviroument,E26,initEnviroument,,Unseen,HealthApp,Rule-Based,0.3,0,0.15
initEnviroument,E26,initEnviroument,,Unseen,HealthApp,Rule-Based,0.3,0,0.15
initEnviroument,E26,initEnviroument,,Unseen,HealthApp,Rule-Based,0.3,0,0.15
initUserPrivacy the userPrivacy is true,E27,initUserPrivacy the userPrivacy is true,,Unseen,HealthApp,Rule-Based,0.3,0,0.15
initUserPrivacy the userPrivacy is true,E27,initUserPrivacy the userPrivacy is true,,Unseen,HealthApp,Rule-Based,0.3,0,0.15
initUserPrivacy the userPrivacy is true,E27,initUserPrivacy the userPrivacy is true,,Unseen,HealthApp,Rule-Based,0.3,0,0.15
initUserPrivacy the userPrivacy is true,E27,initUserPrivacy the userPrivacy is true,,Unseen,HealthApp,Rule-Based,0.3,0,0.15
initUserPrivacy the userPrivacy is true,E27,initUserPrivacy the userPrivacy is true,,Unseen,HealthApp,Rule-Based,0.3,0,0.15
initUserPrivacy the userPrivacy is true,E27,initUserPrivacy the userPrivacy is true,,Unseen,HealthApp,Rule-Based,0.3,0,0.15
initUserPrivacy the userPrivacy is true,E27,initUserPrivacy the userPrivacy is true,,Unseen,HealthApp,Rule-Based,0.3,0,0.15
initUserPrivacy the userPrivacy is true,E27,initUserPrivacy the userPrivacy is true,,Unseen,HealthApp,Rule-Based,0.3,0,0.15
initUserPrivacy the userPrivacy is true,E27,initUserPrivacy the userPrivacy is true,,Unseen,HealthApp,Rule-Based,0.3,0,0.15
initUserPrivacy the userPrivacy is true,E27,initUserPrivacy the userPrivacy is true,,Unseen,HealthApp,Rule-Based,0.3,0,0.15
"initUserPrivacy the userPrivacy switch is open, start push user data!",E28,"initUserPrivacy the userPrivacy switch is open, start push user data!",,Unseen,HealthApp,Rule-Based,0.3,0,0.15
"initUserPrivacy the userPrivacy switch is open, start push user data!",E28,"initUserPrivacy the userPrivacy switch is open, start push user data!",,Unseen,HealthApp,Rule-Based,0.3,0,0.15
"initUserPrivacy the userPrivacy switch is open, start push user data!",E28,"initUserPrivacy the userPrivacy switch is open, start push user data!",,Unseen,HealthApp,Rule-Based,0.3,0,0.15
"initUserPrivacy the userPrivacy switch is open, start push user data!",E28,"initUserPrivacy the userPrivacy switch is open, start push user data!",,Unseen,HealthApp,Rule-Based,0.3,0,0.15
"initUserPrivacy the userPrivacy switch is open, start push user data!",E28,"initUserPrivacy the userPrivacy switch is open, start push user data!",,Unseen,HealthApp,Rule-Based,0.3,0,0.15
"initUserPrivacy the userPrivacy switch is open, start push user data!",E28,"initUserPrivacy the userPrivacy switch is open, start push user data!",,Unseen,HealthApp,Rule-Based,0.3,0,0.15
"initUserPrivacy the userPrivacy switch is open, start push user data!",E28,"initUserPrivacy the userPrivacy switch is open, start push user data!",,Unseen,HealthApp,Rule-Based,0.3,0,0.15
"initUserPrivacy the userPrivacy switch is open, start push user data!",E28,"initUserPrivacy the userPrivacy switch is open, start push user data!",,Unseen,HealthApp,Rule-Based,0.3,0,0.15
"initUserPrivacy the userPrivacy switch is open, start push user data!",E28,"initUserPrivacy the userPrivacy switch is open, start push user data!",,Unseen,HealthApp,Rule-Based,0.3,0,0.15
"initUserPrivacy the userPrivacy switch is open, start push user data!",E28,"initUserPrivacy the userPrivacy switch is open, start push user data!",,Unseen,HealthApp,Rule-Based,0.3,0,0.15
InsertCallBack() onSuccess  type = 0 data=true,E29,InsertCallBack() onSuccess  type = <*> data=<*>,,Seen,HealthApp,Rule-Based,0.4,0,0.2
InsertCallBack() onSuccess  type = 0 data=true,E29,InsertCallBack() onSuccess  type = <*> data=<*>,,Seen,HealthApp,Rule-Based,0.4,0,0.2
InsertCallBack() onSuccess  type = 0 data=true,E29,InsertCallBack() onSuccess  type = <*> data=<*>,,Seen,HealthApp,Rule-Based,0.4,0,0.2
InsertCallBack() onSuccess  type = 0 data=true,E29,InsertCallBack() onSuccess  type = <*> data=<*>,,Seen,HealthApp,Rule-Based,0.4,0,0.2
InsertCallBack() onSuccess  type = 0 data=true,E29,InsertCallBack() onSuccess  type = <*> data=<*>,,Seen,HealthApp,Rule-Based,0.4,0,0.2
InsertCallBack() onSuccess  type = 0 data=true,E29,InsertCallBack() onSuccess  type = <*> data=<*>,,Seen,HealthApp,Rule-Based,0.4,0,0.2
InsertCallBack() onSuccess  type = 0 data=true,E29,InsertCallBack() onSuccess  type = <*> data=<*>,,Seen,HealthApp,Rule-Based,0.4,0,0.2
InsertCallBack() onSuccess  type = 0 data=true,E29,InsertCallBack() onSuccess  type = <*> data=<*>,,Seen,HealthApp,Rule-Based,0.4,0,0.2
InsertCallBack() onSuccess  type = 0 data=true,E29,InsertCallBack() onSuccess  type = <*> data=<*>,,Seen,HealthApp,Rule-Based,0.4,0,0.2
InsertCallBack() onSuccess  type = 0 data=true,E29,InsertCallBack() onSuccess  type = <*> data=<*>,,Seen,HealthApp,Rule-Based,0.4,0,0.2
calculateAltitudeWithCache totalAltitude=240,E3,calculateAltitudeWithCache totalAltitude=<*>,,Unseen,HealthApp,Rule-Based,0.4,0,0.2
calculateAltitudeWithCache totalAltitude=240,E3,calculateAltitudeWithCache totalAltitude=<*>,,Unseen,HealthApp,Rule-Based,0.4,0,0.2
calculateAltitudeWithCache totalAltitude=0,E3,calculateAltitudeWithCache totalAltitude=<*>,,Unseen,HealthApp,Rule-Based,0.4,0,0.2
calculateAltitudeWithCache totalAltitude=240,E3,calculateAltitudeWithCache totalAltitude=<*>,,Unseen,HealthApp,Rule-Based,0.4,0,0.2
calculateAltitudeWithCache totalAltitude=0,E3,calculateAltitudeWithCache totalAltitude=<*>,,Unseen,HealthApp,Rule-Based,0.4,0,0.2
calculateAltitudeWithCache totalAltitude=240,E3,calculateAltitudeWithCache totalAltitude=<*>,,Unseen,HealthApp,Rule-Based,0.4,0,0.2
calculateAltitudeWithCache totalAltitude=240,E3,calculateAltitudeWithCache totalAltitude=<*>,,Unseen,HealthApp,Rule-Based,0.4,0,0.2
calculateAltitudeWithCache totalAltitude=0,E3,calculateAltitudeWithCache totalAltitude=<*>,,Unseen,HealthApp,Rule-Based,0.4,0,0.2
calculateAltitudeWithCache totalAltitude=240,E3,calculateAltitudeWithCache totalAltitude=<*>,,Unseen,HealthApp,Rule-Based,0.4,0,0.2
calculateAltitudeWithCache totalAltitude=240,E3,calculateAltitudeWithCache totalAltitude=<*>,,Unseen,HealthApp,Rule-Based,0.4,0,0.2
InsertEvent success begin:25233975 end:25233979,E30,begin:<*>\nend:<*\>,,Unseen,HealthApp,Rule-Based,0.3,0,0.15
InsertEvent success begin:25233975 end:25233979,E30,begin:<*>\nend:<*\>,,Unseen,HealthApp,Rule-Based,0.3,0,0.15
InsertEvent success begin:25233975 end:25233979,E30,begin:<*>\nend:<*\>,,Unseen,HealthApp,Rule-Based,0.3,0,0.15
InsertEvent success begin:25233975 end:25233979,E30,begin:<*>\nend:<*\>,,Unseen,HealthApp,Rule-Based,0.3,0,0.15
InsertEvent success begin:25233975 end:25233979,E30,begin:<*>\nend:<*\>,,Unseen,HealthApp,Rule-Based,0.3,0,0.15
InsertEvent success begin:25233975 end:25233979,E30,begin:<*>\nend:<*\>,,Unseen,HealthApp,Rule-Based,0.3,0,0.15
InsertEvent success begin:25233975 end:25233979,E30,begin:<*>\nend:<*\>,,Unseen,HealthApp,Rule-Based,0.3,0,0.15
InsertEvent success begin:25233975 end:25233979,E30,begin:<*>\nend:<*\>,,Unseen,HealthApp,Rule-Based,0.3,0,0.15
InsertEvent success begin:25233975 end:25233979,E30,begin:<*>\nend:<*\>,,Unseen,HealthApp,Rule-Based,0.3,0,0.15
InsertEvent success begin:25233975 end:25233979,E30,begin:<*>\nend:<*\>,,Unseen,HealthApp,Rule-Based,0.3,0,0.15
"insertHiHealthData() bulkSaveDetailHiHealthData fail errorCode = 4,errorMessage = ERR_DATA_INSERT",E31,"insertHiHealthData() bulkSaveDetailHiHealthData fail errorCode = <*>,errorMessage = ERR_DATA_INSERT",,Seen,HealthApp,Similarity-Based,0.4,0.911553653,0.655776827
"insertHiHealthData() bulkSaveDetailHiHealthData fail errorCode = 4,errorMessage = ERR_DATA_INSERT",E31,"insertHiHealthData() bulkSaveDetailHiHealthData fail errorCode = <*>,errorMessage = ERR_DATA_INSERT",,Seen,HealthApp,Similarity-Based,0.4,0.911553653,0.655776827
"insertHiHealthData() bulkSaveDetailHiHealthData fail errorCode = 4,errorMessage = ERR_DATA_INSERT",E31,"insertHiHealthData() bulkSaveDetailHiHealthData fail errorCode = <*>,errorMessage = ERR_DATA_INSERT",,Seen,HealthApp,Similarity-Based,0.4,0.911553653,0.655776827
"insertHiHealthData() bulkSaveDetailHiHealthData fail errorCode = 4,errorMessage = ERR_DATA_INSERT",E31,"insertHiHealthData() bulkSaveDetailHiHealthData fail errorCode = <*>,errorMessage = ERR_DATA_INSERT",,Seen,HealthApp,Similarity-Based,0.4,0.911553653,0.655776827
"insertHiHealthData() bulkSaveDetailHiHealthData fail errorCode = 4,errorMessage = ERR_DATA_INSERT",E31,"insertHiHealthData() bulkSaveDetailHiHealthData fail errorCode = <*>,errorMessage = ERR_DATA_INSERT",,Seen,HealthApp,Similarity-Based,0.4,0.911553653,0.655776827
"insertHiHealthData() bulkSaveDetailHiHealthData fail errorCode = 4,errorMessage = ERR_DATA_INSERT",E31,"insertHiHealthData() bulkSaveDetailHiHealthData fail errorCode = <*>,errorMessage = ERR_DATA_INSERT",,Seen,HealthApp,Similarity-Based,0.4,0.911553653,0.655776827
"insertHiHealthData() bulkSaveDetailHiHealthData fail errorCode = 4,errorMessage = ERR_DATA_INSERT",E31,"insertHiHealthData() bulkSaveDetailHiHealthData fail errorCode = <*>,errorMessage = ERR_DATA_INSERT",,Seen,HealthApp,Similarity-Based,0.4,0.911553653,0.655776827
"insertHiHealthData() bulkSaveDetailHiHealthData fail errorCode = 4,errorMessage = ERR_DATA_INSERT",E31,"insertHiHealthData() bulkSaveDetailHiHealthData fail errorCode = <*>,errorMessage = ERR_DATA_INSERT",,Seen,HealthApp,Similarity-Based,0.4,0.911553653,0.655776827
"insertHiHealthData() bulkSaveDetailHiHealthData fail errorCode = 4,errorMessage = ERR_DATA_INSERT",E31,"insertHiHealthData() bulkSaveDetailHiHealthData fail errorCode = <*>,errorMessage = ERR_DATA_INSERT",,Seen,HealthApp,Similarity-Based,0.4,0.911553653,0.655776827
"insertHiHealthData() bulkSaveDetailHiHealthData fail errorCode = 4,errorMessage = ERR_DATA_INSERT",E31,"insertHiHealthData() bulkSaveDetailHiHealthData fail errorCode = <*>,errorMessage = ERR_DATA_INSERT",,Seen,HealthApp,Similarity-Based,0.4,0.911553653,0.655776827
insertHiHealthData() checkAppType  0 appID = 1,E32,insertHiHealthData() checkAppType <*> appID = <*>,,Seen,HealthApp,Similarity-Based,0.4,0.827575602,0.613787801
insertHiHealthData() checkAppType  0 appID = 1,E32,insertHiHealthData() checkAppType <*> appID = <*>,,Seen,HealthApp,Similarity-Based,0.4,0.827575602,0.613787801
insertHiHealthData() checkAppType  0 appID = 1,E32,insertHiHealthData() checkAppType <*> appID = <*>,,Seen,HealthApp,Similarity-Based,0.4,0.827575602,0.613787801
insertHiHealthData() checkAppType  0 appID = 1,E32,insertHiHealthData() checkAppType <*> appID = <*>,,Seen,HealthApp,Similarity-Based,0.4,0.827575602,0.613787801
insertHiHealthData() checkAppType  0 appID = 1,E32,insertHiHealthData() checkAppType <*> appID = <*>,,Seen,HealthApp,Similarity-Based,0.4,0.827575602,0.613787801
insertHiHealthData() checkAppType  0 appID = 1,E32,insertHiHealthData() checkAppType <*> appID = <*>,,Seen,HealthApp,Similarity-Based,0.4,0.827575602,0.613787801
insertHiHealthData() checkAppType  0 appID = 1,E32,insertHiHealthData() checkAppType <*> appID = <*>,,Seen,HealthApp,Similarity-Based,0.4,0.827575602,0.613787801
insertHiHealthData() checkAppType  0 appID = 1,E32,insertHiHealthData() checkAppType <*> appID = <*>,,Seen,HealthApp,Similarity-Based,0.4,0.827575602,0.613787801
insertHiHealthData() checkAppType  0 appID = 1,E32,insertHiHealthData() checkAppType <*> appID = <*>,,Seen,HealthApp,Similarity-Based,0.4,0.827575602,0.613787801
insertHiHealthData() checkAppType  0 appID = 1,E32,insertHiHealthData() checkAppType <*> appID = <*>,,Seen,HealthApp,Similarity-Based,0.4,0.827575602,0.613787801
insertHiHealthData() end totalTime = 45,E33,init_HiHealthData() end totalTime = <*>,,Unseen,HealthApp,Rule-Based,0.4,0,0.2
insertHiHealthData() end totalTime = 94,E33,insertHiHealthData() end totalTime = <*>,,Unseen,HealthApp,Rule-Based,0.4,0,0.2
insertHiHealthData() end totalTime = 45,E33,init_HiHealthData() end totalTime = <*>,,Unseen,HealthApp,Rule-Based,0.4,0,0.2
insertHiHealthData() end totalTime = 45,E33,init_HiHealthData() end totalTime = <*>,,Unseen,HealthApp,Rule-Based,0.4,0,0.2
insertHiHealthData() end totalTime = 45,E33,init_HiHealthData() end totalTime = <*>,,Unseen,HealthApp,Rule-Based,0.4,0,0.2
insertHiHealthData() end totalTime = 94,E33,insertHiHealthData() end totalTime = <*>,,Unseen,HealthApp,Rule-Based,0.4,0,0.2
insertHiHealthData() end totalTime = 45,E33,init_HiHealthData() end totalTime = <*>,,Unseen,HealthApp,Rule-Based,0.4,0,0.2
insertHiHealthData() end totalTime = 45,E33,init_HiHealthData() end totalTime = <*>,,Unseen,HealthApp,Rule-Based,0.4,0,0.2
insertHiHealthData() end totalTime = 45,E33,init_HiHealthData() end totalTime = <*>,,Unseen,HealthApp,Rule-Based,0.4,0,0.2
insertHiHealthData() end totalTime = 94,E33,insertHiHealthData() end totalTime = <*>,,Unseen,HealthApp,Rule-Based,0.4,0,0.2
"insertHiHealthData() size = 4,app = 1,One Data Type = 40002,packageName = com.huawei.health,writeStatType = 0",E34,"initHiHealthData() size = <*>,app = <*>,One Data Type = <*>,packageName = <*>,writeStatType = <*>",,Seen,HealthApp,Rule-Based,0.4,0,0.2
"insertHiHealthData() size = 20,app = 1,One Data Type = 2,packageName = com.huawei.health,writeStatType = 0",E34,"init_worker() Registered thread <*> under bucket <*>
size = <*>,app = <*>,One Data Type = <*>,packageName = <com.huawei.health>,writeStatType = <*>",,Seen,HealthApp,Rule-Based,0.4,0,0.2
"insertHiHealthData() size = 4,app = 1,One Data Type = 40002,packageName = com.huawei.health,writeStatType = 0",E34,"initHiHealthData() size = <*>,app = <*>,One Data Type = <*>,packageName = <*>,writeStatType = <*>",,Seen,HealthApp,Rule-Based,0.4,0,0.2
"insertHiHealthData() size = 4,app = 1,One Data Type = 40002,packageName = com.huawei.health,writeStatType = 0",E34,"initHiHealthData() size = <*>,app = <*>,One Data Type = <*>,packageName = <*>,writeStatType = <*>",,Seen,HealthApp,Rule-Based,0.4,0,0.2
"insertHiHealthData() size = 4,app = 1,One Data Type = 40002,packageName = com.huawei.health,writeStatType = 0",E34,"initHiHealthData() size = <*>,app = <*>,One Data Type = <*>,packageName = <*>,writeStatType = <*>",,Seen,HealthApp,Rule-Based,0.4,0,0.2
"insertHiHealthData() size = 20,app = 1,One Data Type = 2,packageName = com.huawei.health,writeStatType = 0",E34,"init_worker() Registered thread <*> under bucket <*>
size = <*>,app = <*>,One Data Type = <*>,packageName = <com.huawei.health>,writeStatType = <*>",,Seen,HealthApp,Rule-Based,0.4,0,0.2
"insertHiHealthData() size = 4,app = 1,One Data Type = 40002,packageName = com.huawei.health,writeStatType = 0",E34,"initHiHealthData() size = <*>,app = <*>,One Data Type = <*>,packageName = <*>,writeStatType = <*>",,Seen,HealthApp,Rule-Based,0.4,0,0.2
"insertHiHealthData() size = 4,app = 1,One Data Type = 40002,packageName = com.huawei.health,writeStatType = 0",E34,"initHiHealthData() size = <*>,app = <*>,One Data Type = <*>,packageName = <*>,writeStatType = <*>",,Seen,HealthApp,Rule-Based,0.4,0,0.2
"insertHiHealthData() size = 4,app = 1,One Data Type = 40002,packageName = com.huawei.health,writeStatType = 0",E34,"initHiHealthData() size = <*>,app = <*>,One Data Type = <*>,packageName = <*>,writeStatType = <*>",,Seen,HealthApp,Rule-Based,0.4,0,0.2
"insertHiHealthData() size = 20,app = 1,One Data Type = 2,packageName = com.huawei.health,writeStatType = 0",E34,"init_worker() Registered thread <*> under bucket <*>
size = <*>,app = <*>,One Data Type = <*>,packageName = <com.huawei.health>,writeStatType = <*>",,Seen,HealthApp,Rule-Based,0.4,0,0.2
isScreenOn true,E35,isScreenOn <*>,,Unseen,HealthApp,Rule-Based,0.3,0,0.15
isScreenOn true,E35,isScreenOn <*>,,Unseen,HealthApp,Rule-Based,0.3,0,0.15
isScreenOn true,E35,isScreenOn <*>,,Unseen,HealthApp,Rule-Based,0.3,0,0.15
isScreenOn true,E35,isScreenOn <*>,,Unseen,HealthApp,Rule-Based,0.3,0,0.15
isScreenOn true,E35,isScreenOn <*>,,Unseen,HealthApp,Rule-Based,0.3,0,0.15
isScreenOn true,E35,isScreenOn <*>,,Unseen,HealthApp,Rule-Based,0.3,0,0.15
isScreenOn true,E35,isScreenOn <*>,,Unseen,HealthApp,Rule-Based,0.3,0,0.15
isScreenOn true,E35,isScreenOn <*>,,Unseen,HealthApp,Rule-Based,0.3,0,0.15
isScreenOn true,E35,isScreenOn <*>,,Unseen,HealthApp,Rule-Based,0.3,0,0.15
isScreenOn true,E35,isScreenOn <*>,,Unseen,HealthApp,Rule-Based,0.3,0,0.15
needAutoSync autoSyncSwitch is open,E36,needAutoSync <*> is open,,Unseen,HealthApp,Rule-Based,0.3,0,0.15
needAutoSync autoSyncSwitch is open,E36,needAutoSync <*> is open,,Unseen,HealthApp,Rule-Based,0.3,0,0.15
needAutoSync autoSyncSwitch is open,E36,needAutoSync <*> is open,,Unseen,HealthApp,Rule-Based,0.3,0,0.15
needAutoSync autoSyncSwitch is open,E36,needAutoSync <*> is open,,Unseen,HealthApp,Rule-Based,0.3,0,0.15
needAutoSync autoSyncSwitch is open,E36,needAutoSync <*> is open,,Unseen,HealthApp,Rule-Based,0.3,0,0.15
needAutoSync autoSyncSwitch is open,E36,needAutoSync <*> is open,,Unseen,HealthApp,Rule-Based,0.3,0,0.15
needAutoSync autoSyncSwitch is open,E36,needAutoSync <*> is open,,Unseen,HealthApp,Rule-Based,0.3,0,0.15
needAutoSync autoSyncSwitch is open,E36,needAutoSync <*> is open,,Unseen,HealthApp,Rule-Based,0.3,0,0.15
needAutoSync autoSyncSwitch is open,E36,needAutoSync <*> is open,,Unseen,HealthApp,Rule-Based,0.3,0,0.15
needAutoSync autoSyncSwitch is open,E36,needAutoSync <*> is open,,Unseen,HealthApp,Rule-Based,0.3,0,0.15
"new date =20171223, type=40002,7163.0,old=6983.0",E37,"new date=<*>, type=<*>, <*>,old=<*>",,Seen,HealthApp,Rule-Based,0.4,0,0.2
"new date =20171223, type=40003,153367.0,old=210654.54000000004",E37,"new date=<*>, type=<*>,<*>,old=<*>",,Seen,HealthApp,Rule-Based,0.4,0,0.2
"new date =20171223, type=40004,4800.935999999999,old=5112.0",E37,"new date=<*>, type=<*,><*>,old=<*>",,Seen,HealthApp,Rule-Based,0.4,0,0.2
"new date =20171223, type=40044,420.0,old=420.0",E37,"new date=<*>, type=<*> , old=<*>",,Seen,HealthApp,Rule-Based,0.4,0,0.2
"new date =20171223, type=40013,410.0,old=410.0",E37,"new date=<*>, type=<*> , old=<*>",,Seen,HealthApp,Rule-Based,0.4,0,0.2
"new date =20171223, type=40041,6720.0,old=6480.0",E37,"new date=<*>, type=<*> , <*> , old=<*>",,Seen,HealthApp,Rule-Based,0.4,0,0.2
"new date =20171223, type=40011,6314.0,old=6137.0",E37,"new date=<*>, type=<*> , <*> , old=<*>",,Seen,HealthApp,Rule-Based,0.4,0,0.2
"new date =20171223, type=40024,79200.0,old=79200.0",E37,"new date=<*>, type=<*>, <*>,old=<*>",,Seen,HealthApp,Rule-Based,0.4,0,0.2
"new date =20171223, type=40005,240.0,old=330.0",E37,"new date=<*>, type=<*>,<*>,old=<*>",,Seen,HealthApp,Rule-Based,0.4,0,0.2
"new date =20171223, type=40031,4508.196000000001,old=4381.818",E37,"new date=<*>, type=<*> , <*> , old=<*>",,Seen,HealthApp,Rule-Based,0.4,0,0.2
next day:steps0mLastReport7214,E38,next day:steps<*>LastReport<*>,,Unseen,HealthApp,Rule-Based,0.4,0,0.2
next day:steps0mLastReport7214,E38,next day:steps<*>LastReport<*>,,Unseen,HealthApp,Rule-Based,0.4,0,0.2
next day:steps0mLastReport7214,E38,next day:steps<*>LastReport<*>,,Unseen,HealthApp,Rule-Based,0.4,0,0.2
next day:steps0mLastReport7214,E38,next day:steps<*>LastReport<*>,,Unseen,HealthApp,Rule-Based,0.4,0,0.2
next day:steps0mLastReport7214,E38,next day:steps<*>LastReport<*>,,Unseen,HealthApp,Rule-Based,0.4,0,0.2
next day:steps0mLastReport7214,E38,next day:steps<*>LastReport<*>,,Unseen,HealthApp,Rule-Based,0.4,0,0.2
next day:steps0mLastReport7214,E38,next day:steps<*>LastReport<*>,,Unseen,HealthApp,Rule-Based,0.4,0,0.2
next day:steps0mLastReport7214,E38,next day:steps<*>LastReport<*>,,Unseen,HealthApp,Rule-Based,0.4,0,0.2
next day:steps0mLastReport7214,E38,next day:steps<*>LastReport<*>,,Unseen,HealthApp,Rule-Based,0.4,0,0.2
next day:steps0mLastReport7214,E38,next day:steps<*>LastReport<*>,,Unseen,HealthApp,Rule-Based,0.4,0,0.2
onExtend:1514038547000 1 0 4,E39,onExtend:<*> <*> <*> <*>,,Seen,HealthApp,Similarity-Based,0.4,0.708890733,0.554445367
onExtend:1514038819000 0 0 5,E39,onExtend:<*> <*> <*> <*>,,Seen,HealthApp,Similarity-Based,0.4,0.743361649,0.571680824
onExtend:1514038678000 2 0 4,E39,onExtend:<*> <*> <*> <*>,,Seen,HealthApp,Similarity-Based,0.4,0.735164387,0.567582193
onExtend:1514042595000 0 0 5,E39,onExtend:<*> <*> <*> <*>,,Seen,HealthApp,Similarity-Based,0.4,0.707249063,0.553624532
onExtend:1514042599000 0 0 0,E39,onExtend:<*> <*> <*> <*>,,Seen,HealthApp,Rule-Based,0.4,0,0.2
onExtend:1514039626000 0 0 0,E39,onExtend:<*> <*> <*> <*>,,Seen,HealthApp,Similarity-Based,0.4,0.710332664,0.555166332
onExtend:1514042361000 0 0 0,E39,onExtend:<*> <*> <*> <*>,,Seen,HealthApp,Similarity-Based,0.4,0.703763729,0.551881865
onExtend:1514038561000 0 0 0,E39,onExtend:<*> <*> <*> <*>,,Seen,HealthApp,Similarity-Based,0.4,0.730663938,0.565331969
onExtend:1514045224000 0 0 0,E39,onExtend:<*> <*> <*> <*>,,Seen,HealthApp,Similarity-Based,0.4,0.716946153,0.558473077
onExtend:1514044662000 0 0 0,E39,onExtend:<*> <*> <*> <*>,,Seen,HealthApp,Similarity-Based,0.4,0.711108336,0.555554168
calculateCaloriesWithCache totalCalories=127311,E4,calculateCaloriesWithCache totalCalories=<*>,,Seen,HealthApp,Similarity-Based,0.4,0.735144212,0.567572106
calculateCaloriesWithCache totalCalories=126925,E4,calculateCaloriesWithCache totalCalories=<*>,,Seen,HealthApp,Similarity-Based,0.4,0.750625169,0.575312584
calculateCaloriesWithCache totalCalories=0,E4,calculateCaloriesWithCache totalCalories=<*>,,Seen,HealthApp,Rule-Based,0.4,0,0.2
calculateCaloriesWithCache totalCalories=131208,E4,calculateCaloriesWithCache totalCalories=<*>,,Seen,HealthApp,Similarity-Based,0.4,0.741546721,0.57077336
calculateCaloriesWithCache totalCalories=0,E4,calculateCaloriesWithCache totalCalories=<*>,,Seen,HealthApp,Rule-Based,0.4,0,0.2
calculateCaloriesWithCache totalCalories=131208,E4,calculateCaloriesWithCache totalCalories=<*>,,Seen,HealthApp,Similarity-Based,0.4,0.741546721,0.57077336
calculateCaloriesWithCache totalCalories=131208,E4,calculateCaloriesWithCache totalCalories=<*>,,Seen,HealthApp,Similarity-Based,0.4,0.741546721,0.57077336
calculateCaloriesWithCache totalCalories=0,E4,calculateCaloriesWithCache totalCalories=<*>,,Seen,HealthApp,Rule-Based,0.4,0,0.2
calculateCaloriesWithCache totalCalories=126989,E4,calculateCaloriesWithCache totalCalories=<*>,,Seen,HealthApp,Similarity-Based,0.4,0.758989454,0.579494727
calculateCaloriesWithCache totalCalories=130673,E4,calculateCaloriesWithCache totalCalories=<*>,,Seen,HealthApp,Similarity-Based,0.4,0.743468817,0.571734409
onReceive action: android.intent.action.SCREEN_OFF,E40,onReceive action: <*>,,Unseen,HealthApp,Rule-Based,0.3,0,0.15
onReceive action: android.intent.action.SCREEN_OFF,E40,onReceive action: <*>,,Unseen,HealthApp,Rule-Based,0.3,0,0.15
onReceive action: android.intent.action.SCREEN_OFF,E40,onReceive action: <*>,,Unseen,HealthApp,Rule-Based,0.3,0,0.15
onReceive action: android.intent.action.SCREEN_OFF,E40,onReceive action: <*>,,Unseen,HealthApp,Rule-Based,0.3,0,0.15
onReceive action: android.intent.action.SCREEN_OFF,E40,onReceive action: <*>,,Unseen,HealthApp,Rule-Based,0.3,0,0.15
onReceive action: android.intent.action.SCREEN_OFF,E40,onReceive action: <*>,,Unseen,HealthApp,Rule-Based,0.3,0,0.15
onReceive action: android.intent.action.SCREEN_OFF,E40,onReceive action: <*>,,Unseen,HealthApp,Rule-Based,0.3,0,0.15
onReceive action: android.intent.action.SCREEN_OFF,E40,onReceive action: <*>,,Unseen,HealthApp,Rule-Based,0.3,0,0.15
onReceive action: android.intent.action.SCREEN_OFF,E40,onReceive action: <*>,,Unseen,HealthApp,Rule-Based,0.3,0,0.15
onReceive action: android.intent.action.SCREEN_OFF,E40,onReceive action: <*>,,Unseen,HealthApp,Rule-Based,0.3,0,0.15
onReceive action: android.intent.action.SCREEN_ON,E41,onReceive action: <*>,,Unseen,HealthApp,Rule-Based,0.3,0,0.15
onReceive action: android.intent.action.SCREEN_ON,E41,onReceive action: <*>,,Unseen,HealthApp,Rule-Based,0.3,0,0.15
onReceive action: android.intent.action.SCREEN_ON,E41,onReceive action: <*>,,Unseen,HealthApp,Rule-Based,0.3,0,0.15
onReceive action: android.intent.action.SCREEN_ON,E41,onReceive action: <*>,,Unseen,HealthApp,Rule-Based,0.3,0,0.15
onReceive action: android.intent.action.SCREEN_ON,E41,onReceive action: <*>,,Unseen,HealthApp,Rule-Based,0.3,0,0.15
onReceive action: android.intent.action.SCREEN_ON,E41,onReceive action: <*>,,Unseen,HealthApp,Rule-Based,0.3,0,0.15
onReceive action: android.intent.action.SCREEN_ON,E41,onReceive action: <*>,,Unseen,HealthApp,Rule-Based,0.3,0,0.15
onReceive action: android.intent.action.SCREEN_ON,E41,onReceive action: <*>,,Unseen,HealthApp,Rule-Based,0.3,0,0.15
onReceive action: android.intent.action.SCREEN_ON,E41,onReceive action: <*>,,Unseen,HealthApp,Rule-Based,0.3,0,0.15
onReceive action: android.intent.action.SCREEN_ON,E41,onReceive action: <*>,,Unseen,HealthApp,Rule-Based,0.3,0,0.15
onStandStepChanged 3606,E42,onStandStepChanged <*>,,Unseen,HealthApp,Rule-Based,0.4,0,0.2
onStandStepChanged 3772,E42,onStandStepChanged <*>,,Unseen,HealthApp,Rule-Based,0.4,0,0.2
onStandStepChanged 3786,E42,onStandStepChanged <*>,,Unseen,HealthApp,Rule-Based,0.4,0,0.2
onStandStepChanged 3783,E42,onStandStepChanged <*>,,Unseen,HealthApp,Rule-Based,0.4,0,0.2
onStandStepChanged 3786,E42,onStandStepChanged <*>,,Unseen,HealthApp,Rule-Based,0.4,0,0.2
onStandStepChanged 3786,E42,onStandStepChanged <*>,,Unseen,HealthApp,Rule-Based,0.4,0,0.2
onStandStepChanged 3761,E42,onStandStepChanged <*>,,Unseen,HealthApp,Rule-Based,0.4,0,0.2
onStandStepChanged 3761,E42,onStandStepChanged <*>,,Unseen,HealthApp,Rule-Based,0.4,0,0.2
onStandStepChanged 3587,E42,onStandStepChanged <*>,,Unseen,HealthApp,Rule-Based,0.4,0,0.2
onStandStepChanged 3764,E42,onStandStepChanged <*>,,Unseen,HealthApp,Rule-Based,0.4,0,0.2
processHandleBroadcastAction action:android.intent.action.SCREEN_ON,E43,processHandleBroadcastAction action:<*>,,Unseen,HealthApp,Rule-Based,0.3,0,0.15
processHandleBroadcastAction action:android.intent.action.SCREEN_ON,E43,processHandleBroadcastAction action:<*>,,Unseen,HealthApp,Rule-Based,0.3,0,0.15
processHandleBroadcastAction action:android.intent.action.SCREEN_ON,E43,processHandleBroadcastAction action:<*>,,Unseen,HealthApp,Rule-Based,0.3,0,0.15
processHandleBroadcastAction action:android.intent.action.SCREEN_ON,E43,processHandleBroadcastAction action:<*>,,Unseen,HealthApp,Rule-Based,0.3,0,0.15
processHandleBroadcastAction action:android.intent.action.SCREEN_ON,E43,processHandleBroadcastAction action:<*>,,Unseen,HealthApp,Rule-Based,0.3,0,0.15
processHandleBroadcastAction action:android.intent.action.SCREEN_ON,E43,processHandleBroadcastAction action:<*>,,Unseen,HealthApp,Rule-Based,0.3,0,0.15
processHandleBroadcastAction action:android.intent.action.SCREEN_ON,E43,processHandleBroadcastAction action:<*>,,Unseen,HealthApp,Rule-Based,0.3,0,0.15
processHandleBroadcastAction action:android.intent.action.SCREEN_ON,E43,processHandleBroadcastAction action:<*>,,Unseen,HealthApp,Rule-Based,0.3,0,0.15
processHandleBroadcastAction action:android.intent.action.SCREEN_ON,E43,processHandleBroadcastAction action:<*>,,Unseen,HealthApp,Rule-Based,0.3,0,0.15
processHandleBroadcastAction action:android.intent.action.SCREEN_ON,E43,processHandleBroadcastAction action:<*>,,Unseen,HealthApp,Rule-Based,0.3,0,0.15
processHandleBroadcastAction action:android.intent.action.TIME_TICK,E44,processHandleBroadcastAction action:<*>,,Unseen,HealthApp,Rule-Based,0.3,0,0.15
processHandleBroadcastAction action:android.intent.action.TIME_TICK,E44,processHandleBroadcastAction action:<*>,,Unseen,HealthApp,Rule-Based,0.3,0,0.15
processHandleBroadcastAction action:android.intent.action.TIME_TICK,E44,processHandleBroadcastAction action:<*>,,Unseen,HealthApp,Rule-Based,0.3,0,0.15
processHandleBroadcastAction action:android.intent.action.TIME_TICK,E44,processHandleBroadcastAction action:<*>,,Unseen,HealthApp,Rule-Based,0.3,0,0.15
processHandleBroadcastAction action:android.intent.action.TIME_TICK,E44,processHandleBroadcastAction action:<*>,,Unseen,HealthApp,Rule-Based,0.3,0,0.15
processHandleBroadcastAction action:android.intent.action.TIME_TICK,E44,processHandleBroadcastAction action:<*>,,Unseen,HealthApp,Rule-Based,0.3,0,0.15
processHandleBroadcastAction action:android.intent.action.TIME_TICK,E44,processHandleBroadcastAction action:<*>,,Unseen,HealthApp,Rule-Based,0.3,0,0.15
processHandleBroadcastAction action:android.intent.action.TIME_TICK,E44,processHandleBroadcastAction action:<*>,,Unseen,HealthApp,Rule-Based,0.3,0,0.15
processHandleBroadcastAction action:android.intent.action.TIME_TICK,E44,processHandleBroadcastAction action:<*>,,Unseen,HealthApp,Rule-Based,0.3,0,0.15
processHandleBroadcastAction action:android.intent.action.TIME_TICK,E44,processHandleBroadcastAction action:<*>,,Unseen,HealthApp,Rule-Based,0.3,0,0.15
registersensorsuccess: true,E45,registersuccess: <*>,,Seen,HealthApp,Rule-Based,0.3,0,0.15
registersensorsuccess: true,E45,registersuccess: <*>,,Seen,HealthApp,Rule-Based,0.3,0,0.15
registersensorsuccess: true,E45,registersuccess: <*>,,Seen,HealthApp,Rule-Based,0.3,0,0.15
registersensorsuccess: true,E45,registersuccess: <*>,,Seen,HealthApp,Rule-Based,0.3,0,0.15
registersensorsuccess: true,E45,registersuccess: <*>,,Seen,HealthApp,Rule-Based,0.3,0,0.15
registersensorsuccess: true,E45,registersuccess: <*>,,Seen,HealthApp,Rule-Based,0.3,0,0.15
registersensorsuccess: true,E45,registersuccess: <*>,,Seen,HealthApp,Rule-Based,0.3,0,0.15
registersensorsuccess: true,E45,registersuccess: <*>,,Seen,HealthApp,Rule-Based,0.3,0,0.15
registersensorsuccess: true,E45,registersuccess: <*>,,Seen,HealthApp,Rule-Based,0.3,0,0.15
registersensorsuccess: true,E45,registersuccess: <*>,,Seen,HealthApp,Rule-Based,0.3,0,0.15
reload : 3786 restar 0,E46,reload : <*> restar <*>,,Seen,HealthApp,Similarity-Based,0.4,0.817194985,0.608597493
reload : 3786 restar 0,E46,reload : <*> restar <*>,,Seen,HealthApp,Similarity-Based,0.4,0.817194985,0.608597493
reload : 3786 restar 0,E46,reload : <*> restar <*>,,Seen,HealthApp,Similarity-Based,0.4,0.817194985,0.608597493
reload : 3786 restar 0,E46,reload : <*> restar <*>,,Seen,HealthApp,Similarity-Based,0.4,0.817194985,0.608597493
reload : 3786 restar 0,E46,reload : <*> restar <*>,,Seen,HealthApp,Similarity-Based,0.4,0.817194985,0.608597493
reload : 3786 restar 0,E46,reload : <*> restar <*>,,Seen,HealthApp,Similarity-Based,0.4,0.817194985,0.608597493
reload : 3786 restar 0,E46,reload : <*> restar <*>,,Seen,HealthApp,Similarity-Based,0.4,0.817194985,0.608597493
reload : 3786 restar 0,E46,reload : <*> restar <*>,,Seen,HealthApp,Similarity-Based,0.4,0.817194985,0.608597493
reload : 3786 restar 0,E46,reload : <*> restar <*>,,Seen,HealthApp,Similarity-Based,0.4,0.817194985,0.608597493
reload : 3786 restar 0,E46,reload : <*> restar <*>,,Seen,HealthApp,Similarity-Based,0.4,0.817194985,0.608597493
REPORT : 7107 5074 152231 240,E47,REPORT : <*> <*> <*> <*>,,Seen,HealthApp,Rule-Based,0.4,0,0.2
REPORT : 7060 5040 151225 240,E47,REPORT : <*> <*> <*> <*>,,Seen,HealthApp,Rule-Based,0.4,0,0.2
REPORT : 7088 5060 151824 240,E47,REPORT : <*> <*> <*> <*>,,Seen,HealthApp,Rule-Based,0.4,0,0.2
REPORT : 7054 5036 151096 240,E47,REPORT : <*> <*> <*> <*>,,Seen,HealthApp,Rule-Based,0.4,0,0.2
REPORT : 7205 5144 154331 240,E47,REPORT : <*> <*> <*> <*>,,Seen,HealthApp,Rule-Based,0.4,0,0.2
REPORT : 7092 5063 151910 240,E47,REPORT : <*> <*> <*> <*>,,Seen,HealthApp,Rule-Based,0.4,0,0.2
REPORT : 7020 5012 150368 240,E47,REPORT : <*> <*> <*> <*>,,Seen,HealthApp,Rule-Based,0.4,0,0.2
REPORT : 7124 5086 152596 240,E47,REPORT : <*> <*> <*> <*> <*>,,Seen,HealthApp,Rule-Based,0.4,0,0.2
REPORT : 7027 5017 150518 240,E47,REPORT : <*> <*> <*> <*>,,Seen,HealthApp,Rule-Based,0.4,0,0.2
REPORT : 7095 5065 151974 240,E47,REPORT : <*> <*> <*> <*>,,Seen,HealthApp,Rule-Based,0.4,0,0.2
reStartStepCounter,E48,reStartStepCounter,,Unseen,HealthApp,Rule-Based,0.3,0,0.15
reStartStepCounter,E48,reStartStepCounter,,Unseen,HealthApp,Rule-Based,0.3,0,0.15
reStartStepCounter,E48,reStartStepCounter,,Unseen,HealthApp,Rule-Based,0.3,0,0.15
reStartStepCounter,E48,reStartStepCounter,,Unseen,HealthApp,Rule-Based,0.3,0,0.15
reStartStepCounter,E48,reStartStepCounter,,Unseen,HealthApp,Rule-Based,0.3,0,0.15
reStartStepCounter,E48,reStartStepCounter,,Unseen,HealthApp,Rule-Based,0.3,0,0.15
reStartStepCounter,E48,reStartStepCounter,,Unseen,HealthApp,Rule-Based,0.3,0,0.15
reStartStepCounter,E48,reStartStepCounter,,Unseen,HealthApp,Rule-Based,0.3,0,0.15
reStartStepCounter,E48,reStartStepCounter,,Unseen,HealthApp,Rule-Based,0.3,0,0.15
reStartStepCounter,E48,reStartStepCounter,,Unseen,HealthApp,Rule-Based,0.3,0,0.15
"saveHealthDetailData() deviceID = 2,clientID=1,id=1",E49,"saveHealthDetailData() deviceID = <*>,clientID=<*>,id=<*>",,Seen,HealthApp,Similarity-Based,0.4,0.779196581,0.58959829
"saveHealthDetailData() deviceID = 2,clientID=1,id=1",E49,"saveHealthDetailData() deviceID = <*>,clientID=<*>,id=<*>",,Seen,HealthApp,Similarity-Based,0.4,0.779196581,0.58959829
"saveHealthDetailData() deviceID = 2,clientID=1,id=1",E49,"saveHealthDetailData() deviceID = <*>,clientID=<*>,id=<*>",,Seen,HealthApp,Similarity-Based,0.4,0.779196581,0.58959829
"saveHealthDetailData() deviceID = 2,clientID=1,id=1",E49,"saveHealthDetailData() deviceID = <*>,clientID=<*>,id=<*>",,Seen,HealthApp,Similarity-Based,0.4,0.779196581,0.58959829
"saveHealthDetailData() deviceID = 2,clientID=1,id=1",E49,"saveHealthDetailData() deviceID = <*>,clientID=<*>,id=<*>",,Seen,HealthApp,Similarity-Based,0.4,0.779196581,0.58959829
"saveHealthDetailData() deviceID = 2,clientID=1,id=1",E49,"saveHealthDetailData() deviceID = <*>,clientID=<*>,id=<*>",,Seen,HealthApp,Similarity-Based,0.4,0.779196581,0.58959829
"saveHealthDetailData() deviceID = 2,clientID=1,id=1",E49,"saveHealthDetailData() deviceID = <*>,clientID=<*>,id=<*>",,Seen,HealthApp,Similarity-Based,0.4,0.779196581,0.58959829
"saveHealthDetailData() deviceID = 2,clientID=1,id=1",E49,"saveHealthDetailData() deviceID = <*>,clientID=<*>,id=<*>",,Seen,HealthApp,Similarity-Based,0.4,0.779196581,0.58959829
"saveHealthDetailData() deviceID = 2,clientID=1,id=1",E49,"saveHealthDetailData() deviceID = <*>,clientID=<*>,id=<*>",,Seen,HealthApp,Similarity-Based,0.4,0.779196581,0.58959829
"saveHealthDetailData() deviceID = 2,clientID=1,id=1",E49,"saveHealthDetailData() deviceID = <*>,clientID=<*>,id=<*>",,Seen,HealthApp,Similarity-Based,0.4,0.779196581,0.58959829
"checkCurrentDay a new day comes , reset basicSyncCondition, currentDay is 20171224 oldDay is 20171223",E5,"checkCurrentDay a new day comes , reset basicSyncCondition, currentDay is <*>, oldDay is <*>",,Seen,HealthApp,Similarity-Based,0.4,0.766801624,0.583400812
"checkCurrentDay a new day comes , reset basicSyncCondition, currentDay is 20171224 oldDay is 20171223",E5,"checkCurrentDay a new day comes , reset basicSyncCondition, currentDay is <*>, oldDay is <*>",,Seen,HealthApp,Similarity-Based,0.4,0.766801624,0.583400812
"checkCurrentDay a new day comes , reset basicSyncCondition, currentDay is 20171224 oldDay is 20171223",E5,"checkCurrentDay a new day comes , reset basicSyncCondition, currentDay is <*>, oldDay is <*>",,Seen,HealthApp,Similarity-Based,0.4,0.766801624,0.583400812
"checkCurrentDay a new day comes , reset basicSyncCondition, currentDay is 20171224 oldDay is 20171223",E5,"checkCurrentDay a new day comes , reset basicSyncCondition, currentDay is <*>, oldDay is <*>",,Seen,HealthApp,Similarity-Based,0.4,0.766801624,0.583400812
"checkCurrentDay a new day comes , reset basicSyncCondition, currentDay is 20171224 oldDay is 20171223",E5,"checkCurrentDay a new day comes , reset basicSyncCondition, currentDay is <*>, oldDay is <*>",,Seen,HealthApp,Similarity-Based,0.4,0.766801624,0.583400812
"checkCurrentDay a new day comes , reset basicSyncCondition, currentDay is 20171224 oldDay is 20171223",E5,"checkCurrentDay a new day comes , reset basicSyncCondition, currentDay is <*>, oldDay is <*>",,Seen,HealthApp,Similarity-Based,0.4,0.766801624,0.583400812
"checkCurrentDay a new day comes , reset basicSyncCondition, currentDay is 20171224 oldDay is 20171223",E5,"checkCurrentDay a new day comes , reset basicSyncCondition, currentDay is <*>, oldDay is <*>",,Seen,HealthApp,Similarity-Based,0.4,0.766801624,0.583400812
"checkCurrentDay a new day comes , reset basicSyncCondition, currentDay is 20171224 oldDay is 20171223",E5,"checkCurrentDay a new day comes , reset basicSyncCondition, currentDay is <*>, oldDay is <*>",,Seen,HealthApp,Similarity-Based,0.4,0.766801624,0.583400812
"checkCurrentDay a new day comes , reset basicSyncCondition, currentDay is 20171224 oldDay is 20171223",E5,"checkCurrentDay a new day comes , reset basicSyncCondition, currentDay is <*>, oldDay is <*>",,Seen,HealthApp,Similarity-Based,0.4,0.766801624,0.583400812
"checkCurrentDay a new day comes , reset basicSyncCondition, currentDay is 20171224 oldDay is 20171223",E5,"checkCurrentDay a new day comes , reset basicSyncCondition, currentDay is <*>, oldDay is <*>",,Seen,HealthApp,Similarity-Based,0.4,0.766801624,0.583400812
"saveHealthDetailData() saveOneDetailData fail hiHealthData = 1513958400000,type = 40003",E50,"saveHealthDetailData() saveOneDetailData fail hiHealthData = <*>,type = <*>",,Seen,HealthApp,Similarity-Based,0.4,0.757085018,0.578542509
"saveHealthDetailData() saveOneDetailData fail hiHealthData = 1513958400000,type = 40005",E50,"saveHealthDetailData() saveOneDetailData fail hiHealthData = <*>,type = <*>",,Seen,HealthApp,Similarity-Based,0.4,0.754789426,0.577394713
"saveHealthDetailData() saveOneDetailData fail hiHealthData = 1513958400000,type = 40003",E50,"saveHealthDetailData() saveOneDetailData fail hiHealthData = <*>,type = <*>",,Seen,HealthApp,Similarity-Based,0.4,0.757085018,0.578542509
"saveHealthDetailData() saveOneDetailData fail hiHealthData = 1513958400000,type = 40003",E50,"saveHealthDetailData() saveOneDetailData fail hiHealthData = <*>,type = <*>",,Seen,HealthApp,Similarity-Based,0.4,0.757085018,0.578542509
"saveHealthDetailData() saveOneDetailData fail hiHealthData = 1513958400000,type = 40003",E50,"saveHealthDetailData() saveOneDetailData fail hiHealthData = <*>,type = <*>",,Seen,HealthApp,Similarity-Based,0.4,0.757085018,0.578542509
"saveHealthDetailData() saveOneDetailData fail hiHealthData = 1513958400000,type = 40005",E50,"saveHealthDetailData() saveOneDetailData fail hiHealthData = <*>,type = <*>",,Seen,HealthApp,Similarity-Based,0.4,0.754789426,0.577394713
"saveHealthDetailData() saveOneDetailData fail hiHealthData = 1513958400000,type = 40003",E50,"saveHealthDetailData() saveOneDetailData fail hiHealthData = <*>,type = <*>",,Seen,HealthApp,Similarity-Based,0.4,0.757085018,0.578542509
"saveHealthDetailData() saveOneDetailData fail hiHealthData = 1513958400000,type = 40003",E50,"saveHealthDetailData() saveOneDetailData fail hiHealthData = <*>,type = <*>",,Seen,HealthApp,Similarity-Based,0.4,0.757085018,0.578542509
"saveHealthDetailData() saveOneDetailData fail hiHealthData = 1513958400000,type = 40003",E50,"saveHealthDetailData() saveOneDetailData fail hiHealthData = <*>,type = <*>",,Seen,HealthApp,Similarity-Based,0.4,0.757085018,0.578542509
"saveHealthDetailData() saveOneDetailData fail hiHealthData = 1513958400000,type = 40005",E50,"saveHealthDetailData() saveOneDetailData fail hiHealthData = <*>,type = <*>",,Seen,HealthApp,Similarity-Based,0.4,0.754789426,0.577394713
"saveRealTimeHealthDatasStat() size = 1,totalTime = 48",E51,"saveRealTimeHealthDatasStat() size = <*>,totalTime = <*>",,Seen,HealthApp,Similarity-Based,0.4,0.783234796,0.591617398
"saveRealTimeHealthDatasStat() size = 1,totalTime = 48",E51,"saveRealTimeHealthDatasStat() size = <*>,totalTime = <*>",,Seen,HealthApp,Similarity-Based,0.4,0.783234796,0.591617398
"saveRealTimeHealthDatasStat() size = 1,totalTime = 48",E51,"saveRealTimeHealthDatasStat() size = <*>,totalTime = <*>",,Seen,HealthApp,Similarity-Based,0.4,0.783234796,0.591617398
"saveRealTimeHealthDatasStat() size = 1,totalTime = 48",E51,"saveRealTimeHealthDatasStat() size = <*>,totalTime = <*>",,Seen,HealthApp,Similarity-Based,0.4,0.783234796,0.591617398
"saveRealTimeHealthDatasStat() size = 1,totalTime = 48",E51,"saveRealTimeHealthDatasStat() size = <*>,totalTime = <*>",,Seen,HealthApp,Similarity-Based,0.4,0.783234796,0.591617398
"saveRealTimeHealthDatasStat() size = 1,totalTime = 48",E51,"saveRealTimeHealthDatasStat() size = <*>,totalTime = <*>",,Seen,HealthApp,Similarity-Based,0.4,0.783234796,0.591617398
"saveRealTimeHealthDatasStat() size = 1,totalTime = 48",E51,"saveRealTimeHealthDatasStat() size = <*>,totalTime = <*>",,Seen,HealthApp,Similarity-Based,0.4,0.783234796,0.591617398
"saveRealTimeHealthDatasStat() size = 1,totalTime = 48",E51,"saveRealTimeHealthDatasStat() size = <*>,totalTime = <*>",,Seen,HealthApp,Similarity-Based,0.4,0.783234796,0.591617398
"saveRealTimeHealthDatasStat() size = 1,totalTime = 48",E51,"saveRealTimeHealthDatasStat() size = <*>,totalTime = <*>",,Seen,HealthApp,Similarity-Based,0.4,0.783234796,0.591617398
"saveRealTimeHealthDatasStat() size = 1,totalTime = 48",E51,"saveRealTimeHealthDatasStat() size = <*>,totalTime = <*>",,Seen,HealthApp,Similarity-Based,0.4,0.783234796,0.591617398
"saveStatData() type =40005,time = 1513958400000,statClient = 2,who is 1",E52,"saveStatData() type =<*>,time = <*>,statClient = <*>,who is <*>",,Seen,HealthApp,Similarity-Based,0.4,0.719161631,0.559580815
"saveStatData() type =40004,time = 1513958400000,statClient = 2,who is 1",E52,"saveStatData() type =<*>,time = <*>,statClient = <*>,who is <*>",,Seen,HealthApp,Similarity-Based,0.4,0.723047635,0.561523817
"saveStatData() type =40002,time = 1513958400000,statClient = 2,who is 1",E52,"saveStatData() type =<*>,time = <*>,statClient = <*>,who is <*>",,Seen,HealthApp,Similarity-Based,0.4,0.716247394,0.558123697
"saveStatData() type =40005,time = 1513958400000,statClient = 2,who is 1",E52,"saveStatData() type =<*>,time = <*>,statClient = <*>,who is <*>",,Seen,HealthApp,Similarity-Based,0.4,0.719161631,0.559580815
"saveStatData() type =40005,time = 1513958400000,statClient = 2,who is 1",E52,"saveStatData() type =<*>,time = <*>,statClient = <*>,who is <*>",,Seen,HealthApp,Similarity-Based,0.4,0.719161631,0.559580815
"saveStatData() type =40004,time = 1513958400000,statClient = 2,who is 1",E52,"saveStatData() type =<*>,time = <*>,statClient = <*>,who is <*>",,Seen,HealthApp,Similarity-Based,0.4,0.723047635,0.561523817
"saveStatData() type =40002,time = 1513958400000,statClient = 2,who is 1",E52,"saveStatData() type =<*>,time = <*>,statClient = <*>,who is <*>",,Seen,HealthApp,Similarity-Based,0.4,0.716247394,0.558123697
"saveStatData() type =40002,time = 1513958400000,statClient = 2,who is 1",E52,"saveStatData() type =<*>,time = <*>,statClient = <*>,who is <*>",,Seen,HealthApp,Similarity-Based,0.4,0.716247394,0.558123697
"saveStatData() type =40005,time = 1513958400000,statClient = 2,who is 1",E52,"saveStatData() type =<*>,time = <*>,statClient = <*>,who is <*>",,Seen,HealthApp,Similarity-Based,0.4,0.719161631,0.559580815
"saveStatData() type =40003,time = 1513958400000,statClient = 2,who is 1",E52,"saveStatData() type =<*>,time = <*>,statClient = <*>,who is <*>",,Seen,HealthApp,Similarity-Based,0.4,0.721686578,0.560843289
"screen status unknown,think screen on",E53,"screen status unknown,think screen on",,Unseen,HealthApp,Rule-Based,0.3,0,0.15
"screen status unknown,think screen on",E53,"screen status unknown,think screen on",,Unseen,HealthApp,Rule-Based,0.3,0,0.15
"screen status unknown,think screen on",E53,"screen status unknown,think screen on",,Unseen,HealthApp,Rule-Based,0.3,0,0.15
"screen status unknown,think screen on",E53,"screen status unknown,think screen on",,Unseen,HealthApp,Rule-Based,0.3,0,0.15
"screen status unknown,think screen on",E53,"screen status unknown,think screen on",,Unseen,HealthApp,Rule-Based,0.3,0,0.15
"screen status unknown,think screen on",E53,"screen status unknown,think screen on",,Unseen,HealthApp,Rule-Based,0.3,0,0.15
"screen status unknown,think screen on",E53,"screen status unknown,think screen on",,Unseen,HealthApp,Rule-Based,0.3,0,0.15
"screen status unknown,think screen on",E53,"screen status unknown,think screen on",,Unseen,HealthApp,Rule-Based,0.3,0,0.15
"screen status unknown,think screen on",E53,"screen status unknown,think screen on",,Unseen,HealthApp,Rule-Based,0.3,0,0.15
"screen status unknown,think screen on",E53,"screen status unknown,think screen on",,Unseen,HealthApp,Rule-Based,0.3,0,0.15
sendSyncFailedBroadcast,E54,sendSyncFailedBroadcast,,Unseen,HealthApp,Rule-Based,0.3,0,0.15
sendSyncFailedBroadcast,E54,sendSyncFailedBroadcast,,Unseen,HealthApp,Rule-Based,0.3,0,0.15
sendSyncFailedBroadcast,E54,sendSyncFailedBroadcast,,Unseen,HealthApp,Rule-Based,0.3,0,0.15
sendSyncFailedBroadcast,E54,sendSyncFailedBroadcast,,Unseen,HealthApp,Rule-Based,0.3,0,0.15
sendSyncFailedBroadcast,E54,sendSyncFailedBroadcast,,Unseen,HealthApp,Rule-Based,0.3,0,0.15
sendSyncFailedBroadcast,E54,sendSyncFailedBroadcast,,Unseen,HealthApp,Rule-Based,0.3,0,0.15
sendSyncFailedBroadcast,E54,sendSyncFailedBroadcast,,Unseen,HealthApp,Rule-Based,0.3,0,0.15
sendSyncFailedBroadcast,E54,sendSyncFailedBroadcast,,Unseen,HealthApp,Rule-Based,0.3,0,0.15
sendSyncFailedBroadcast,E54,sendSyncFailedBroadcast,,Unseen,HealthApp,Rule-Based,0.3,0,0.15
sendSyncFailedBroadcast,E54,sendSyncFailedBroadcast,,Unseen,HealthApp,Rule-Based,0.3,0,0.15
setBasicStandardSteps basicStandardStep=3786 restartSteps=0,E55,setBasicStandardSteps basicStandardStep=<*> restartSteps=<*>,,Seen,HealthApp,Similarity-Based,0.4,0.776336365,0.588168183
setBasicStandardSteps basicStandardStep=3786 restartSteps=0,E55,setBasicStandardSteps basicStandardStep=<*> restartSteps=<*>,,Seen,HealthApp,Similarity-Based,0.4,0.776336365,0.588168183
setBasicStandardSteps basicStandardStep=3786 restartSteps=0,E55,setBasicStandardSteps basicStandardStep=<*> restartSteps=<*>,,Seen,HealthApp,Similarity-Based,0.4,0.776336365,0.588168183
setBasicStandardSteps basicStandardStep=3786 restartSteps=0,E55,setBasicStandardSteps basicStandardStep=<*> restartSteps=<*>,,Seen,HealthApp,Similarity-Based,0.4,0.776336365,0.588168183
setBasicStandardSteps basicStandardStep=3786 restartSteps=0,E55,setBasicStandardSteps basicStandardStep=<*> restartSteps=<*>,,Seen,HealthApp,Similarity-Based,0.4,0.776336365,0.588168183
setBasicStandardSteps basicStandardStep=3786 restartSteps=0,E55,setBasicStandardSteps basicStandardStep=<*> restartSteps=<*>,,Seen,HealthApp,Similarity-Based,0.4,0.776336365,0.588168183
setBasicStandardSteps basicStandardStep=3786 restartSteps=0,E55,setBasicStandardSteps basicStandardStep=<*> restartSteps=<*>,,Seen,HealthApp,Similarity-Based,0.4,0.776336365,0.588168183
setBasicStandardSteps basicStandardStep=3786 restartSteps=0,E55,setBasicStandardSteps basicStandardStep=<*> restartSteps=<*>,,Seen,HealthApp,Similarity-Based,0.4,0.776336365,0.588168183
setBasicStandardSteps basicStandardStep=3786 restartSteps=0,E55,setBasicStandardSteps basicStandardStep=<*> restartSteps=<*>,,Seen,HealthApp,Similarity-Based,0.4,0.776336365,0.588168183
setBasicStandardSteps basicStandardStep=3786 restartSteps=0,E55,setBasicStandardSteps basicStandardStep=<*> restartSteps=<*>,,Seen,HealthApp,Similarity-Based,0.4,0.776336365,0.588168183
setDiffTotalSteps=0,E56,setDiffTotalSteps=<*>,,Seen,HealthApp,Rule-Based,0.4,0,0.2
setDiffTotalSteps=0,E56,setDiffTotalSteps=<*>,,Seen,HealthApp,Rule-Based,0.4,0,0.2
setDiffTotalSteps=0,E56,setDiffTotalSteps=<*>,,Seen,HealthApp,Rule-Based,0.4,0,0.2
setDiffTotalSteps=0,E56,setDiffTotalSteps=<*>,,Seen,HealthApp,Rule-Based,0.4,0,0.2
setDiffTotalSteps=0,E56,setDiffTotalSteps=<*>,,Seen,HealthApp,Rule-Based,0.4,0,0.2
setDiffTotalSteps=0,E56,setDiffTotalSteps=<*>,,Seen,HealthApp,Rule-Based,0.4,0,0.2
setDiffTotalSteps=0,E56,setDiffTotalSteps=<*>,,Seen,HealthApp,Rule-Based,0.4,0,0.2
setDiffTotalSteps=0,E56,setDiffTotalSteps=<*>,,Seen,HealthApp,Rule-Based,0.4,0,0.2
setDiffTotalSteps=0,E56,setDiffTotalSteps=<*>,,Seen,HealthApp,Rule-Based,0.4,0,0.2
setDiffTotalSteps=0,E56,setDiffTotalSteps=<*>,,Seen,HealthApp,Rule-Based,0.4,0,0.2
setGoalNotifiShownRecord 1514044800237 false,E57,setGoalNotifiShownRecord <*> <*>,,Seen,HealthApp,Rule-Based,0.4,0,0.2
setGoalNotifiShownRecord 1514044800237 false,E57,setGoalNotifiShownRecord <*> <*>,,Seen,HealthApp,Rule-Based,0.4,0,0.2
setGoalNotifiShownRecord 1514044800237 false,E57,setGoalNotifiShownRecord <*> <*>,,Seen,HealthApp,Rule-Based,0.4,0,0.2
setGoalNotifiShownRecord 1514044800237 false,E57,setGoalNotifiShownRecord <*> <*>,,Seen,HealthApp,Rule-Based,0.4,0,0.2
setGoalNotifiShownRecord 1514044800237 false,E57,setGoalNotifiShownRecord <*> <*>,,Seen,HealthApp,Rule-Based,0.4,0,0.2
setGoalNotifiShownRecord 1514044800237 false,E57,setGoalNotifiShownRecord <*> <*>,,Seen,HealthApp,Rule-Based,0.4,0,0.2
setGoalNotifiShownRecord 1514044800237 false,E57,setGoalNotifiShownRecord <*> <*>,,Seen,HealthApp,Rule-Based,0.4,0,0.2
setGoalNotifiShownRecord 1514044800237 false,E57,setGoalNotifiShownRecord <*> <*>,,Seen,HealthApp,Rule-Based,0.4,0,0.2
setGoalNotifiShownRecord 1514044800237 false,E57,setGoalNotifiShownRecord <*> <*>,,Seen,HealthApp,Rule-Based,0.4,0,0.2
setGoalNotifiShownRecord 1514044800237 false,E57,setGoalNotifiShownRecord <*> <*>,,Seen,HealthApp,Rule-Based,0.4,0,0.2
setTodayTotalDetailSteps=1514038440000##7032##548365##8661##14641##27188471,E58,setTodayTotalDetailSteps=<*>##<*>##<*>##<*>##<*>##<*>,,Seen,HealthApp,Similarity-Based,0.4,0.759040823,0.579520412
setTodayTotalDetailSteps=1514038440000##7014##548365##8661##12931##27177463,E58,setTodayTotalDetailSteps=<*>##<*>##<*>##<*>##<*>##<*>,,Seen,HealthApp,Similarity-Based,0.4,0.76062771,0.580313855
setTodayTotalDetailSteps=1514045100000##0##549659##8661##16256##33821183,E58,setTodayTotalDetailSteps=<*>##<*>##<*>##<*>##<*>##<*>,,Seen,HealthApp,Similarity-Based,0.4,0.729192395,0.564596197
setTodayTotalDetailSteps=1514044380000##7214##549659##8661##16256##33140770,E58,setTodayTotalDetailSteps=<*>##<*>##<*>##<*>##<*>##<*>,,Seen,HealthApp,Similarity-Based,0.4,0.732277796,0.566138898
setTodayTotalDetailSteps=1514045400000##0##549659##8661##16256##34161762,E58,setTodayTotalDetailSteps=<*>##<*>##<*>##<*>##<*>##<*>,,Seen,HealthApp,Similarity-Based,0.4,0.731361398,0.565680699
setTodayTotalDetailSteps=1514042160000##7214##549659##8661##16256##30905315,E58,setTodayTotalDetailSteps=<*>##<*>##<*>##<*>##<*>##<*>,,Seen,HealthApp,Similarity-Based,0.4,0.735890789,0.567945394
setTodayTotalDetailSteps=1514044320000##7214##549659##8661##16256##33064766,E58,setTodayTotalDetailSteps=<*>##<*>##<*>##<*>##<*>##<*>,,Seen,HealthApp,Similarity-Based,0.4,0.733837706,0.566918853
setTodayTotalDetailSteps=1514044740000##0##549659##8661##16256##33450764,E58,setTodayTotalDetailSteps=<*>##<*>##<*>##<*>##<*>##<*>,,Seen,HealthApp,Similarity-Based,0.4,0.731301808,0.565650904
setTodayTotalDetailSteps=1514038440000##7017##548365##8661##13216##27179417,E58,setTodayTotalDetailSteps=<*>##<*>##<*>##<*>##<*>##<*>,,Seen,HealthApp,Similarity-Based,0.4,0.732312457,0.566156228
setTodayTotalDetailSteps=1514038740000##7189##549659##8661##16256##27460494,E58,setTodayTotalDetailSteps=<*>##<*>##<*>##<*>##<*>##<*>,,Seen,HealthApp,Similarity-Based,0.4,0.731900585,0.565950292
setWriteDBLastDataMinute success,E59,setWriteDBLastDataMinute success,,Unseen,HealthApp,Rule-Based,0.3,0,0.15
setWriteDBLastDataMinute success,E59,setWriteDBLastDataMinute success,,Unseen,HealthApp,Rule-Based,0.3,0,0.15
setWriteDBLastDataMinute success,E59,setWriteDBLastDataMinute success,,Unseen,HealthApp,Rule-Based,0.3,0,0.15
setWriteDBLastDataMinute success,E59,setWriteDBLastDataMinute success,,Unseen,HealthApp,Rule-Based,0.3,0,0.15
setWriteDBLastDataMinute success,E59,setWriteDBLastDataMinute success,,Unseen,HealthApp,Rule-Based,0.3,0,0.15
setWriteDBLastDataMinute success,E59,setWriteDBLastDataMinute success,,Unseen,HealthApp,Rule-Based,0.3,0,0.15
setWriteDBLastDataMinute success,E59,setWriteDBLastDataMinute success,,Unseen,HealthApp,Rule-Based,0.3,0,0.15
setWriteDBLastDataMinute success,E59,setWriteDBLastDataMinute success,,Unseen,HealthApp,Rule-Based,0.3,0,0.15
setWriteDBLastDataMinute success,E59,setWriteDBLastDataMinute success,,Unseen,HealthApp,Rule-Based,0.3,0,0.15
setWriteDBLastDataMinute success,E59,setWriteDBLastDataMinute success,,Unseen,HealthApp,Rule-Based,0.3,0,0.15
"checkFirstSyncByType no such data in db ,type is 1 deviceCode is 0",E6,"checkFirstSyncByType no such data in db ,type is <*> deviceCode is <*>",,Seen,HealthApp,Similarity-Based,0.4,0.922516889,0.661258445
"checkFirstSyncByType no such data in db ,type is 1 deviceCode is 0",E6,"checkFirstSyncByType no such data in db ,type is <*> deviceCode is <*>",,Seen,HealthApp,Similarity-Based,0.4,0.922516889,0.661258445
"checkFirstSyncByType no such data in db ,type is 1 deviceCode is 0",E6,"checkFirstSyncByType no such data in db ,type is <*> deviceCode is <*>",,Seen,HealthApp,Similarity-Based,0.4,0.922516889,0.661258445
"checkFirstSyncByType no such data in db ,type is 1 deviceCode is 0",E6,"checkFirstSyncByType no such data in db ,type is <*> deviceCode is <*>",,Seen,HealthApp,Similarity-Based,0.4,0.922516889,0.661258445
"checkFirstSyncByType no such data in db ,type is 1 deviceCode is 0",E6,"checkFirstSyncByType no such data in db ,type is <*> deviceCode is <*>",,Seen,HealthApp,Similarity-Based,0.4,0.922516889,0.661258445
"checkFirstSyncByType no such data in db ,type is 1 deviceCode is 0",E6,"checkFirstSyncByType no such data in db ,type is <*> deviceCode is <*>",,Seen,HealthApp,Similarity-Based,0.4,0.922516889,0.661258445
"checkFirstSyncByType no such data in db ,type is 1 deviceCode is 0",E6,"checkFirstSyncByType no such data in db ,type is <*> deviceCode is <*>",,Seen,HealthApp,Similarity-Based,0.4,0.922516889,0.661258445
"checkFirstSyncByType no such data in db ,type is 1 deviceCode is 0",E6,"checkFirstSyncByType no such data in db ,type is <*> deviceCode is <*>",,Seen,HealthApp,Similarity-Based,0.4,0.922516889,0.661258445
"checkFirstSyncByType no such data in db ,type is 1 deviceCode is 0",E6,"checkFirstSyncByType no such data in db ,type is <*> deviceCode is <*>",,Seen,HealthApp,Similarity-Based,0.4,0.922516889,0.661258445
"checkFirstSyncByType no such data in db ,type is 1 deviceCode is 0",E6,"checkFirstSyncByType no such data in db ,type is <*> deviceCode is <*>",,Seen,HealthApp,Similarity-Based,0.4,0.922516889,0.661258445
setWriteDBLastDataMinute=25233979,E60,setWriteDBLastDataMinute=<*>,,Seen,HealthApp,Similarity-Based,0.4,0.70269493,0.551347465
setWriteDBLastDataMinute=25233979,E60,setWriteDBLastDataMinute=<*>,,Seen,HealthApp,Similarity-Based,0.4,0.70269493,0.551347465
setWriteDBLastDataMinute=25233979,E60,setWriteDBLastDataMinute=<*>,,Seen,HealthApp,Similarity-Based,0.4,0.70269493,0.551347465
setWriteDBLastDataMinute=25233979,E60,setWriteDBLastDataMinute=<*>,,Seen,HealthApp,Similarity-Based,0.4,0.70269493,0.551347465
setWriteDBLastDataMinute=25233979,E60,setWriteDBLastDataMinute=<*>,,Seen,HealthApp,Similarity-Based,0.4,0.70269493,0.551347465
setWriteDBLastDataMinute=25233979,E60,setWriteDBLastDataMinute=<*>,,Seen,HealthApp,Similarity-Based,0.4,0.70269493,0.551347465
setWriteDBLastDataMinute=25233979,E60,setWriteDBLastDataMinute=<*>,,Seen,HealthApp,Similarity-Based,0.4,0.70269493,0.551347465
setWriteDBLastDataMinute=25233979,E60,setWriteDBLastDataMinute=<*>,,Seen,HealthApp,Similarity-Based,0.4,0.70269493,0.551347465
setWriteDBLastDataMinute=25233979,E60,setWriteDBLastDataMinute=<*>,,Seen,HealthApp,Similarity-Based,0.4,0.70269493,0.551347465
setWriteDBLastDataMinute=25233979,E60,setWriteDBLastDataMinute=<*>,,Seen,HealthApp,Similarity-Based,0.4,0.70269493,0.551347465
"startInsertSportSync first 500 steps sync,do all sync",E61,"startInsertSportSync first <*> steps sync,do all sync",,Seen,HealthApp,Similarity-Based,0.4,0.848879965,0.624439982
"startInsertSportSync first 500 steps sync,do all sync",E61,"startInsertSportSync first <*> steps sync,do all sync",,Seen,HealthApp,Similarity-Based,0.4,0.848879965,0.624439982
"startInsertSportSync first 500 steps sync,do all sync",E61,"startInsertSportSync first <*> steps sync,do all sync",,Seen,HealthApp,Similarity-Based,0.4,0.848879965,0.624439982
"startInsertSportSync first 500 steps sync,do all sync",E61,"startInsertSportSync first <*> steps sync,do all sync",,Seen,HealthApp,Similarity-Based,0.4,0.848879965,0.624439982
"startInsertSportSync first 500 steps sync,do all sync",E61,"startInsertSportSync first <*> steps sync,do all sync",,Seen,HealthApp,Similarity-Based,0.4,0.848879965,0.624439982
"startInsertSportSync first 500 steps sync,do all sync",E61,"startInsertSportSync first <*> steps sync,do all sync",,Seen,HealthApp,Similarity-Based,0.4,0.848879965,0.624439982
"startInsertSportSync first 500 steps sync,do all sync",E61,"startInsertSportSync first <*> steps sync,do all sync",,Seen,HealthApp,Similarity-Based,0.4,0.848879965,0.624439982
"startInsertSportSync first 500 steps sync,do all sync",E61,"startInsertSportSync first <*> steps sync,do all sync",,Seen,HealthApp,Similarity-Based,0.4,0.848879965,0.624439982
"startInsertSportSync first 500 steps sync,do all sync",E61,"startInsertSportSync first <*> steps sync,do all sync",,Seen,HealthApp,Similarity-Based,0.4,0.848879965,0.624439982
"startInsertSportSync first 500 steps sync,do all sync",E61,"startInsertSportSync first <*> steps sync,do all sync",,Seen,HealthApp,Similarity-Based,0.4,0.848879965,0.624439982
"startInsertSportSync start auto sync,app is 1",E62,"startInsertSportSync start auto sync,app is <*>",,Seen,HealthApp,Similarity-Based,0.4,0.82342535,0.611712675
"startInsertSportSync start auto sync,app is 1",E62,"startInsertSportSync start auto sync,app is <*>",,Seen,HealthApp,Similarity-Based,0.4,0.82342535,0.611712675
"startInsertSportSync start auto sync,app is 1",E62,"startInsertSportSync start auto sync,app is <*>",,Seen,HealthApp,Similarity-Based,0.4,0.82342535,0.611712675
"startInsertSportSync start auto sync,app is 1",E62,"startInsertSportSync start auto sync,app is <*>",,Seen,HealthApp,Similarity-Based,0.4,0.82342535,0.611712675
"startInsertSportSync start auto sync,app is 1",E62,"startInsertSportSync start auto sync,app is <*>",,Seen,HealthApp,Similarity-Based,0.4,0.82342535,0.611712675
"startInsertSportSync start auto sync,app is 1",E62,"startInsertSportSync start auto sync,app is <*>",,Seen,HealthApp,Similarity-Based,0.4,0.82342535,0.611712675
"startInsertSportSync start auto sync,app is 1",E62,"startInsertSportSync start auto sync,app is <*>",,Seen,HealthApp,Similarity-Based,0.4,0.82342535,0.611712675
"startInsertSportSync start auto sync,app is 1",E62,"startInsertSportSync start auto sync,app is <*>",,Seen,HealthApp,Similarity-Based,0.4,0.82342535,0.611712675
"startInsertSportSync start auto sync,app is 1",E62,"startInsertSportSync start auto sync,app is <*>",,Seen,HealthApp,Similarity-Based,0.4,0.82342535,0.611712675
"startInsertSportSync start auto sync,app is 1",E62,"startInsertSportSync start auto sync,app is <*>",,Seen,HealthApp,Similarity-Based,0.4,0.82342535,0.611712675
startListenerChange subscribeList = [1],E63,startListenerChange subscribeList = [<*>],,Seen,HealthApp,Similarity-Based,0.4,0.820012873,0.610006437
startListenerChange subscribeList = [1],E63,startListenerChange subscribeList = [<*>],,Seen,HealthApp,Similarity-Based,0.4,0.820012873,0.610006437
startListenerChange subscribeList = [1],E63,startListenerChange subscribeList = [<*>],,Seen,HealthApp,Similarity-Based,0.4,0.820012873,0.610006437
startListenerChange subscribeList = [1],E63,startListenerChange subscribeList = [<*>],,Seen,HealthApp,Similarity-Based,0.4,0.820012873,0.610006437
startListenerChange subscribeList = [1],E63,startListenerChange subscribeList = [<*>],,Seen,HealthApp,Similarity-Based,0.4,0.820012873,0.610006437
startListenerChange subscribeList = [1],E63,startListenerChange subscribeList = [<*>],,Seen,HealthApp,Similarity-Based,0.4,0.820012873,0.610006437
startListenerChange subscribeList = [1],E63,startListenerChange subscribeList = [<*>],,Seen,HealthApp,Similarity-Based,0.4,0.820012873,0.610006437
startListenerChange subscribeList = [1],E63,startListenerChange subscribeList = [<*>],,Seen,HealthApp,Similarity-Based,0.4,0.820012873,0.610006437
startListenerChange subscribeList = [1],E63,startListenerChange subscribeList = [<*>],,Seen,HealthApp,Similarity-Based,0.4,0.820012873,0.610006437
startListenerChange subscribeList = [1],E63,startListenerChange subscribeList = [<*>],,Seen,HealthApp,Similarity-Based,0.4,0.820012873,0.610006437
"startSync hiSyncOption = HiSyncOption{syncAction=1, syncMethod=2, syncScope=0, syncDataType=20000, syncModel=2, pushAction=0},app = 1 who = 1",E64,"startSync hiSyncOption = HiSyncOption{syncAction=<*>, syncMethod=<*>, syncScope=<*>, syncDataType=<*>, syncModel=<*>, pushAction=<*>},app = <*>, who = <*>",,Seen,HealthApp,Similarity-Based,0.4,0.730503831,0.565251915
"startSync hiSyncOption = HiSyncOption{syncAction=1, syncMethod=2, syncScope=0, syncDataType=20000, syncModel=2, pushAction=0},app = 1 who = 1",E64,"startSync hiSyncOption = HiSyncOption{syncAction=<*>, syncMethod=<*>, syncScope=<*>, syncDataType=<*>, syncModel=<*>, pushAction=<*>},app = <*>, who = <*>",,Seen,HealthApp,Similarity-Based,0.4,0.730503831,0.565251915
"startSync hiSyncOption = HiSyncOption{syncAction=1, syncMethod=2, syncScope=0, syncDataType=20000, syncModel=2, pushAction=0},app = 1 who = 1",E64,"startSync hiSyncOption = HiSyncOption{syncAction=<*>, syncMethod=<*>, syncScope=<*>, syncDataType=<*>, syncModel=<*>, pushAction=<*>},app = <*>, who = <*>",,Seen,HealthApp,Similarity-Based,0.4,0.730503831,0.565251915
"startSync hiSyncOption = HiSyncOption{syncAction=1, syncMethod=2, syncScope=0, syncDataType=20000, syncModel=2, pushAction=0},app = 1 who = 1",E64,"startSync hiSyncOption = HiSyncOption{syncAction=<*>, syncMethod=<*>, syncScope=<*>, syncDataType=<*>, syncModel=<*>, pushAction=<*>},app = <*>, who = <*>",,Seen,HealthApp,Similarity-Based,0.4,0.730503831,0.565251915
"startSync hiSyncOption = HiSyncOption{syncAction=1, syncMethod=2, syncScope=0, syncDataType=20000, syncModel=2, pushAction=0},app = 1 who = 1",E64,"startSync hiSyncOption = HiSyncOption{syncAction=<*>, syncMethod=<*>, syncScope=<*>, syncDataType=<*>, syncModel=<*>, pushAction=<*>},app = <*>, who = <*>",,Seen,HealthApp,Similarity-Based,0.4,0.730503831,0.565251915
"startSync hiSyncOption = HiSyncOption{syncAction=2, syncMethod=2, syncScope=0, syncDataType=20000, syncModel=2, pushAction=0},app = 1 who = 1",E64,"startSync hiSyncOption = HiSyncOption{syncAction=<*>, syncMethod=<*>, syncScope=<*>, syncDataType=<*>, syncModel=<*>, pushAction=<*>},app = <*>, who = <*>",,Seen,HealthApp,Similarity-Based,0.4,0.731916744,0.565958372
"startSync hiSyncOption = HiSyncOption{syncAction=1, syncMethod=2, syncScope=0, syncDataType=20000, syncModel=2, pushAction=0},app = 1 who = 1",E64,"startSync hiSyncOption = HiSyncOption{syncAction=<*>, syncMethod=<*>, syncScope=<*>, syncDataType=<*>, syncModel=<*>, pushAction=<*>},app = <*>, who = <*>",,Seen,HealthApp,Similarity-Based,0.4,0.730503831,0.565251915
"startSync hiSyncOption = HiSyncOption{syncAction=1, syncMethod=2, syncScope=0, syncDataType=20000, syncModel=2, pushAction=0},app = 1 who = 1",E64,"startSync hiSyncOption = HiSyncOption{syncAction=<*>, syncMethod=<*>, syncScope=<*>, syncDataType=<*>, syncModel=<*>, pushAction=<*>},app = <*>, who = <*>",,Seen,HealthApp,Similarity-Based,0.4,0.730503831,0.565251915
"startSync hiSyncOption = HiSyncOption{syncAction=1, syncMethod=2, syncScope=0, syncDataType=20000, syncModel=2, pushAction=0},app = 1 who = 1",E64,"startSync hiSyncOption = HiSyncOption{syncAction=<*>, syncMethod=<*>, syncScope=<*>, syncDataType=<*>, syncModel=<*>, pushAction=<*>},app = <*>, who = <*>",,Seen,HealthApp,Similarity-Based,0.4,0.730503831,0.565251915
"startSync hiSyncOption = HiSyncOption{syncAction=1, syncMethod=2, syncScope=0, syncDataType=20000, syncModel=2, pushAction=0},app = 1 who = 1",E64,"startSync hiSyncOption = HiSyncOption{syncAction=<*>, syncMethod=<*>, syncScope=<*>, syncDataType=<*>, syncModel=<*>, pushAction=<*>},app = <*>, who = <*>",,Seen,HealthApp,Similarity-Based,0.4,0.730503831,0.565251915
startTimer start autoSync,E65,startTimer \<*\> autoSync,,Unseen,HealthApp,Rule-Based,0.3,0,0.15
startTimer start autoSync,E65,startTimer \<*\> autoSync,,Unseen,HealthApp,Rule-Based,0.3,0,0.15
startTimer start autoSync,E65,startTimer \<*\> autoSync,,Unseen,HealthApp,Rule-Based,0.3,0,0.15
startTimer start autoSync,E65,startTimer \<*\> autoSync,,Unseen,HealthApp,Rule-Based,0.3,0,0.15
startTimer start autoSync,E65,startTimer \<*\> autoSync,,Unseen,HealthApp,Rule-Based,0.3,0,0.15
startTimer start autoSync,E65,startTimer \<*\> autoSync,,Unseen,HealthApp,Rule-Based,0.3,0,0.15
startTimer start autoSync,E65,startTimer \<*\> autoSync,,Unseen,HealthApp,Rule-Based,0.3,0,0.15
startTimer start autoSync,E65,startTimer \<*\> autoSync,,Unseen,HealthApp,Rule-Based,0.3,0,0.15
startTimer start autoSync,E65,startTimer \<*\> autoSync,,Unseen,HealthApp,Rule-Based,0.3,0,0.15
startTimer start autoSync,E65,startTimer \<*\> autoSync,,Unseen,HealthApp,Rule-Based,0.3,0,0.15
stepSyncOrNot appSynTimes is 0,E66,stepSyncOrNot appSynTimes is <*>,,Unseen,HealthApp,Similarity-Based,0.4,0.707268612,0.553634306
stepSyncOrNot appSynTimes is 0,E66,stepSyncOrNot appSynTimes is <*>,,Unseen,HealthApp,Similarity-Based,0.4,0.707268612,0.553634306
stepSyncOrNot appSynTimes is 0,E66,stepSyncOrNot appSynTimes is <*>,,Unseen,HealthApp,Similarity-Based,0.4,0.707268612,0.553634306
stepSyncOrNot appSynTimes is 0,E66,stepSyncOrNot appSynTimes is <*>,,Unseen,HealthApp,Similarity-Based,0.4,0.707268612,0.553634306
stepSyncOrNot appSynTimes is 0,E66,stepSyncOrNot appSynTimes is <*>,,Unseen,HealthApp,Similarity-Based,0.4,0.707268612,0.553634306
stepSyncOrNot appSynTimes is 0,E66,stepSyncOrNot appSynTimes is <*>,,Unseen,HealthApp,Similarity-Based,0.4,0.707268612,0.553634306
stepSyncOrNot appSynTimes is 0,E66,stepSyncOrNot appSynTimes is <*>,,Unseen,HealthApp,Similarity-Based,0.4,0.707268612,0.553634306
stepSyncOrNot appSynTimes is 0,E66,stepSyncOrNot appSynTimes is <*>,,Unseen,HealthApp,Similarity-Based,0.4,0.707268612,0.553634306
stepSyncOrNot appSynTimes is 0,E66,stepSyncOrNot appSynTimes is <*>,,Unseen,HealthApp,Similarity-Based,0.4,0.707268612,0.553634306
stepSyncOrNot appSynTimes is 0,E66,stepSyncOrNot appSynTimes is <*>,,Unseen,HealthApp,Similarity-Based,0.4,0.707268612,0.553634306
"stepSyncOrNot appSynTimes is 0, statsyncTimes is 0",E67,"stepSyncOrNot appSynTimes is <*>, statsyncTimes is <*>",,Seen,HealthApp,Similarity-Based,0.4,0.816326263,0.608163131
"stepSyncOrNot appSynTimes is 0, statsyncTimes is 0",E67,"stepSyncOrNot appSynTimes is <*>, statsyncTimes is <*>",,Seen,HealthApp,Similarity-Based,0.4,0.816326263,0.608163131
"stepSyncOrNot appSynTimes is 0, statsyncTimes is 0",E67,"stepSyncOrNot appSynTimes is <*>, statsyncTimes is <*>",,Seen,HealthApp,Similarity-Based,0.4,0.816326263,0.608163131
"stepSyncOrNot appSynTimes is 0, statsyncTimes is 0",E67,"stepSyncOrNot appSynTimes is <*>, statsyncTimes is <*>",,Seen,HealthApp,Similarity-Based,0.4,0.816326263,0.608163131
"stepSyncOrNot appSynTimes is 0, statsyncTimes is 0",E67,"stepSyncOrNot appSynTimes is <*>, statsyncTimes is <*>",,Seen,HealthApp,Similarity-Based,0.4,0.816326263,0.608163131
"stepSyncOrNot appSynTimes is 0, statsyncTimes is 0",E67,"stepSyncOrNot appSynTimes is <*>, statsyncTimes is <*>",,Seen,HealthApp,Similarity-Based,0.4,0.816326263,0.608163131
"stepSyncOrNot appSynTimes is 0, statsyncTimes is 0",E67,"stepSyncOrNot appSynTimes is <*>, statsyncTimes is <*>",,Seen,HealthApp,Similarity-Based,0.4,0.816326263,0.608163131
"stepSyncOrNot appSynTimes is 0, statsyncTimes is 0",E67,"stepSyncOrNot appSynTimes is <*>, statsyncTimes is <*>",,Seen,HealthApp,Similarity-Based,0.4,0.816326263,0.608163131
"stepSyncOrNot appSynTimes is 0, statsyncTimes is 0",E67,"stepSyncOrNot appSynTimes is <*>, statsyncTimes is <*>",,Seen,HealthApp,Similarity-Based,0.4,0.816326263,0.608163131
"stepSyncOrNot appSynTimes is 0, statsyncTimes is 0",E67,"stepSyncOrNot appSynTimes is <*>, statsyncTimes is <*>",,Seen,HealthApp,Similarity-Based,0.4,0.816326263,0.608163131
theDayChanged 1514044800216,E68,theDayChanged <*>,,Seen,HealthApp,Rule-Based,0.4,0,0.2
theDayChanged 1514044800216,E68,theDayChanged <*>,,Seen,HealthApp,Rule-Based,0.4,0,0.2
theDayChanged 1514044800216,E68,theDayChanged <*>,,Seen,HealthApp,Rule-Based,0.4,0,0.2
theDayChanged 1514044800216,E68,theDayChanged <*>,,Seen,HealthApp,Rule-Based,0.4,0,0.2
theDayChanged 1514044800216,E68,theDayChanged <*>,,Seen,HealthApp,Rule-Based,0.4,0,0.2
theDayChanged 1514044800216,E68,theDayChanged <*>,,Seen,HealthApp,Rule-Based,0.4,0,0.2
theDayChanged 1514044800216,E68,theDayChanged <*>,,Seen,HealthApp,Rule-Based,0.4,0,0.2
theDayChanged 1514044800216,E68,theDayChanged <*>,,Seen,HealthApp,Rule-Based,0.4,0,0.2
theDayChanged 1514044800216,E68,theDayChanged <*>,,Seen,HealthApp,Rule-Based,0.4,0,0.2
theDayChanged 1514044800216,E68,theDayChanged <*>,,Seen,HealthApp,Rule-Based,0.4,0,0.2
"timeStamp back,extendReportTimeStamp=1514042082000",E69,"timeStamp back,extendReportTimeStamp=<*>",,Seen,HealthApp,Similarity-Based,0.4,0.754221132,0.577110566
"timeStamp back,extendReportTimeStamp=1514042265000",E69,"timeStamp back,extendReportTimeStamp=<*>",,Seen,HealthApp,Similarity-Based,0.4,0.747922314,0.573961157
"timeStamp back,extendReportTimeStamp=1514040836000",E69,"timeStamp back,extendReportTimeStamp=<*>",,Seen,HealthApp,Similarity-Based,0.4,0.755210739,0.57760537
"timeStamp back,extendReportTimeStamp=1514042265000",E69,"timeStamp back,extendReportTimeStamp=<*>",,Seen,HealthApp,Similarity-Based,0.4,0.747922314,0.573961157
"timeStamp back,extendReportTimeStamp=1514042265000",E69,"timeStamp back,extendReportTimeStamp=<*>",,Seen,HealthApp,Similarity-Based,0.4,0.747922314,0.573961157
"timeStamp back,extendReportTimeStamp=1514039977000",E69,"timeStamp back,extendReportTimeStamp=<*>",,Seen,HealthApp,Similarity-Based,0.4,0.758072412,0.579036206
"timeStamp back,extendReportTimeStamp=1514040836000",E69,"timeStamp back,extendReportTimeStamp=<*>",,Seen,HealthApp,Similarity-Based,0.4,0.755210739,0.57760537
"timeStamp back,extendReportTimeStamp=1514040836000",E69,"timeStamp back,extendReportTimeStamp=<*>",,Seen,HealthApp,Similarity-Based,0.4,0.755210739,0.57760537
"timeStamp back,extendReportTimeStamp=1514040836000",E69,"timeStamp back,extendReportTimeStamp=<*>",,Seen,HealthApp,Similarity-Based,0.4,0.755210739,0.57760537
"timeStamp back,extendReportTimeStamp=1514042265000",E69,"timeStamp back,extendReportTimeStamp=<*>",,Seen,HealthApp,Similarity-Based,0.4,0.747922314,0.573961157
checkInsertStatus stepStatSum or calorieStatSum is enough,E7,checkInsertStatus stepStatSum or calorieStatSum is enough,,Unseen,HealthApp,Rule-Based,0.3,0,0.15
checkInsertStatus stepStatSum or calorieStatSum is enough,E7,checkInsertStatus stepStatSum or calorieStatSum is enough,,Unseen,HealthApp,Rule-Based,0.3,0,0.15
checkInsertStatus stepStatSum or calorieStatSum is enough,E7,checkInsertStatus stepStatSum or calorieStatSum is enough,,Unseen,HealthApp,Rule-Based,0.3,0,0.15
checkInsertStatus stepStatSum or calorieStatSum is enough,E7,checkInsertStatus stepStatSum or calorieStatSum is enough,,Unseen,HealthApp,Rule-Based,0.3,0,0.15
checkInsertStatus stepStatSum or calorieStatSum is enough,E7,checkInsertStatus stepStatSum or calorieStatSum is enough,,Unseen,HealthApp,Rule-Based,0.3,0,0.15
checkInsertStatus stepStatSum or calorieStatSum is enough,E7,checkInsertStatus stepStatSum or calorieStatSum is enough,,Unseen,HealthApp,Rule-Based,0.3,0,0.15
checkInsertStatus stepStatSum or calorieStatSum is enough,E7,checkInsertStatus stepStatSum or calorieStatSum is enough,,Unseen,HealthApp,Rule-Based,0.3,0,0.15
checkInsertStatus stepStatSum or calorieStatSum is enough,E7,checkInsertStatus stepStatSum or calorieStatSum is enough,,Unseen,HealthApp,Rule-Based,0.3,0,0.15
checkInsertStatus stepStatSum or calorieStatSum is enough,E7,checkInsertStatus stepStatSum or calorieStatSum is enough,,Unseen,HealthApp,Rule-Based,0.3,0,0.15
checkInsertStatus stepStatSum or calorieStatSum is enough,E7,checkInsertStatus stepStatSum or calorieStatSum is enough,,Unseen,HealthApp,Rule-Based,0.3,0,0.15
tryToRecordAsBasicStepData bWrite true,E70,tryToRecordAsBasicStepData <*> true,,Seen,HealthApp,Rule-Based,0.3,0,0.15
tryToRecordAsBasicStepData bWrite true,E70,tryToRecordAsBasicStepData <*> true,,Seen,HealthApp,Rule-Based,0.3,0,0.15
tryToRecordAsBasicStepData bWrite true,E70,tryToRecordAsBasicStepData <*> true,,Seen,HealthApp,Rule-Based,0.3,0,0.15
tryToRecordAsBasicStepData bWrite true,E70,tryToRecordAsBasicStepData <*> true,,Seen,HealthApp,Rule-Based,0.3,0,0.15
tryToRecordAsBasicStepData bWrite true,E70,tryToRecordAsBasicStepData <*> true,,Seen,HealthApp,Rule-Based,0.3,0,0.15
tryToRecordAsBasicStepData bWrite true,E70,tryToRecordAsBasicStepData <*> true,,Seen,HealthApp,Rule-Based,0.3,0,0.15
tryToRecordAsBasicStepData bWrite true,E70,tryToRecordAsBasicStepData <*> true,,Seen,HealthApp,Rule-Based,0.3,0,0.15
tryToRecordAsBasicStepData bWrite true,E70,tryToRecordAsBasicStepData <*> true,,Seen,HealthApp,Rule-Based,0.3,0,0.15
tryToRecordAsBasicStepData bWrite true,E70,tryToRecordAsBasicStepData <*> true,,Seen,HealthApp,Rule-Based,0.3,0,0.15
tryToRecordAsBasicStepData bWrite true,E70,tryToRecordAsBasicStepData <*> true,,Seen,HealthApp,Rule-Based,0.3,0,0.15
tryToReloadTodayBasicSteps1514044800223|3786|0|0,E71,<*>|<*>|<*>|<*>,,Seen,HealthApp,Similarity-Based,0.5,0.82599623,0.662998115
tryToReloadTodayBasicSteps1514044800223|3786|0|0,E71,<*>|<*>|<*>|<*>,,Seen,HealthApp,Similarity-Based,0.5,0.82599623,0.662998115
tryToReloadTodayBasicSteps1514044800223|3786|0|0,E71,<*>|<*>|<*>|<*>,,Seen,HealthApp,Similarity-Based,0.5,0.82599623,0.662998115
tryToReloadTodayBasicSteps1514044800223|3786|0|0,E71,<*>|<*>|<*>|<*>,,Seen,HealthApp,Similarity-Based,0.5,0.82599623,0.662998115
tryToReloadTodayBasicSteps1514044800223|3786|0|0,E71,<*>|<*>|<*>|<*>,,Seen,HealthApp,Similarity-Based,0.5,0.82599623,0.662998115
tryToReloadTodayBasicSteps1514044800223|3786|0|0,E71,<*>|<*>|<*>|<*>,,Seen,HealthApp,Similarity-Based,0.5,0.82599623,0.662998115
tryToReloadTodayBasicSteps1514044800223|3786|0|0,E71,<*>|<*>|<*>|<*>,,Seen,HealthApp,Similarity-Based,0.5,0.82599623,0.662998115
tryToReloadTodayBasicSteps1514044800223|3786|0|0,E71,<*>|<*>|<*>|<*>,,Seen,HealthApp,Similarity-Based,0.5,0.82599623,0.662998115
tryToReloadTodayBasicSteps1514044800223|3786|0|0,E71,<*>|<*>|<*>|<*>,,Seen,HealthApp,Similarity-Based,0.5,0.82599623,0.662998115
tryToReloadTodayBasicSteps1514044800223|3786|0|0,E71,<*>|<*>|<*>|<*>,,Seen,HealthApp,Similarity-Based,0.5,0.82599623,0.662998115
"upLoadOneMinuteDataToEngine time=25233978,0,5,0,20002",E72,"upLoadOneMinuteDataToEngine time=<*>,<0>,<*>,<*>,<*>",,Seen,HealthApp,Similarity-Based,0.4,0.811878312,0.605939156
"upLoadOneMinuteDataToEngine time=25233979,0,46,0,20002",E72,"upLoadOneMinuteDataToEngine time=<*>,<0>,<*>,<0>,<*>",,Seen,HealthApp,Similarity-Based,0.4,0.819406275,0.609703137
"upLoadOneMinuteDataToEngine time=25233977,0,55,0,20002",E72,"upLoadOneMinuteDataToEngine time=<*>,<0>,<*>,<0>,<*>",,Seen,HealthApp,Similarity-Based,0.4,0.818073231,0.609036616
"upLoadOneMinuteDataToEngine time=25233979,0,46,0,20002",E72,"upLoadOneMinuteDataToEngine time=<*>,<0>,<*>,<0>,<*>",,Seen,HealthApp,Similarity-Based,0.4,0.819406275,0.609703137
"upLoadOneMinuteDataToEngine time=25233979,0,46,0,20002",E72,"upLoadOneMinuteDataToEngine time=<*>,<0>,<*>,<0>,<*>",,Seen,HealthApp,Similarity-Based,0.4,0.819406275,0.609703137
"upLoadOneMinuteDataToEngine time=25233976,0,1,0,20002",E72,"upLoadOneMinuteDataToEngine time=<*>,<0>,<1>,<0>,<*>",,Seen,HealthApp,Similarity-Based,0.4,0.810932069,0.605466034
"upLoadOneMinuteDataToEngine time=25233977,0,55,0,20002",E72,"upLoadOneMinuteDataToEngine time=<*>,<0>,<*>,<0>,<*>",,Seen,HealthApp,Similarity-Based,0.4,0.818073231,0.609036616
"upLoadOneMinuteDataToEngine time=25233977,0,55,0,20002",E72,"upLoadOneMinuteDataToEngine time=<*>,<0>,<*>,<0>,<*>",,Seen,HealthApp,Similarity-Based,0.4,0.818073231,0.609036616
"upLoadOneMinuteDataToEngine time=25233977,0,55,0,20002",E72,"upLoadOneMinuteDataToEngine time=<*>,<0>,<*>,<0>,<*>",,Seen,HealthApp,Similarity-Based,0.4,0.818073231,0.609036616
"upLoadOneMinuteDataToEngine time=25233979,0,46,0,20002",E72,"upLoadOneMinuteDataToEngine time=<*>,<0>,<*>,<0>,<*>",,Seen,HealthApp,Similarity-Based,0.4,0.819406275,0.609703137
uploadStaticsToDB failed message=true,E73,uploadStaticsToDB failed message=<*>,,Seen,HealthApp,Similarity-Based,0.3,0.800407129,0.550203565
uploadStaticsToDB failed message=true,E73,uploadStaticsToDB failed message=<*>,,Seen,HealthApp,Similarity-Based,0.3,0.800407129,0.550203565
uploadStaticsToDB failed message=true,E73,uploadStaticsToDB failed message=<*>,,Seen,HealthApp,Similarity-Based,0.3,0.800407129,0.550203565
uploadStaticsToDB failed message=true,E73,uploadStaticsToDB failed message=<*>,,Seen,HealthApp,Similarity-Based,0.3,0.800407129,0.550203565
uploadStaticsToDB failed message=true,E73,uploadStaticsToDB failed message=<*>,,Seen,HealthApp,Similarity-Based,0.3,0.800407129,0.550203565
uploadStaticsToDB failed message=true,E73,uploadStaticsToDB failed message=<*>,,Seen,HealthApp,Similarity-Based,0.3,0.800407129,0.550203565
uploadStaticsToDB failed message=true,E73,uploadStaticsToDB failed message=<*>,,Seen,HealthApp,Similarity-Based,0.3,0.800407129,0.550203565
uploadStaticsToDB failed message=true,E73,uploadStaticsToDB failed message=<*>,,Seen,HealthApp,Similarity-Based,0.3,0.800407129,0.550203565
uploadStaticsToDB failed message=true,E73,uploadStaticsToDB failed message=<*>,,Seen,HealthApp,Similarity-Based,0.3,0.800407129,0.550203565
uploadStaticsToDB failed message=true,E73,uploadStaticsToDB failed message=<*>,,Seen,HealthApp,Similarity-Based,0.3,0.800407129,0.550203565
uploadStaticsToDB() onResult  type = 4 obj=true,E74,uploadStaticsToDB() onResult type = <*> obj=<*>,,Seen,HealthApp,Similarity-Based,0.4,0.747235312,0.573617656
uploadStaticsToDB() onResult  type = 4 obj=true,E74,uploadStaticsToDB() onResult type = <*> obj=<*>,,Seen,HealthApp,Similarity-Based,0.4,0.747235312,0.573617656
uploadStaticsToDB() onResult  type = 4 obj=true,E74,uploadStaticsToDB() onResult type = <*> obj=<*>,,Seen,HealthApp,Similarity-Based,0.4,0.747235312,0.573617656
uploadStaticsToDB() onResult  type = 4 obj=true,E74,uploadStaticsToDB() onResult type = <*> obj=<*>,,Seen,HealthApp,Similarity-Based,0.4,0.747235312,0.573617656
uploadStaticsToDB() onResult  type = 4 obj=true,E74,uploadStaticsToDB() onResult type = <*> obj=<*>,,Seen,HealthApp,Similarity-Based,0.4,0.747235312,0.573617656
uploadStaticsToDB() onResult  type = 4 obj=true,E74,uploadStaticsToDB() onResult type = <*> obj=<*>,,Seen,HealthApp,Similarity-Based,0.4,0.747235312,0.573617656
uploadStaticsToDB() onResult  type = 4 obj=true,E74,uploadStaticsToDB() onResult type = <*> obj=<*>,,Seen,HealthApp,Similarity-Based,0.4,0.747235312,0.573617656
uploadStaticsToDB() onResult  type = 4 obj=true,E74,uploadStaticsToDB() onResult type = <*> obj=<*>,,Seen,HealthApp,Similarity-Based,0.4,0.747235312,0.573617656
uploadStaticsToDB() onResult  type = 4 obj=true,E74,uploadStaticsToDB() onResult type = <*> obj=<*>,,Seen,HealthApp,Similarity-Based,0.4,0.747235312,0.573617656
uploadStaticsToDB() onResult  type = 4 obj=true,E74,uploadStaticsToDB() onResult type = <*> obj=<*>,,Seen,HealthApp,Similarity-Based,0.4,0.747235312,0.573617656
writeDataToDB size 327,E75,writeDataToDB size <*>,,Seen,HealthApp,Similarity-Based,0.4,0.766551213,0.583275607
writeDataToDB size 327,E75,writeDataToDB size <*>,,Seen,HealthApp,Similarity-Based,0.4,0.766551213,0.583275607
writeDataToDB size 327,E75,writeDataToDB size <*>,,Seen,HealthApp,Similarity-Based,0.4,0.766551213,0.583275607
writeDataToDB size 327,E75,writeDataToDB size <*>,,Seen,HealthApp,Similarity-Based,0.4,0.766551213,0.583275607
writeDataToDB size 327,E75,writeDataToDB size <*>,,Seen,HealthApp,Similarity-Based,0.4,0.766551213,0.583275607
writeDataToDB size 327,E75,writeDataToDB size <*>,,Seen,HealthApp,Similarity-Based,0.4,0.766551213,0.583275607
writeDataToDB size 327,E75,writeDataToDB size <*>,,Seen,HealthApp,Similarity-Based,0.4,0.766551213,0.583275607
writeDataToDB size 327,E75,writeDataToDB size <*>,,Seen,HealthApp,Similarity-Based,0.4,0.766551213,0.583275607
writeDataToDB size 327,E75,writeDataToDB size <*>,,Seen,HealthApp,Similarity-Based,0.4,0.766551213,0.583275607
writeDataToDB size 327,E75,writeDataToDB size <*>,,Seen,HealthApp,Similarity-Based,0.4,0.766551213,0.583275607
checkInsertStatus stepSum or calorieSum is enough,E8,checkInsertStatus stepSum or calorieSum is enough,,Unseen,HealthApp,Rule-Based,0.3,0,0.15
checkInsertStatus stepSum or calorieSum is enough,E8,checkInsertStatus stepSum or calorieSum is enough,,Unseen,HealthApp,Rule-Based,0.3,0,0.15
checkInsertStatus stepSum or calorieSum is enough,E8,checkInsertStatus stepSum or calorieSum is enough,,Unseen,HealthApp,Rule-Based,0.3,0,0.15
checkInsertStatus stepSum or calorieSum is enough,E8,checkInsertStatus stepSum or calorieSum is enough,,Unseen,HealthApp,Rule-Based,0.3,0,0.15
checkInsertStatus stepSum or calorieSum is enough,E8,checkInsertStatus stepSum or calorieSum is enough,,Unseen,HealthApp,Rule-Based,0.3,0,0.15
checkInsertStatus stepSum or calorieSum is enough,E8,checkInsertStatus stepSum or calorieSum is enough,,Unseen,HealthApp,Rule-Based,0.3,0,0.15
checkInsertStatus stepSum or calorieSum is enough,E8,checkInsertStatus stepSum or calorieSum is enough,,Unseen,HealthApp,Rule-Based,0.3,0,0.15
checkInsertStatus stepSum or calorieSum is enough,E8,checkInsertStatus stepSum or calorieSum is enough,,Unseen,HealthApp,Rule-Based,0.3,0,0.15
checkInsertStatus stepSum or calorieSum is enough,E8,checkInsertStatus stepSum or calorieSum is enough,,Unseen,HealthApp,Rule-Based,0.3,0,0.15
checkInsertStatus stepSum or calorieSum is enough,E8,checkInsertStatus stepSum or calorieSum is enough,,Unseen,HealthApp,Rule-Based,0.3,0,0.15
clear(),E9,clear(),,Unseen,HealthApp,Rule-Based,0.3,0,0.15
clear(),E9,clear(),,Unseen,HealthApp,Rule-Based,0.3,0,0.15
clear(),E9,clear(),,Unseen,HealthApp,Rule-Based,0.3,0,0.15
clear(),E9,clear(),,Unseen,HealthApp,Rule-Based,0.3,0,0.15
clear(),E9,clear(),,Unseen,HealthApp,Rule-Based,0.3,0,0.15
clear(),E9,clear(),,Unseen,HealthApp,Rule-Based,0.3,0,0.15
clear(),E9,clear(),,Unseen,HealthApp,Rule-Based,0.3,0,0.15
clear(),E9,clear(),,Unseen,HealthApp,Rule-Based,0.3,0,0.15
clear(),E9,clear(),,Unseen,HealthApp,Rule-Based,0.3,0,0.15
clear(),E9,clear(),,Unseen,HealthApp,Rule-Based,0.3,0,0.15
*** info [mice.c(1766)]:,E1,*** info [<*>(<*>)()]:,,Seen,Linux,Rule-Based,0.4,0,0.2
*** info [mice.c(1766)]:,E1,*** info [<*>(<*>)()]:,,Seen,Linux,Rule-Based,0.4,0,0.2
*** info [mice.c(1766)]:,E1,*** info [<*>(<*>)()]:,,Seen,Linux,Rule-Based,0.4,0,0.2
*** info [mice.c(1766)]:,E1,*** info [<*>(<*>)()]:,,Seen,Linux,Rule-Based,0.4,0,0.2
*** info [mice.c(1766)]:,E1,*** info [<*>(<*>)()]:,,Seen,Linux,Rule-Based,0.4,0,0.2
*** info [mice.c(1766)]:,E1,*** info [<*>(<*>)()]:,,Seen,Linux,Rule-Based,0.4,0,0.2
*** info [mice.c(1766)]:,E1,*** info [<*>(<*>)()]:,,Seen,Linux,Rule-Based,0.4,0,0.2
*** info [mice.c(1766)]:,E1,*** info [<*>(<*>)()]:,,Seen,Linux,Rule-Based,0.4,0,0.2
*** info [mice.c(1766)]:,E1,*** info [<*>(<*>)()]:,,Seen,Linux,Rule-Based,0.4,0,0.2
*** info [mice.c(1766)]:,E1,*** info [<*>(<*>)()]:,,Seen,Linux,Rule-Based,0.4,0,0.2
apm: BIOS version 1.2 Flags 0x03 (Driver version 1.16ac),E10,alp: BIOS version <*> Flags <*> (Driver version <*>),,Seen,Linux,Similarity-Based,0.466666667,0.887553559,0.677110113
apm: BIOS version 1.2 Flags 0x03 (Driver version 1.16ac),E10,alp: BIOS version <*> Flags <*> (Driver version <*>),,Seen,Linux,Similarity-Based,0.466666667,0.887553559,0.677110113
apm: BIOS version 1.2 Flags 0x03 (Driver version 1.16ac),E10,alp: BIOS version <*> Flags <*> (Driver version <*>),,Seen,Linux,Similarity-Based,0.466666667,0.887553559,0.677110113
apm: BIOS version 1.2 Flags 0x03 (Driver version 1.16ac),E10,alp: BIOS version <*> Flags <*> (Driver version <*>),,Seen,Linux,Similarity-Based,0.466666667,0.887553559,0.677110113
apm: BIOS version 1.2 Flags 0x03 (Driver version 1.16ac),E10,alp: BIOS version <*> Flags <*> (Driver version <*>),,Seen,Linux,Similarity-Based,0.466666667,0.887553559,0.677110113
apm: BIOS version 1.2 Flags 0x03 (Driver version 1.16ac),E10,alp: BIOS version <*> Flags <*> (Driver version <*>),,Seen,Linux,Similarity-Based,0.466666667,0.887553559,0.677110113
apm: BIOS version 1.2 Flags 0x03 (Driver version 1.16ac),E10,alp: BIOS version <*> Flags <*> (Driver version <*>),,Seen,Linux,Similarity-Based,0.466666667,0.887553559,0.677110113
apm: BIOS version 1.2 Flags 0x03 (Driver version 1.16ac),E10,alp: BIOS version <*> Flags <*> (Driver version <*>),,Seen,Linux,Similarity-Based,0.466666667,0.887553559,0.677110113
apm: BIOS version 1.2 Flags 0x03 (Driver version 1.16ac),E10,alp: BIOS version <*> Flags <*> (Driver version <*>),,Seen,Linux,Similarity-Based,0.466666667,0.887553559,0.677110113
apm: BIOS version 1.2 Flags 0x03 (Driver version 1.16ac),E10,alp: BIOS version <*> Flags <*> (Driver version <*>),,Seen,Linux,Similarity-Based,0.466666667,0.887553559,0.677110113
selinux_register_security: Registering secondary module capability,E100,selinux\_register\_security: Registering secondary module capability,,Unseen,Linux,Rule-Based,0.3,0,0.15
selinux_register_security: Registering secondary module capability,E100,selinux\_register\_security: Registering secondary module capability,,Unseen,Linux,Rule-Based,0.3,0,0.15
selinux_register_security: Registering secondary module capability,E100,selinux\_register\_security: Registering secondary module capability,,Unseen,Linux,Rule-Based,0.3,0,0.15
selinux_register_security: Registering secondary module capability,E100,selinux\_register\_security: Registering secondary module capability,,Unseen,Linux,Rule-Based,0.3,0,0.15
selinux_register_security: Registering secondary module capability,E100,selinux\_register\_security: Registering secondary module capability,,Unseen,Linux,Rule-Based,0.3,0,0.15
selinux_register_security: Registering secondary module capability,E100,selinux\_register\_security: Registering secondary module capability,,Unseen,Linux,Rule-Based,0.3,0,0.15
selinux_register_security: Registering secondary module capability,E100,selinux\_register\_security: Registering secondary module capability,,Unseen,Linux,Rule-Based,0.3,0,0.15
selinux_register_security: Registering secondary module capability,E100,selinux\_register\_security: Registering secondary module capability,,Unseen,Linux,Rule-Based,0.3,0,0.15
selinux_register_security: Registering secondary module capability,E100,selinux\_register\_security: Registering secondary module capability,,Unseen,Linux,Rule-Based,0.3,0,0.15
selinux_register_security: Registering secondary module capability,E100,selinux\_register\_security: Registering secondary module capability,,Unseen,Linux,Rule-Based,0.3,0,0.15
session closed for user news,E101,session closed for user <*>,,Seen,Linux,Rule-Based,0.3,0,0.15
session closed for user news,E101,session closed for user <*>,,Seen,Linux,Rule-Based,0.3,0,0.15
session closed for user news,E101,session closed for user <*>,,Seen,Linux,Rule-Based,0.3,0,0.15
session closed for user cyrus,E101,session closed for user <*>,,Seen,Linux,Rule-Based,0.3,0,0.15
session closed for user cyrus,E101,session closed for user <*>,,Seen,Linux,Rule-Based,0.3,0,0.15
session closed for user cyrus,E101,session closed for user <*>,,Seen,Linux,Rule-Based,0.3,0,0.15
session closed for user cyrus,E101,session closed for user <*>,,Seen,Linux,Rule-Based,0.3,0,0.15
session closed for user cyrus,E101,session closed for user <*>,,Seen,Linux,Rule-Based,0.3,0,0.15
session closed for user news,E101,session closed for user <*>,,Seen,Linux,Rule-Based,0.3,0,0.15
session closed for user test,E101,session closed for user <*>,,Seen,Linux,Rule-Based,0.3,0,0.15
session opened for user news by (uid=0),E102,session opened for user <*> by (uid=<*>),,Unseen,Linux,Rule-Based,0.4,0,0.2
session opened for user news by (uid=0),E102,session opened for user <*> by (uid=<*>),,Unseen,Linux,Rule-Based,0.4,0,0.2
session opened for user news by (uid=0),E102,session opened for user <*> by (uid=<*>),,Unseen,Linux,Rule-Based,0.4,0,0.2
session opened for user cyrus by (uid=0),E102,session opened for user <*> by (uid=<*>),,Unseen,Linux,Rule-Based,0.4,0,0.2
session opened for user cyrus by (uid=0),E102,session opened for user <*> by (uid=<*>),,Unseen,Linux,Rule-Based,0.4,0,0.2
session opened for user cyrus by (uid=0),E102,session opened for user <*> by (uid=<*>),,Unseen,Linux,Rule-Based,0.4,0,0.2
session opened for user cyrus by (uid=0),E102,session opened for user <*> by (uid=<*>),,Unseen,Linux,Rule-Based,0.4,0,0.2
session opened for user cyrus by (uid=0),E102,session opened for user <*> by (uid=<*>),,Unseen,Linux,Rule-Based,0.4,0,0.2
session opened for user news by (uid=0),E102,session opened for user <*> by (uid=<*>),,Unseen,Linux,Rule-Based,0.4,0,0.2
session opened for user test by (uid=509),E102,session opened for user <*> by (uid=<*>),,Unseen,Linux,Rule-Based,0.4,0,0.2
session opened for user root by LOGIN(uid=0),E103,session opened for user <*> by LOGIN(uid=<*>),,Unseen,Linux,Rule-Based,0.4,0,0.2
session opened for user root by LOGIN(uid=0),E103,session opened for user <*> by LOGIN(uid=<*>),,Unseen,Linux,Rule-Based,0.4,0,0.2
session opened for user root by LOGIN(uid=0),E103,session opened for user <*> by LOGIN(uid=<*>),,Unseen,Linux,Rule-Based,0.4,0,0.2
session opened for user root by LOGIN(uid=0),E103,session opened for user <*> by LOGIN(uid=<*>),,Unseen,Linux,Rule-Based,0.4,0,0.2
session opened for user root by LOGIN(uid=0),E103,session opened for user <*> by LOGIN(uid=<*>),,Unseen,Linux,Rule-Based,0.4,0,0.2
session opened for user root by LOGIN(uid=0),E103,session opened for user <*> by LOGIN(uid=<*>),,Unseen,Linux,Rule-Based,0.4,0,0.2
session opened for user root by LOGIN(uid=0),E103,session opened for user <*> by LOGIN(uid=<*>),,Unseen,Linux,Rule-Based,0.4,0,0.2
session opened for user root by LOGIN(uid=0),E103,session opened for user <*> by LOGIN(uid=<*>),,Unseen,Linux,Rule-Based,0.4,0,0.2
session opened for user root by LOGIN(uid=0),E103,session opened for user <*> by LOGIN(uid=<*>),,Unseen,Linux,Rule-Based,0.4,0,0.2
session opened for user root by LOGIN(uid=0),E103,session opened for user <*> by LOGIN(uid=<*>),,Unseen,Linux,Rule-Based,0.4,0,0.2
Setting network parameters: succeeded,E104,Setting network parameters: succeeded,,Unseen,Linux,Rule-Based,0.3,0,0.15
Setting network parameters: succeeded,E104,Setting network parameters: succeeded,,Unseen,Linux,Rule-Based,0.3,0,0.15
Setting network parameters: succeeded,E104,Setting network parameters: succeeded,,Unseen,Linux,Rule-Based,0.3,0,0.15
Setting network parameters: succeeded,E104,Setting network parameters: succeeded,,Unseen,Linux,Rule-Based,0.3,0,0.15
Setting network parameters: succeeded,E104,Setting network parameters: succeeded,,Unseen,Linux,Rule-Based,0.3,0,0.15
Setting network parameters: succeeded,E104,Setting network parameters: succeeded,,Unseen,Linux,Rule-Based,0.3,0,0.15
Setting network parameters: succeeded,E104,Setting network parameters: succeeded,,Unseen,Linux,Rule-Based,0.3,0,0.15
Setting network parameters: succeeded,E104,Setting network parameters: succeeded,,Unseen,Linux,Rule-Based,0.3,0,0.15
Setting network parameters: succeeded,E104,Setting network parameters: succeeded,,Unseen,Linux,Rule-Based,0.3,0,0.15
Setting network parameters: succeeded,E104,Setting network parameters: succeeded,,Unseen,Linux,Rule-Based,0.3,0,0.15
Starting pcmcia: succeeded,E105,Starting <*>: succeeded,,Unseen,Linux,Rule-Based,0.3,0,0.15
Starting pcmcia: succeeded,E105,Starting <*>: succeeded,,Unseen,Linux,Rule-Based,0.3,0,0.15
Starting pcmcia: succeeded,E105,Starting <*>: succeeded,,Unseen,Linux,Rule-Based,0.3,0,0.15
Starting pcmcia: succeeded,E105,Starting <*>: succeeded,,Unseen,Linux,Rule-Based,0.3,0,0.15
Starting pcmcia: succeeded,E105,Starting <*>: succeeded,,Unseen,Linux,Rule-Based,0.3,0,0.15
Starting pcmcia: succeeded,E105,Starting <*>: succeeded,,Unseen,Linux,Rule-Based,0.3,0,0.15
Starting pcmcia: succeeded,E105,Starting <*>: succeeded,,Unseen,Linux,Rule-Based,0.3,0,0.15
Starting pcmcia: succeeded,E105,Starting <*>: succeeded,,Unseen,Linux,Rule-Based,0.3,0,0.15
Starting pcmcia: succeeded,E105,Starting <*>: succeeded,,Unseen,Linux,Rule-Based,0.3,0,0.15
Starting pcmcia: succeeded,E105,Starting <*>: succeeded,,Unseen,Linux,Rule-Based,0.3,0,0.15
syslogd startup succeeded,E106,syslogd startup succeeded,,Unseen,Linux,Rule-Based,0.3,0,0.15
syslogd startup succeeded,E106,syslogd startup succeeded,,Unseen,Linux,Rule-Based,0.3,0,0.15
syslogd startup succeeded,E106,syslogd startup succeeded,,Unseen,Linux,Rule-Based,0.3,0,0.15
syslogd startup succeeded,E106,syslogd startup succeeded,,Unseen,Linux,Rule-Based,0.3,0,0.15
syslogd startup succeeded,E106,syslogd startup succeeded,,Unseen,Linux,Rule-Based,0.3,0,0.15
syslogd startup succeeded,E106,syslogd startup succeeded,,Unseen,Linux,Rule-Based,0.3,0,0.15
syslogd startup succeeded,E106,syslogd startup succeeded,,Unseen,Linux,Rule-Based,0.3,0,0.15
syslogd startup succeeded,E106,syslogd startup succeeded,,Unseen,Linux,Rule-Based,0.3,0,0.15
syslogd startup succeeded,E106,syslogd startup succeeded,,Unseen,Linux,Rule-Based,0.3,0,0.15
syslogd startup succeeded,E106,syslogd startup succeeded,,Unseen,Linux,Rule-Based,0.3,0,0.15
"There is already a security framework initialized, register_security failed.",E107,register\_security failed,,Unseen,Linux,Rule-Based,0.3,0,0.15
"There is already a security framework initialized, register_security failed.",E107,register\_security failed,,Unseen,Linux,Rule-Based,0.3,0,0.15
"There is already a security framework initialized, register_security failed.",E107,register\_security failed,,Unseen,Linux,Rule-Based,0.3,0,0.15
"There is already a security framework initialized, register_security failed.",E107,register\_security failed,,Unseen,Linux,Rule-Based,0.3,0,0.15
"There is already a security framework initialized, register_security failed.",E107,register\_security failed,,Unseen,Linux,Rule-Based,0.3,0,0.15
"There is already a security framework initialized, register_security failed.",E107,register\_security failed,,Unseen,Linux,Rule-Based,0.3,0,0.15
"There is already a security framework initialized, register_security failed.",E107,register\_security failed,,Unseen,Linux,Rule-Based,0.3,0,0.15
"There is already a security framework initialized, register_security failed.",E107,register\_security failed,,Unseen,Linux,Rule-Based,0.3,0,0.15
"There is already a security framework initialized, register_security failed.",E107,register\_security failed,,Unseen,Linux,Rule-Based,0.3,0,0.15
"There is already a security framework initialized, register_security failed.",E107,register\_security failed,,Unseen,Linux,Rule-Based,0.3,0,0.15
"Total HugeTLB memory allocated, 0",E108,"Total HugeTLB memory allocated, <*>",,Seen,Linux,Rule-Based,0.4,0,0.2
"Total HugeTLB memory allocated, 0",E108,"Total HugeTLB memory allocated, <*>",,Seen,Linux,Rule-Based,0.4,0,0.2
"Total HugeTLB memory allocated, 0",E108,"Total HugeTLB memory allocated, <*>",,Seen,Linux,Rule-Based,0.4,0,0.2
"Total HugeTLB memory allocated, 0",E108,"Total HugeTLB memory allocated, <*>",,Seen,Linux,Rule-Based,0.4,0,0.2
"Total HugeTLB memory allocated, 0",E108,"Total HugeTLB memory allocated, <*>",,Seen,Linux,Rule-Based,0.4,0,0.2
"Total HugeTLB memory allocated, 0",E108,"Total HugeTLB memory allocated, <*>",,Seen,Linux,Rule-Based,0.4,0,0.2
"Total HugeTLB memory allocated, 0",E108,"Total HugeTLB memory allocated, <*>",,Seen,Linux,Rule-Based,0.4,0,0.2
"Total HugeTLB memory allocated, 0",E108,"Total HugeTLB memory allocated, <*>",,Seen,Linux,Rule-Based,0.4,0,0.2
"Total HugeTLB memory allocated, 0",E108,"Total HugeTLB memory allocated, <*>",,Seen,Linux,Rule-Based,0.4,0,0.2
"Total HugeTLB memory allocated, 0",E108,"Total HugeTLB memory allocated, <*>",,Seen,Linux,Rule-Based,0.4,0,0.2
Transparent bridge - 0000:00:1e.0,E109,Transparent bridge - <*>,,Seen,Linux,Similarity-Based,0.45,0.789039266,0.619519633
Transparent bridge - 0000:00:1e.0,E109,Transparent bridge - <*>,,Seen,Linux,Similarity-Based,0.45,0.789039266,0.619519633
Transparent bridge - 0000:00:1e.0,E109,Transparent bridge - <*>,,Seen,Linux,Similarity-Based,0.45,0.789039266,0.619519633
Transparent bridge - 0000:00:1e.0,E109,Transparent bridge - <*>,,Seen,Linux,Similarity-Based,0.45,0.789039266,0.619519633
Transparent bridge - 0000:00:1e.0,E109,Transparent bridge - <*>,,Seen,Linux,Similarity-Based,0.45,0.789039266,0.619519633
Transparent bridge - 0000:00:1e.0,E109,Transparent bridge - <*>,,Seen,Linux,Similarity-Based,0.45,0.789039266,0.619519633
Transparent bridge - 0000:00:1e.0,E109,Transparent bridge - <*>,,Seen,Linux,Similarity-Based,0.45,0.789039266,0.619519633
Transparent bridge - 0000:00:1e.0,E109,Transparent bridge - <*>,,Seen,Linux,Similarity-Based,0.45,0.789039266,0.619519633
Transparent bridge - 0000:00:1e.0,E109,Transparent bridge - <*>,,Seen,Linux,Similarity-Based,0.45,0.789039266,0.619519633
Transparent bridge - 0000:00:1e.0,E109,Transparent bridge - <*>,,Seen,Linux,Similarity-Based,0.45,0.789039266,0.619519633
audit(1122475266.4294965305:0): initialized,E11,audit(<*>:<*>): initialized,,Seen,Linux,Similarity-Based,0.3,0.783140568,0.541570284
audit(1122475266.4294965305:0): initialized,E11,audit(<*>:<*>): initialized,,Seen,Linux,Similarity-Based,0.3,0.783140568,0.541570284
audit(1122475266.4294965305:0): initialized,E11,audit(<*>:<*>): initialized,,Seen,Linux,Similarity-Based,0.3,0.783140568,0.541570284
audit(1122475266.4294965305:0): initialized,E11,audit(<*>:<*>): initialized,,Seen,Linux,Similarity-Based,0.3,0.783140568,0.541570284
audit(1122475266.4294965305:0): initialized,E11,audit(<*>:<*>): initialized,,Seen,Linux,Similarity-Based,0.3,0.783140568,0.541570284
audit(1122475266.4294965305:0): initialized,E11,audit(<*>:<*>): initialized,,Seen,Linux,Similarity-Based,0.3,0.783140568,0.541570284
audit(1122475266.4294965305:0): initialized,E11,audit(<*>:<*>): initialized,,Seen,Linux,Similarity-Based,0.3,0.783140568,0.541570284
audit(1122475266.4294965305:0): initialized,E11,audit(<*>:<*>): initialized,,Seen,Linux,Similarity-Based,0.3,0.783140568,0.541570284
audit(1122475266.4294965305:0): initialized,E11,audit(<*>:<*>): initialized,,Seen,Linux,Similarity-Based,0.3,0.783140568,0.541570284
audit(1122475266.4294965305:0): initialized,E11,audit(<*>:<*>): initialized,,Seen,Linux,Similarity-Based,0.3,0.783140568,0.541570284
usbcore: registered new driver hub,E110,usbcore: registered new driver hub,,Unseen,Linux,Rule-Based,0.3,0,0.15
usbcore: registered new driver hub,E110,usbcore: registered new driver hub,,Unseen,Linux,Rule-Based,0.3,0,0.15
usbcore: registered new driver hub,E110,usbcore: registered new driver hub,,Unseen,Linux,Rule-Based,0.3,0,0.15
usbcore: registered new driver hub,E110,usbcore: registered new driver hub,,Unseen,Linux,Rule-Based,0.3,0,0.15
usbcore: registered new driver hub,E110,usbcore: registered new driver hub,,Unseen,Linux,Rule-Based,0.3,0,0.15
usbcore: registered new driver hub,E110,usbcore: registered new driver hub,,Unseen,Linux,Rule-Based,0.3,0,0.15
usbcore: registered new driver hub,E110,usbcore: registered new driver hub,,Unseen,Linux,Rule-Based,0.3,0,0.15
usbcore: registered new driver hub,E110,usbcore: registered new driver hub,,Unseen,Linux,Rule-Based,0.3,0,0.15
usbcore: registered new driver hub,E110,usbcore: registered new driver hub,,Unseen,Linux,Rule-Based,0.3,0,0.15
usbcore: registered new driver hub,E110,usbcore: registered new driver hub,,Unseen,Linux,Rule-Based,0.3,0,0.15
usbcore: registered new driver usbfs,E111,usbcore: registered new driver <*>,,Unseen,Linux,Rule-Based,0.3,0,0.15
usbcore: registered new driver usbfs,E111,usbcore: registered new driver <*>,,Unseen,Linux,Rule-Based,0.3,0,0.15
usbcore: registered new driver usbfs,E111,usbcore: registered new driver <*>,,Unseen,Linux,Rule-Based,0.3,0,0.15
usbcore: registered new driver usbfs,E111,usbcore: registered new driver <*>,,Unseen,Linux,Rule-Based,0.3,0,0.15
usbcore: registered new driver usbfs,E111,usbcore: registered new driver <*>,,Unseen,Linux,Rule-Based,0.3,0,0.15
usbcore: registered new driver usbfs,E111,usbcore: registered new driver <*>,,Unseen,Linux,Rule-Based,0.3,0,0.15
usbcore: registered new driver usbfs,E111,usbcore: registered new driver <*>,,Unseen,Linux,Rule-Based,0.3,0,0.15
usbcore: registered new driver usbfs,E111,usbcore: registered new driver <*>,,Unseen,Linux,Rule-Based,0.3,0,0.15
usbcore: registered new driver usbfs,E111,usbcore: registered new driver <*>,,Unseen,Linux,Rule-Based,0.3,0,0.15
usbcore: registered new driver usbfs,E111,usbcore: registered new driver <*>,,Unseen,Linux,Rule-Based,0.3,0,0.15
User unknown timed out after 900 seconds at Sat Jun 18 02:23:10 2005,E112,User unknown timed out after <*> seconds at <*> <*> <*> <*>:<*>:<*> <*>,,Seen,Linux,Similarity-Based,0.466666667,0.780185321,0.623425994
User unknown timed out after 900 seconds at Sat Jun 18 02:23:10 2005,E112,User unknown timed out after <*> seconds at <*> <*> <*> <*>:<*>:<*> <*>,,Seen,Linux,Similarity-Based,0.466666667,0.780185321,0.623425994
User unknown timed out after 900 seconds at Sat Jun 18 02:23:10 2005,E112,User unknown timed out after <*> seconds at <*> <*> <*> <*>:<*>:<*> <*>,,Seen,Linux,Similarity-Based,0.466666667,0.780185321,0.623425994
User unknown timed out after 900 seconds at Sat Jun 18 02:23:10 2005,E112,User unknown timed out after <*> seconds at <*> <*> <*> <*>:<*>:<*> <*>,,Seen,Linux,Similarity-Based,0.466666667,0.780185321,0.623425994
User unknown timed out after 900 seconds at Sat Jun 18 02:23:10 2005,E112,User unknown timed out after <*> seconds at <*> <*> <*> <*>:<*>:<*> <*>,,Seen,Linux,Similarity-Based,0.466666667,0.780185321,0.623425994
User unknown timed out after 900 seconds at Sat Jun 18 02:23:10 2005,E112,User unknown timed out after <*> seconds at <*> <*> <*> <*>:<*>:<*> <*>,,Seen,Linux,Similarity-Based,0.466666667,0.780185321,0.623425994
User unknown timed out after 900 seconds at Sat Jun 18 02:23:10 2005,E112,User unknown timed out after <*> seconds at <*> <*> <*> <*>:<*>:<*> <*>,,Seen,Linux,Similarity-Based,0.466666667,0.780185321,0.623425994
User unknown timed out after 900 seconds at Sat Jun 18 02:23:10 2005,E112,User unknown timed out after <*> seconds at <*> <*> <*> <*>:<*>:<*> <*>,,Seen,Linux,Similarity-Based,0.466666667,0.780185321,0.623425994
User unknown timed out after 900 seconds at Sat Jun 18 02:23:10 2005,E112,User unknown timed out after <*> seconds at <*> <*> <*> <*>:<*>:<*> <*>,,Seen,Linux,Similarity-Based,0.466666667,0.780185321,0.623425994
User unknown timed out after 900 seconds at Sat Jun 18 02:23:10 2005,E112,User unknown timed out after <*> seconds at <*> <*> <*> <*>:<*>:<*> <*>,,Seen,Linux,Similarity-Based,0.466666667,0.780185321,0.623425994
Using tsc for high-res timesource,E113,Using tsc for high-res timesource,,Unseen,Linux,Rule-Based,0.3,0,0.15
Using tsc for high-res timesource,E113,Using tsc for high-res timesource,,Unseen,Linux,Rule-Based,0.3,0,0.15
Using tsc for high-res timesource,E113,Using tsc for high-res timesource,,Unseen,Linux,Rule-Based,0.3,0,0.15
Using tsc for high-res timesource,E113,Using tsc for high-res timesource,,Unseen,Linux,Rule-Based,0.3,0,0.15
Using tsc for high-res timesource,E113,Using tsc for high-res timesource,,Unseen,Linux,Rule-Based,0.3,0,0.15
Using tsc for high-res timesource,E113,Using tsc for high-res timesource,,Unseen,Linux,Rule-Based,0.3,0,0.15
Using tsc for high-res timesource,E113,Using tsc for high-res timesource,,Unseen,Linux,Rule-Based,0.3,0,0.15
Using tsc for high-res timesource,E113,Using tsc for high-res timesource,,Unseen,Linux,Rule-Based,0.3,0,0.15
Using tsc for high-res timesource,E113,Using tsc for high-res timesource,,Unseen,Linux,Rule-Based,0.3,0,0.15
Using tsc for high-res timesource,E113,Using tsc for high-res timesource,,Unseen,Linux,Rule-Based,0.3,0,0.15
Version 1.0.6 Starting,E114,Version 1.0.6 Starting,,Seen,Linux,Rule-Based,0.3,0,0.15
Version 1.0.6 Starting,E114,Version 1.0.6 Starting,,Seen,Linux,Rule-Based,0.3,0,0.15
Version 1.0.6 Starting,E114,Version 1.0.6 Starting,,Seen,Linux,Rule-Based,0.3,0,0.15
Version 1.0.6 Starting,E114,Version 1.0.6 Starting,,Seen,Linux,Rule-Based,0.3,0,0.15
Version 1.0.6 Starting,E114,Version 1.0.6 Starting,,Seen,Linux,Rule-Based,0.3,0,0.15
Version 1.0.6 Starting,E114,Version 1.0.6 Starting,,Seen,Linux,Rule-Based,0.3,0,0.15
Version 1.0.6 Starting,E114,Version 1.0.6 Starting,,Seen,Linux,Rule-Based,0.3,0,0.15
Version 1.0.6 Starting,E114,Version 1.0.6 Starting,,Seen,Linux,Rule-Based,0.3,0,0.15
Version 1.0.6 Starting,E114,Version 1.0.6 Starting,,Seen,Linux,Rule-Based,0.3,0,0.15
Version 1.0.6 Starting,E114,Version 1.0.6 Starting,,Seen,Linux,Rule-Based,0.3,0,0.15
VFS: Disk quotas dquot_6.5.1,E115,VFS: Disk quotas <*>,,Seen,Linux,Similarity-Based,0.4,0.889215463,0.644607732
VFS: Disk quotas dquot_6.5.1,E115,VFS: Disk quotas <*>,,Seen,Linux,Similarity-Based,0.4,0.889215463,0.644607732
VFS: Disk quotas dquot_6.5.1,E115,VFS: Disk quotas <*>,,Seen,Linux,Similarity-Based,0.4,0.889215463,0.644607732
VFS: Disk quotas dquot_6.5.1,E115,VFS: Disk quotas <*>,,Seen,Linux,Similarity-Based,0.4,0.889215463,0.644607732
VFS: Disk quotas dquot_6.5.1,E115,VFS: Disk quotas <*>,,Seen,Linux,Similarity-Based,0.4,0.889215463,0.644607732
VFS: Disk quotas dquot_6.5.1,E115,VFS: Disk quotas <*>,,Seen,Linux,Similarity-Based,0.4,0.889215463,0.644607732
VFS: Disk quotas dquot_6.5.1,E115,VFS: Disk quotas <*>,,Seen,Linux,Similarity-Based,0.4,0.889215463,0.644607732
VFS: Disk quotas dquot_6.5.1,E115,VFS: Disk quotas <*>,,Seen,Linux,Similarity-Based,0.4,0.889215463,0.644607732
VFS: Disk quotas dquot_6.5.1,E115,VFS: Disk quotas <*>,,Seen,Linux,Similarity-Based,0.4,0.889215463,0.644607732
VFS: Disk quotas dquot_6.5.1,E115,VFS: Disk quotas <*>,,Seen,Linux,Similarity-Based,0.4,0.889215463,0.644607732
warning: can't get client address: Connection reset by peer,E116,warning: can't get <*> address: Connection reset by peer,,Unseen,Linux,Rule-Based,0.3,0,0.15
warning: can't get client address: Connection reset by peer,E116,warning: can't get <*> address: Connection reset by peer,,Unseen,Linux,Rule-Based,0.3,0,0.15
warning: can't get client address: Connection reset by peer,E116,warning: can't get <*> address: Connection reset by peer,,Unseen,Linux,Rule-Based,0.3,0,0.15
warning: can't get client address: Connection reset by peer,E116,warning: can't get <*> address: Connection reset by peer,,Unseen,Linux,Rule-Based,0.3,0,0.15
warning: can't get client address: Connection reset by peer,E116,warning: can't get <*> address: Connection reset by peer,,Unseen,Linux,Rule-Based,0.3,0,0.15
warning: can't get client address: Connection reset by peer,E116,warning: can't get <*> address: Connection reset by peer,,Unseen,Linux,Rule-Based,0.3,0,0.15
warning: can't get client address: Connection reset by peer,E116,warning: can't get <*> address: Connection reset by peer,,Unseen,Linux,Rule-Based,0.3,0,0.15
warning: can't get client address: Connection reset by peer,E116,warning: can't get <*> address: Connection reset by peer,,Unseen,Linux,Rule-Based,0.3,0,0.15
warning: can't get client address: Connection reset by peer,E116,warning: can't get <*> address: Connection reset by peer,,Unseen,Linux,Rule-Based,0.3,0,0.15
warning: can't get client address: Connection reset by peer,E116,warning: can't get <*> address: Connection reset by peer,,Unseen,Linux,Rule-Based,0.3,0,0.15
You can enable it with acpi=force,E117,You can enable it with acpi=force,,Unseen,Linux,Rule-Based,0.3,0,0.15
You can enable it with acpi=force,E117,You can enable it with acpi=force,,Unseen,Linux,Rule-Based,0.3,0,0.15
You can enable it with acpi=force,E117,You can enable it with acpi=force,,Unseen,Linux,Rule-Based,0.3,0,0.15
You can enable it with acpi=force,E117,You can enable it with acpi=force,,Unseen,Linux,Rule-Based,0.3,0,0.15
You can enable it with acpi=force,E117,You can enable it with acpi=force,,Unseen,Linux,Rule-Based,0.3,0,0.15
You can enable it with acpi=force,E117,You can enable it with acpi=force,,Unseen,Linux,Rule-Based,0.3,0,0.15
You can enable it with acpi=force,E117,You can enable it with acpi=force,,Unseen,Linux,Rule-Based,0.3,0,0.15
You can enable it with acpi=force,E117,You can enable it with acpi=force,,Unseen,Linux,Rule-Based,0.3,0,0.15
You can enable it with acpi=force,E117,You can enable it with acpi=force,,Unseen,Linux,Rule-Based,0.3,0,0.15
You can enable it with acpi=force,E117,You can enable it with acpi=force,,Unseen,Linux,Rule-Based,0.3,0,0.15
zapping low mappings.,E118,zapping low mappings.,,Unseen,Linux,Rule-Based,0.3,0,0.15
zapping low mappings.,E118,zapping low mappings.,,Unseen,Linux,Rule-Based,0.3,0,0.15
zapping low mappings.,E118,zapping low mappings.,,Unseen,Linux,Rule-Based,0.3,0,0.15
zapping low mappings.,E118,zapping low mappings.,,Unseen,Linux,Rule-Based,0.3,0,0.15
zapping low mappings.,E118,zapping low mappings.,,Unseen,Linux,Rule-Based,0.3,0,0.15
zapping low mappings.,E118,zapping low mappings.,,Unseen,Linux,Rule-Based,0.3,0,0.15
zapping low mappings.,E118,zapping low mappings.,,Unseen,Linux,Rule-Based,0.3,0,0.15
zapping low mappings.,E118,zapping low mappings.,,Unseen,Linux,Rule-Based,0.3,0,0.15
zapping low mappings.,E118,zapping low mappings.,,Unseen,Linux,Rule-Based,0.3,0,0.15
zapping low mappings.,E118,zapping low mappings.,,Unseen,Linux,Rule-Based,0.3,0,0.15
audit: initializing netlink socket (disabled),E12,audit: initializing netlink socket (disabled),,Unseen,Linux,Rule-Based,0.3,0,0.15
audit: initializing netlink socket (disabled),E12,audit: initializing netlink socket (disabled),,Unseen,Linux,Rule-Based,0.3,0,0.15
audit: initializing netlink socket (disabled),E12,audit: initializing netlink socket (disabled),,Unseen,Linux,Rule-Based,0.3,0,0.15
audit: initializing netlink socket (disabled),E12,audit: initializing netlink socket (disabled),,Unseen,Linux,Rule-Based,0.3,0,0.15
audit: initializing netlink socket (disabled),E12,audit: initializing netlink socket (disabled),,Unseen,Linux,Rule-Based,0.3,0,0.15
audit: initializing netlink socket (disabled),E12,audit: initializing netlink socket (disabled),,Unseen,Linux,Rule-Based,0.3,0,0.15
audit: initializing netlink socket (disabled),E12,audit: initializing netlink socket (disabled),,Unseen,Linux,Rule-Based,0.3,0,0.15
audit: initializing netlink socket (disabled),E12,audit: initializing netlink socket (disabled),,Unseen,Linux,Rule-Based,0.3,0,0.15
audit: initializing netlink socket (disabled),E12,audit: initializing netlink socket (disabled),,Unseen,Linux,Rule-Based,0.3,0,0.15
audit: initializing netlink socket (disabled),E12,audit: initializing netlink socket (disabled),,Unseen,Linux,Rule-Based,0.3,0,0.15
Authentication failed from 163.27.187.39 (163.27.187.39): Permission denied in replay cache code,E13,Authentication failed from <*> (<*>): Permission denied in replay cache code,,Seen,Linux,Similarity-Based,0.55,0.858740494,0.704370247
Authentication failed from 163.27.187.39 (163.27.187.39): Permission denied in replay cache code,E13,Authentication failed from <*> (<*>): Permission denied in replay cache code,,Seen,Linux,Similarity-Based,0.55,0.858740494,0.704370247
Authentication failed from 163.27.187.39 (163.27.187.39): Permission denied in replay cache code,E13,Authentication failed from <*> (<*>): Permission denied in replay cache code,,Seen,Linux,Similarity-Based,0.55,0.858740494,0.704370247
Authentication failed from 163.27.187.39 (163.27.187.39): Permission denied in replay cache code,E13,Authentication failed from <*> (<*>): Permission denied in replay cache code,,Seen,Linux,Similarity-Based,0.55,0.858740494,0.704370247
Authentication failed from 163.27.187.39 (163.27.187.39): Permission denied in replay cache code,E13,Authentication failed from <*> (<*>): Permission denied in replay cache code,,Seen,Linux,Similarity-Based,0.55,0.858740494,0.704370247
Authentication failed from 163.27.187.39 (163.27.187.39): Permission denied in replay cache code,E13,Authentication failed from <*> (<*>): Permission denied in replay cache code,,Seen,Linux,Similarity-Based,0.55,0.858740494,0.704370247
Authentication failed from 163.27.187.39 (163.27.187.39): Permission denied in replay cache code,E13,Authentication failed from <*> (<*>): Permission denied in replay cache code,,Seen,Linux,Similarity-Based,0.55,0.858740494,0.704370247
Authentication failed from 163.27.187.39 (163.27.187.39): Permission denied in replay cache code,E13,Authentication failed from <*> (<*>): Permission denied in replay cache code,,Seen,Linux,Similarity-Based,0.55,0.858740494,0.704370247
Authentication failed from 163.27.187.39 (163.27.187.39): Permission denied in replay cache code,E13,Authentication failed from <*> (<*>): Permission denied in replay cache code,,Seen,Linux,Similarity-Based,0.55,0.858740494,0.704370247
Authentication failed from 163.27.187.39 (163.27.187.39): Permission denied in replay cache code,E13,Authentication failed from <*> (<*>): Permission denied in replay cache code,,Seen,Linux,Similarity-Based,0.55,0.858740494,0.704370247
Authentication failed from 163.27.187.39 (163.27.187.39): Software caused connection abort,E14,Authentication failed from <*> (<*>): Software caused connection abort,,Seen,Linux,Similarity-Based,0.55,0.746228858,0.648114429
Authentication failed from 163.27.187.39 (163.27.187.39): Software caused connection abort,E14,Authentication failed from <*> (<*>): Software caused connection abort,,Seen,Linux,Similarity-Based,0.55,0.746228858,0.648114429
Authentication failed from 163.27.187.39 (163.27.187.39): Software caused connection abort,E14,Authentication failed from <*> (<*>): Software caused connection abort,,Seen,Linux,Similarity-Based,0.55,0.746228858,0.648114429
Authentication failed from 163.27.187.39 (163.27.187.39): Software caused connection abort,E14,Authentication failed from <*> (<*>): Software caused connection abort,,Seen,Linux,Similarity-Based,0.55,0.746228858,0.648114429
Authentication failed from 163.27.187.39 (163.27.187.39): Software caused connection abort,E14,Authentication failed from <*> (<*>): Software caused connection abort,,Seen,Linux,Similarity-Based,0.55,0.746228858,0.648114429
Authentication failed from 163.27.187.39 (163.27.187.39): Software caused connection abort,E14,Authentication failed from <*> (<*>): Software caused connection abort,,Seen,Linux,Similarity-Based,0.55,0.746228858,0.648114429
Authentication failed from 163.27.187.39 (163.27.187.39): Software caused connection abort,E14,Authentication failed from <*> (<*>): Software caused connection abort,,Seen,Linux,Similarity-Based,0.55,0.746228858,0.648114429
Authentication failed from 163.27.187.39 (163.27.187.39): Software caused connection abort,E14,Authentication failed from <*> (<*>): Software caused connection abort,,Seen,Linux,Similarity-Based,0.55,0.746228858,0.648114429
Authentication failed from 163.27.187.39 (163.27.187.39): Software caused connection abort,E14,Authentication failed from <*> (<*>): Software caused connection abort,,Seen,Linux,Similarity-Based,0.55,0.746228858,0.648114429
Authentication failed from 163.27.187.39 (163.27.187.39): Software caused connection abort,E14,Authentication failed from <*> (<*>): Software caused connection abort,,Seen,Linux,Similarity-Based,0.55,0.746228858,0.648114429
authentication failure; logname= uid=0 euid=0 tty=:0 ruser= rhost=,E15,authentication failure; logname= uid=<*> euid=<*> tty=:<*> ruser= rhost=<*>,,Seen,Linux,Similarity-Based,0.4,0.789337009,0.594668505
authentication failure; logname= uid=0 euid=0 tty=:0 ruser= rhost=,E15,authentication failure; logname= uid=<*> euid=<*> tty=:<*> ruser= rhost=<*>,,Seen,Linux,Similarity-Based,0.4,0.789337009,0.594668505
authentication failure; logname= uid=0 euid=0 tty=:0 ruser= rhost=,E15,authentication failure; logname= uid=<*> euid=<*> tty=:<*> ruser= rhost=<*>,,Seen,Linux,Similarity-Based,0.4,0.789337009,0.594668505
authentication failure; logname= uid=0 euid=0 tty=:0 ruser= rhost=,E15,authentication failure; logname= uid=<*> euid=<*> tty=:<*> ruser= rhost=<*>,,Seen,Linux,Similarity-Based,0.4,0.789337009,0.594668505
authentication failure; logname= uid=0 euid=0 tty=:0 ruser= rhost=,E15,authentication failure; logname= uid=<*> euid=<*> tty=:<*> ruser= rhost=<*>,,Seen,Linux,Similarity-Based,0.4,0.789337009,0.594668505
authentication failure; logname= uid=0 euid=0 tty=:0 ruser= rhost=,E15,authentication failure; logname= uid=<*> euid=<*> tty=:<*> ruser= rhost=<*>,,Seen,Linux,Similarity-Based,0.4,0.789337009,0.594668505
authentication failure; logname= uid=0 euid=0 tty=:0 ruser= rhost=,E15,authentication failure; logname= uid=<*> euid=<*> tty=:<*> ruser= rhost=<*>,,Seen,Linux,Similarity-Based,0.4,0.789337009,0.594668505
authentication failure; logname= uid=0 euid=0 tty=:0 ruser= rhost=,E15,authentication failure; logname= uid=<*> euid=<*> tty=:<*> ruser= rhost=<*>,,Seen,Linux,Similarity-Based,0.4,0.789337009,0.594668505
authentication failure; logname= uid=0 euid=0 tty=:0 ruser= rhost=,E15,authentication failure; logname= uid=<*> euid=<*> tty=:<*> ruser= rhost=<*>,,Seen,Linux,Similarity-Based,0.4,0.789337009,0.594668505
authentication failure; logname= uid=0 euid=0 tty=:0 ruser= rhost=,E15,authentication failure; logname= uid=<*> euid=<*> tty=:<*> ruser= rhost=<*>,,Seen,Linux,Similarity-Based,0.4,0.789337009,0.594668505
authentication failure; logname= uid=0 euid=0 tty=NODEVssh ruser= rhost=65.166.159.14,E16,authentication failure; logname= uid=<*> euid=<*> tty=<*> ruser= rhost=<*>,,Unseen,Linux,Similarity-Based,0.533333333,0.814425039,0.673879186
authentication failure; logname= uid=0 euid=0 tty=NODEVssh ruser= rhost=218.188.2.4,E16,authentication failure; logname= uid=<0> euid=<0> tty=NODEVssh ruser= rhost=<218.188.2.4>,,Unseen,Linux,Similarity-Based,0.533333333,0.816739629,0.675036481
authentication failure; logname= uid=0 euid=0 tty=NODEVssh ruser= rhost=ip-216-69-169-168.ip.secureserver.net,E16,authentication failure; logname= <*>; uid=<*>; euid=<*>; tty=<*>; ruser= <*>; rhost=<*>,,Unseen,Linux,Rule-Based,0.4,0,0.2
authentication failure; logname= uid=0 euid=0 tty=NODEVssh ruser= rhost=65.166.159.14,E16,authentication failure; logname= uid=<*> euid=<*> tty=<*> ruser= rhost=<*>,,Unseen,Linux,Similarity-Based,0.533333333,0.814425039,0.673879186
authentication failure; logname= uid=0 euid=0 tty=NODEVssh ruser= rhost=218.188.2.4,E16,authentication failure; logname= uid=<0> euid=<0> tty=NODEVssh ruser= rhost=<218.188.2.4>,,Unseen,Linux,Similarity-Based,0.533333333,0.816739629,0.675036481
authentication failure; logname= uid=0 euid=0 tty=NODEVssh ruser= rhost=zummit.com,E16,authentication failure; logname= uid=<0> euid=<0> tty=NODEVssh ruser= rhost=<zummit.com>,,Unseen,Linux,Similarity-Based,0.4,0.77711264,0.58855632
authentication failure; logname= uid=0 euid=0 tty=NODEVssh ruser= rhost=211.115.206.155,E16,authentication failure; logname= uid=<*> euid=<*> tty=<*> ruser= rhost=<*>,,Unseen,Linux,Similarity-Based,0.533333333,0.82744165,0.680387492
authentication failure; logname= uid=0 euid=0 tty=NODEVssh ruser= rhost=210.229.150.228,E16,authentication failure; logname= uid=<*> euid=<*> tty=<*> ruser= rhost=<*>,,Unseen,Linux,Similarity-Based,0.533333333,0.817899688,0.675616511
authentication failure; logname= uid=0 euid=0 tty=NODEVssh ruser= rhost=adsl-70-242-75-179.dsl.ksc2mo.swbell.net,E16,authentication failure; logname= <*>; uid=<*>; euid=<*>; tty=<*>; ruser= <*>; rhost=<*>,,Unseen,Linux,Rule-Based,0.4,0,0.2
authentication failure; logname= uid=0 euid=0 tty=NODEVssh ruser= rhost=218.188.2.4,E16,authentication failure; logname= uid=<0> euid=<0> tty=NODEVssh ruser= rhost=<218.188.2.4>,,Unseen,Linux,Similarity-Based,0.533333333,0.816739629,0.675036481
authentication failure; logname= uid=0 euid=0 tty=NODEVssh ruser= rhost=211.46.224.253 user=guest,E17,authentication failure; logname= uid=<*> euid=<*> tty=<*> ruser= rhost=<*> user=<*>,,Unseen,Linux,Similarity-Based,0.533333333,0.764610439,0.648971886
authentication failure; logname= uid=0 euid=0 tty=NODEVssh ruser= rhost=217.60.212.66 user=guest,E17,authentication failure; logname= uid=<*> euid=<*> tty=<*> ruser= rhost=<*> user=<*>,,Unseen,Linux,Similarity-Based,0.533333333,0.760028345,0.646680839
authentication failure; logname= uid=0 euid=0 tty=NODEVssh ruser= rhost=217.60.212.66 user=guest,E17,authentication failure; logname= uid=<*> euid=<*> tty=<*> ruser= rhost=<*> user=<*>,,Unseen,Linux,Similarity-Based,0.533333333,0.760028345,0.646680839
authentication failure; logname= uid=0 euid=0 tty=NODEVssh ruser= rhost=209.152.168.249 user=guest,E17,authentication failure; logname= uid=<*> euid=<*> tty=<*> ruser= rhost=<*> user=<*>,,Unseen,Linux,Similarity-Based,0.533333333,0.758093128,0.64571323
authentication failure; logname= uid=0 euid=0 tty=NODEVssh ruser= rhost=209.152.168.249 user=guest,E17,authentication failure; logname= uid=<*> euid=<*> tty=<*> ruser= rhost=<*> user=<*>,,Unseen,Linux,Similarity-Based,0.533333333,0.758093128,0.64571323
authentication failure; logname= uid=0 euid=0 tty=NODEVssh ruser= rhost=209.152.168.249 user=guest,E17,authentication failure; logname= uid=<*> euid=<*> tty=<*> ruser= rhost=<*> user=<*>,,Unseen,Linux,Similarity-Based,0.533333333,0.758093128,0.64571323
authentication failure; logname= uid=0 euid=0 tty=NODEVssh ruser= rhost=209.152.168.249 user=guest,E17,authentication failure; logname= uid=<*> euid=<*> tty=<*> ruser= rhost=<*> user=<*>,,Unseen,Linux,Similarity-Based,0.533333333,0.758093128,0.64571323
authentication failure; logname= uid=0 euid=0 tty=NODEVssh ruser= rhost=209.152.168.249 user=guest,E17,authentication failure; logname= uid=<*> euid=<*> tty=<*> ruser= rhost=<*> user=<*>,,Unseen,Linux,Similarity-Based,0.533333333,0.758093128,0.64571323
authentication failure; logname= uid=0 euid=0 tty=NODEVssh ruser= rhost=217.60.212.66 user=guest,E17,authentication failure; logname= uid=<*> euid=<*> tty=<*> ruser= rhost=<*> user=<*>,,Unseen,Linux,Similarity-Based,0.533333333,0.760028345,0.646680839
authentication failure; logname= uid=0 euid=0 tty=NODEVssh ruser= rhost=209.152.168.249 user=guest,E17,authentication failure; logname= uid=<*> euid=<*> tty=<*> ruser= rhost=<*> user=<*>,,Unseen,Linux,Similarity-Based,0.533333333,0.758093128,0.64571323
authentication failure; logname= uid=0 euid=0 tty=NODEVssh ruser= rhost=150.183.249.110 user=root,E18,authentication failure; logname= uid=<*> euid=<*> tty=<*> ruser= rhost=<*> user=<*>,,Unseen,Linux,Similarity-Based,0.533333333,0.782718211,0.658025772
authentication failure; logname= uid=0 euid=0 tty=NODEVssh ruser= rhost=207.243.167.114 user=root,E18,authentication failure; logname= uid=<*> euid=<*> tty=<*> ruser= rhost=<*> user=<*>,,Unseen,Linux,Similarity-Based,0.533333333,0.790023447,0.66167839
authentication failure; logname= uid=0 euid=0 tty=NODEVssh ruser= rhost=211.9.58.217 user=root,E18,authentication failure; logname= uid=<*> euid=<*> tty=<*> ruser= rhost=<*> user=<*>,,Unseen,Linux,Similarity-Based,0.533333333,0.782977729,0.658155531
authentication failure; logname= uid=0 euid=0 tty=NODEVssh ruser= rhost=150.183.249.110 user=root,E18,authentication failure; logname= uid=<*> euid=<*> tty=<*> ruser= rhost=<*> user=<*>,,Unseen,Linux,Similarity-Based,0.533333333,0.782718211,0.658025772
authentication failure; logname= uid=0 euid=0 tty=NODEVssh ruser= rhost=150.183.249.110 user=root,E18,authentication failure; logname= uid=<*> euid=<*> tty=<*> ruser= rhost=<*> user=<*>,,Unseen,Linux,Similarity-Based,0.533333333,0.782718211,0.658025772
authentication failure; logname= uid=0 euid=0 tty=NODEVssh ruser= rhost=68.143.156.89.nw.nuvox.net user=root,E18,authentication failure; logname= <*>; uid=<*>; euid=<*>; tty=<*>; ruser= <*>; rhost=<*>; user=<*>,,Unseen,Linux,Rule-Based,0.533333333,0,0.266666667
authentication failure; logname= uid=0 euid=0 tty=NODEVssh ruser= rhost=202.181.236.180 user=root,E18,authentication failure; logname= uid=<*> euid=<*> tty=<*> ruser= rhost=<*> user=<*>,,Unseen,Linux,Similarity-Based,0.533333333,0.788360701,0.660847017
authentication failure; logname= uid=0 euid=0 tty=NODEVssh ruser= rhost=150.183.249.110 user=root,E18,authentication failure; logname= uid=<*> euid=<*> tty=<*> ruser= rhost=<*> user=<*>,,Unseen,Linux,Similarity-Based,0.533333333,0.782718211,0.658025772
authentication failure; logname= uid=0 euid=0 tty=NODEVssh ruser= rhost=202-132-40-29.adsl.ttn.net user=root,E18,authentication failure; logname= <*>; uid=<*>; euid=<*>; tty=<*>; ruser= <*>; rhost=<*>; user=<*>,,Unseen,Linux,Rule-Based,0.4,0,0.2
authentication failure; logname= uid=0 euid=0 tty=NODEVssh ruser= rhost=150.183.249.110 user=root,E18,authentication failure; logname= uid=<*> euid=<*> tty=<*> ruser= rhost=<*> user=<*>,,Unseen,Linux,Similarity-Based,0.533333333,0.782718211,0.658025772
authentication failure; logname= uid=0 euid=0 tty=NODEVssh ruser= rhost=212.0.132.20 user=test,E19,authentication failure; logname= uid=<*> euid=<*> tty=<*> ruser= rhost=<*> user=<*>,,Unseen,Linux,Similarity-Based,0.533333333,0.789542098,0.661437716
authentication failure; logname= uid=0 euid=0 tty=NODEVssh ruser= rhost=212.0.132.20 user=test,E19,authentication failure; logname= uid=<*> euid=<*> tty=<*> ruser= rhost=<*> user=<*>,,Unseen,Linux,Similarity-Based,0.533333333,0.789542098,0.661437716
authentication failure; logname= uid=0 euid=0 tty=NODEVssh ruser= rhost=212.0.132.20 user=test,E19,authentication failure; logname= uid=<*> euid=<*> tty=<*> ruser= rhost=<*> user=<*>,,Unseen,Linux,Similarity-Based,0.533333333,0.789542098,0.661437716
authentication failure; logname= uid=0 euid=0 tty=NODEVssh ruser= rhost=212.0.132.20 user=test,E19,authentication failure; logname= uid=<*> euid=<*> tty=<*> ruser= rhost=<*> user=<*>,,Unseen,Linux,Similarity-Based,0.533333333,0.789542098,0.661437716
authentication failure; logname= uid=0 euid=0 tty=NODEVssh ruser= rhost=212.0.132.20 user=test,E19,authentication failure; logname= uid=<*> euid=<*> tty=<*> ruser= rhost=<*> user=<*>,,Unseen,Linux,Similarity-Based,0.533333333,0.789542098,0.661437716
authentication failure; logname= uid=0 euid=0 tty=NODEVssh ruser= rhost=212.0.132.20 user=test,E19,authentication failure; logname= uid=<*> euid=<*> tty=<*> ruser= rhost=<*> user=<*>,,Unseen,Linux,Similarity-Based,0.533333333,0.789542098,0.661437716
authentication failure; logname= uid=0 euid=0 tty=NODEVssh ruser= rhost=212.0.132.20 user=test,E19,authentication failure; logname= uid=<*> euid=<*> tty=<*> ruser= rhost=<*> user=<*>,,Unseen,Linux,Similarity-Based,0.533333333,0.789542098,0.661437716
authentication failure; logname= uid=0 euid=0 tty=NODEVssh ruser= rhost=212.0.132.20 user=test,E19,authentication failure; logname= uid=<*> euid=<*> tty=<*> ruser= rhost=<*> user=<*>,,Unseen,Linux,Similarity-Based,0.533333333,0.789542098,0.661437716
authentication failure; logname= uid=0 euid=0 tty=NODEVssh ruser= rhost=212.0.132.20 user=test,E19,authentication failure; logname= uid=<*> euid=<*> tty=<*> ruser= rhost=<*> user=<*>,,Unseen,Linux,Similarity-Based,0.533333333,0.789542098,0.661437716
authentication failure; logname= uid=0 euid=0 tty=NODEVssh ruser= rhost=212.0.132.20 user=test,E19,authentication failure; logname= uid=<*> euid=<*> tty=<*> ruser= rhost=<*> user=<*>,,Unseen,Linux,Similarity-Based,0.533333333,0.789542098,0.661437716
0MB HIGHMEM available.,E2,<*> HIGHMEM available.,,Seen,Linux,Similarity-Based,0.4,0.72268724,0.56134362
0MB HIGHMEM available.,E2,<*> HIGHMEM available.,,Seen,Linux,Similarity-Based,0.4,0.72268724,0.56134362
0MB HIGHMEM available.,E2,<*> HIGHMEM available.,,Seen,Linux,Similarity-Based,0.4,0.72268724,0.56134362
0MB HIGHMEM available.,E2,<*> HIGHMEM available.,,Seen,Linux,Similarity-Based,0.4,0.72268724,0.56134362
0MB HIGHMEM available.,E2,<*> HIGHMEM available.,,Seen,Linux,Similarity-Based,0.4,0.72268724,0.56134362
0MB HIGHMEM available.,E2,<*> HIGHMEM available.,,Seen,Linux,Similarity-Based,0.4,0.72268724,0.56134362
0MB HIGHMEM available.,E2,<*> HIGHMEM available.,,Seen,Linux,Similarity-Based,0.4,0.72268724,0.56134362
0MB HIGHMEM available.,E2,<*> HIGHMEM available.,,Seen,Linux,Similarity-Based,0.4,0.72268724,0.56134362
0MB HIGHMEM available.,E2,<*> HIGHMEM available.,,Seen,Linux,Similarity-Based,0.4,0.72268724,0.56134362
0MB HIGHMEM available.,E2,<*> HIGHMEM available.,,Seen,Linux,Similarity-Based,0.4,0.72268724,0.56134362
BIOS-e820: 00000000ffb00000 - 0000000100000000 (reserved),E20,BIOS-e820: <*> - <*> (reserved),,Seen,Linux,Similarity-Based,0.433333333,0.866116214,0.649724774
BIOS-e820: 00000000000f0000 - 0000000000100000 (reserved),E20,BIOS-e820: <*> - <*> (reserved),,Seen,Linux,Similarity-Based,0.433333333,0.87224584,0.652789587
BIOS-e820: 00000000ffb00000 - 0000000100000000 (reserved),E20,BIOS-e820: <*> - <*> (reserved),,Seen,Linux,Similarity-Based,0.433333333,0.866116214,0.649724774
BIOS-e820: 00000000ffb00000 - 0000000100000000 (reserved),E20,BIOS-e820: <*> - <*> (reserved),,Seen,Linux,Similarity-Based,0.433333333,0.866116214,0.649724774
BIOS-e820: 00000000000f0000 - 0000000000100000 (reserved),E20,BIOS-e820: <*> - <*> (reserved),,Seen,Linux,Similarity-Based,0.433333333,0.87224584,0.652789587
BIOS-e820: 00000000000f0000 - 0000000000100000 (reserved),E20,BIOS-e820: <*> - <*> (reserved),,Seen,Linux,Similarity-Based,0.433333333,0.87224584,0.652789587
BIOS-e820: 00000000ffb00000 - 0000000100000000 (reserved),E20,BIOS-e820: <*> - <*> (reserved),,Seen,Linux,Similarity-Based,0.433333333,0.866116214,0.649724774
BIOS-e820: 0000000007eae000 - 0000000008000000 (reserved),E20,BIOS-e820: <*> - <*> (reserved),,Seen,Linux,Similarity-Based,0.433333333,0.860055338,0.646694336
BIOS-e820: 00000000ffb00000 - 0000000100000000 (reserved),E20,BIOS-e820: <*> - <*> (reserved),,Seen,Linux,Similarity-Based,0.433333333,0.866116214,0.649724774
BIOS-e820: 00000000ffb00000 - 0000000100000000 (reserved),E20,BIOS-e820: <*> - <*> (reserved),,Seen,Linux,Similarity-Based,0.433333333,0.866116214,0.649724774
BIOS-e820: 0000000000000000 - 00000000000a0000 (usable),E21,BIOS-e820: <*> - <*> (usable),,Unseen,Linux,Similarity-Based,0.433333333,0.777895313,0.605614323
BIOS-e820: 0000000000100000 - 0000000007eae000 (usable),E21,BIOS-e820: <*> - <*> (usable),,Unseen,Linux,Similarity-Based,0.433333333,0.802407422,0.617870377
BIOS-e820: 0000000000000000 - 00000000000a0000 (usable),E21,BIOS-e820: <*> - <*> (usable),,Unseen,Linux,Similarity-Based,0.433333333,0.777895313,0.605614323
BIOS-e820: 0000000000000000 - 00000000000a0000 (usable),E21,BIOS-e820: <*> - <*> (usable),,Unseen,Linux,Similarity-Based,0.433333333,0.777895313,0.605614323
BIOS-e820: 0000000000000000 - 00000000000a0000 (usable),E21,BIOS-e820: <*> - <*> (usable),,Unseen,Linux,Similarity-Based,0.433333333,0.777895313,0.605614323
BIOS-e820: 0000000000100000 - 0000000007eae000 (usable),E21,BIOS-e820: <*> - <*> (usable),,Unseen,Linux,Similarity-Based,0.433333333,0.802407422,0.617870377
BIOS-e820: 0000000000000000 - 00000000000a0000 (usable),E21,BIOS-e820: <*> - <*> (usable),,Unseen,Linux,Similarity-Based,0.433333333,0.777895313,0.605614323
BIOS-e820: 0000000000000000 - 00000000000a0000 (usable),E21,BIOS-e820: <*> - <*> (usable),,Unseen,Linux,Similarity-Based,0.433333333,0.777895313,0.605614323
BIOS-e820: 0000000000000000 - 00000000000a0000 (usable),E21,BIOS-e820: <*> - <*> (usable),,Unseen,Linux,Similarity-Based,0.433333333,0.777895313,0.605614323
BIOS-e820: 0000000000100000 - 0000000007eae000 (usable),E21,BIOS-e820: <*> - <*> (usable),,Unseen,Linux,Similarity-Based,0.433333333,0.802407422,0.617870377
BIOS-provided physical RAM map:,E22,BIOS-provided physical RAM map:,,Unseen,Linux,Rule-Based,0.3,0,0.15
BIOS-provided physical RAM map:,E22,BIOS-provided physical RAM map:,,Unseen,Linux,Rule-Based,0.3,0,0.15
BIOS-provided physical RAM map:,E22,BIOS-provided physical RAM map:,,Unseen,Linux,Rule-Based,0.3,0,0.15
BIOS-provided physical RAM map:,E22,BIOS-provided physical RAM map:,,Unseen,Linux,Rule-Based,0.3,0,0.15
BIOS-provided physical RAM map:,E22,BIOS-provided physical RAM map:,,Unseen,Linux,Rule-Based,0.3,0,0.15
BIOS-provided physical RAM map:,E22,BIOS-provided physical RAM map:,,Unseen,Linux,Rule-Based,0.3,0,0.15
BIOS-provided physical RAM map:,E22,BIOS-provided physical RAM map:,,Unseen,Linux,Rule-Based,0.3,0,0.15
BIOS-provided physical RAM map:,E22,BIOS-provided physical RAM map:,,Unseen,Linux,Rule-Based,0.3,0,0.15
BIOS-provided physical RAM map:,E22,BIOS-provided physical RAM map:,,Unseen,Linux,Rule-Based,0.3,0,0.15
BIOS-provided physical RAM map:,E22,BIOS-provided physical RAM map:,,Unseen,Linux,Rule-Based,0.3,0,0.15
Bringing up loopback interface: succeeded,E23,Bringing up loopback interface: succeeded,,Unseen,Linux,Rule-Based,0.3,0,0.15
Bringing up loopback interface: succeeded,E23,Bringing up loopback interface: succeeded,,Unseen,Linux,Rule-Based,0.3,0,0.15
Bringing up loopback interface: succeeded,E23,Bringing up loopback interface: succeeded,,Unseen,Linux,Rule-Based,0.3,0,0.15
Bringing up loopback interface: succeeded,E23,Bringing up loopback interface: succeeded,,Unseen,Linux,Rule-Based,0.3,0,0.15
Bringing up loopback interface: succeeded,E23,Bringing up loopback interface: succeeded,,Unseen,Linux,Rule-Based,0.3,0,0.15
Bringing up loopback interface: succeeded,E23,Bringing up loopback interface: succeeded,,Unseen,Linux,Rule-Based,0.3,0,0.15
Bringing up loopback interface: succeeded,E23,Bringing up loopback interface: succeeded,,Unseen,Linux,Rule-Based,0.3,0,0.15
Bringing up loopback interface: succeeded,E23,Bringing up loopback interface: succeeded,,Unseen,Linux,Rule-Based,0.3,0,0.15
Bringing up loopback interface: succeeded,E23,Bringing up loopback interface: succeeded,,Unseen,Linux,Rule-Based,0.3,0,0.15
Bringing up loopback interface: succeeded,E23,Bringing up loopback interface: succeeded,,Unseen,Linux,Rule-Based,0.3,0,0.15
Built 1 zonelists,E24,Built <1> zonelists,,Seen,Linux,Similarity-Based,0.4,0.704001632,0.552000816
Built 1 zonelists,E24,Built <1> zonelists,,Seen,Linux,Similarity-Based,0.4,0.704001632,0.552000816
Built 1 zonelists,E24,Built <1> zonelists,,Seen,Linux,Similarity-Based,0.4,0.704001632,0.552000816
Built 1 zonelists,E24,Built <1> zonelists,,Seen,Linux,Similarity-Based,0.4,0.704001632,0.552000816
Built 1 zonelists,E24,Built <1> zonelists,,Seen,Linux,Similarity-Based,0.4,0.704001632,0.552000816
Built 1 zonelists,E24,Built <1> zonelists,,Seen,Linux,Similarity-Based,0.4,0.704001632,0.552000816
Built 1 zonelists,E24,Built <1> zonelists,,Seen,Linux,Similarity-Based,0.4,0.704001632,0.552000816
Built 1 zonelists,E24,Built <1> zonelists,,Seen,Linux,Similarity-Based,0.4,0.704001632,0.552000816
Built 1 zonelists,E24,Built <1> zonelists,,Seen,Linux,Similarity-Based,0.4,0.704001632,0.552000816
Built 1 zonelists,E24,Built <1> zonelists,,Seen,Linux,Similarity-Based,0.4,0.704001632,0.552000816
Calibrating delay loop... 1445.88 BogoMIPS,E25,Calibrating delay loop... <*> BogoMIPS,,Seen,Linux,Similarity-Based,0.3,0.845784902,0.572892451
Calibrating delay loop... 1445.88 BogoMIPS,E25,Calibrating delay loop... <*> BogoMIPS,,Seen,Linux,Similarity-Based,0.3,0.845784902,0.572892451
Calibrating delay loop... 1445.88 BogoMIPS,E25,Calibrating delay loop... <*> BogoMIPS,,Seen,Linux,Similarity-Based,0.3,0.845784902,0.572892451
Calibrating delay loop... 1445.88 BogoMIPS,E25,Calibrating delay loop... <*> BogoMIPS,,Seen,Linux,Similarity-Based,0.3,0.845784902,0.572892451
Calibrating delay loop... 1445.88 BogoMIPS,E25,Calibrating delay loop... <*> BogoMIPS,,Seen,Linux,Similarity-Based,0.3,0.845784902,0.572892451
Calibrating delay loop... 1445.88 BogoMIPS,E25,Calibrating delay loop... <*> BogoMIPS,,Seen,Linux,Similarity-Based,0.3,0.845784902,0.572892451
Calibrating delay loop... 1445.88 BogoMIPS,E25,Calibrating delay loop... <*> BogoMIPS,,Seen,Linux,Similarity-Based,0.3,0.845784902,0.572892451
Calibrating delay loop... 1445.88 BogoMIPS,E25,Calibrating delay loop... <*> BogoMIPS,,Seen,Linux,Similarity-Based,0.3,0.845784902,0.572892451
Calibrating delay loop... 1445.88 BogoMIPS,E25,Calibrating delay loop... <*> BogoMIPS,,Seen,Linux,Similarity-Based,0.3,0.845784902,0.572892451
Calibrating delay loop... 1445.88 BogoMIPS,E25,Calibrating delay loop... <*> BogoMIPS,,Seen,Linux,Similarity-Based,0.3,0.845784902,0.572892451
Capability LSM initialized,E26,Capability LSM initialized,,Unseen,Linux,Rule-Based,0.3,0,0.15
Capability LSM initialized,E26,Capability LSM initialized,,Unseen,Linux,Rule-Based,0.3,0,0.15
Capability LSM initialized,E26,Capability LSM initialized,,Unseen,Linux,Rule-Based,0.3,0,0.15
Capability LSM initialized,E26,Capability LSM initialized,,Unseen,Linux,Rule-Based,0.3,0,0.15
Capability LSM initialized,E26,Capability LSM initialized,,Unseen,Linux,Rule-Based,0.3,0,0.15
Capability LSM initialized,E26,Capability LSM initialized,,Unseen,Linux,Rule-Based,0.3,0,0.15
Capability LSM initialized,E26,Capability LSM initialized,,Unseen,Linux,Rule-Based,0.3,0,0.15
Capability LSM initialized,E26,Capability LSM initialized,,Unseen,Linux,Rule-Based,0.3,0,0.15
Capability LSM initialized,E26,Capability LSM initialized,,Unseen,Linux,Rule-Based,0.3,0,0.15
Capability LSM initialized,E26,Capability LSM initialized,,Unseen,Linux,Rule-Based,0.3,0,0.15
check pass; user unknown,E27,check pass; user unknown,,Unseen,Linux,Rule-Based,0.3,0,0.15
check pass; user unknown,E27,check pass; user unknown,,Unseen,Linux,Rule-Based,0.3,0,0.15
check pass; user unknown,E27,check pass; user unknown,,Unseen,Linux,Rule-Based,0.3,0,0.15
check pass; user unknown,E27,check pass; user unknown,,Unseen,Linux,Rule-Based,0.3,0,0.15
check pass; user unknown,E27,check pass; user unknown,,Unseen,Linux,Rule-Based,0.3,0,0.15
check pass; user unknown,E27,check pass; user unknown,,Unseen,Linux,Rule-Based,0.3,0,0.15
check pass; user unknown,E27,check pass; user unknown,,Unseen,Linux,Rule-Based,0.3,0,0.15
check pass; user unknown,E27,check pass; user unknown,,Unseen,Linux,Rule-Based,0.3,0,0.15
check pass; user unknown,E27,check pass; user unknown,,Unseen,Linux,Rule-Based,0.3,0,0.15
check pass; user unknown,E27,check pass; user unknown,,Unseen,Linux,Rule-Based,0.3,0,0.15
Checking 'hlt' instruction... OK.,E28,Checking '<*>' instruction... OK.,,Unseen,Linux,Rule-Based,0.3,0,0.15
Checking 'hlt' instruction... OK.,E28,Checking '<*>' instruction... OK.,,Unseen,Linux,Rule-Based,0.3,0,0.15
Checking 'hlt' instruction... OK.,E28,Checking '<*>' instruction... OK.,,Unseen,Linux,Rule-Based,0.3,0,0.15
Checking 'hlt' instruction... OK.,E28,Checking '<*>' instruction... OK.,,Unseen,Linux,Rule-Based,0.3,0,0.15
Checking 'hlt' instruction... OK.,E28,Checking '<*>' instruction... OK.,,Unseen,Linux,Rule-Based,0.3,0,0.15
Checking 'hlt' instruction... OK.,E28,Checking '<*>' instruction... OK.,,Unseen,Linux,Rule-Based,0.3,0,0.15
Checking 'hlt' instruction... OK.,E28,Checking '<*>' instruction... OK.,,Unseen,Linux,Rule-Based,0.3,0,0.15
Checking 'hlt' instruction... OK.,E28,Checking '<*>' instruction... OK.,,Unseen,Linux,Rule-Based,0.3,0,0.15
Checking 'hlt' instruction... OK.,E28,Checking '<*>' instruction... OK.,,Unseen,Linux,Rule-Based,0.3,0,0.15
Checking 'hlt' instruction... OK.,E28,Checking '<*>' instruction... OK.,,Unseen,Linux,Rule-Based,0.3,0,0.15
connection from 217.187.83.50 () at Mon Jul 25 23:24:09 2005,E29,connection from <*> () at <*>:<*>:<*>,,Seen,Linux,Rule-Based,0.55,0,0.275
connection from 217.187.83.139 () at Sun Jul 10 03:55:15 2005,E29,connection from <*> () at <*>:<*>:<*>,,Seen,Linux,Rule-Based,0.55,0,0.275
connection from 211.57.88.250 () at Sat Jul 9 11:35:59 2005,E29,connection from <*> () at <*>:<*>:<*>,,Seen,Linux,Rule-Based,0.55,0,0.275
connection from 216.12.111.241 () at Thu Jul 21 09:04:41 2005,E29,connection from <*> () at <*>:<*>:<*> <*>,,Seen,Linux,Rule-Based,0.55,0,0.275
connection from 67.95.49.172 () at Fri Jul 22 19:29:09 2005,E29,connection from <*> () at <*>:<*>:<*>,,Seen,Linux,Rule-Based,0.55,0,0.275
connection from 211.107.232.1 () at Sun Jul 24 13:46:34 2005,E29,connection from <*> () at <*>:<*>:<*>,,Seen,Linux,Rule-Based,0.55,0,0.275
connection from 212.65.68.82 () at Sat Jul 16 08:14:07 2005,E29,connection from <*> () at <*>:<*>:<*>,,Seen,Linux,Rule-Based,0.55,0,0.275
connection from 211.72.2.106 () at Tue Jul 5 13:52:21 2005,E29,connection from <*> () at <*>:<*>:<*>,,Seen,Linux,Rule-Based,0.55,0,0.275
connection from 172.181.208.156 () at Tue Jul 26 05:47:51 2005,E29,connection from <*> () at <*>:<*>:<*> <*>,,Seen,Linux,Rule-Based,0.55,0,0.275
connection from 216.12.111.241 () at Thu Jul 21 09:04:41 2005,E29,connection from <*> () at <*>:<*>:<*> <*>,,Seen,Linux,Rule-Based,0.55,0,0.275
126MB LOWMEM available.,E3,<126MB> LOWMEM available.,,Seen,Linux,Similarity-Based,0.4,0.710310723,0.555155362
126MB LOWMEM available.,E3,<126MB> LOWMEM available.,,Seen,Linux,Similarity-Based,0.4,0.710310723,0.555155362
126MB LOWMEM available.,E3,<126MB> LOWMEM available.,,Seen,Linux,Similarity-Based,0.4,0.710310723,0.555155362
126MB LOWMEM available.,E3,<126MB> LOWMEM available.,,Seen,Linux,Similarity-Based,0.4,0.710310723,0.555155362
126MB LOWMEM available.,E3,<126MB> LOWMEM available.,,Seen,Linux,Similarity-Based,0.4,0.710310723,0.555155362
126MB LOWMEM available.,E3,<126MB> LOWMEM available.,,Seen,Linux,Similarity-Based,0.4,0.710310723,0.555155362
126MB LOWMEM available.,E3,<126MB> LOWMEM available.,,Seen,Linux,Similarity-Based,0.4,0.710310723,0.555155362
126MB LOWMEM available.,E3,<126MB> LOWMEM available.,,Seen,Linux,Similarity-Based,0.4,0.710310723,0.555155362
126MB LOWMEM available.,E3,<126MB> LOWMEM available.,,Seen,Linux,Similarity-Based,0.4,0.710310723,0.555155362
126MB LOWMEM available.,E3,<126MB> LOWMEM available.,,Seen,Linux,Similarity-Based,0.4,0.710310723,0.555155362
Console: colour VGA+ 80x25,E30,Console: colour VGA+ <*x>,,Seen,Linux,Similarity-Based,0.4,0.772836853,0.586418426
Console: colour VGA+ 80x25,E30,Console: colour VGA+ <*x>,,Seen,Linux,Similarity-Based,0.4,0.772836853,0.586418426
Console: colour VGA+ 80x25,E30,Console: colour VGA+ <*x>,,Seen,Linux,Similarity-Based,0.4,0.772836853,0.586418426
Console: colour VGA+ 80x25,E30,Console: colour VGA+ <*x>,,Seen,Linux,Similarity-Based,0.4,0.772836853,0.586418426
Console: colour VGA+ 80x25,E30,Console: colour VGA+ <*x>,,Seen,Linux,Similarity-Based,0.4,0.772836853,0.586418426
Console: colour VGA+ 80x25,E30,Console: colour VGA+ <*x>,,Seen,Linux,Similarity-Based,0.4,0.772836853,0.586418426
Console: colour VGA+ 80x25,E30,Console: colour VGA+ <*x>,,Seen,Linux,Similarity-Based,0.4,0.772836853,0.586418426
Console: colour VGA+ 80x25,E30,Console: colour VGA+ <*x>,,Seen,Linux,Similarity-Based,0.4,0.772836853,0.586418426
Console: colour VGA+ 80x25,E30,Console: colour VGA+ <*x>,,Seen,Linux,Similarity-Based,0.4,0.772836853,0.586418426
Console: colour VGA+ 80x25,E30,Console: colour VGA+ <*x>,,Seen,Linux,Similarity-Based,0.4,0.772836853,0.586418426
Couldn't authenticate user,E31,Couldn't authenticate user,,Unseen,Linux,Rule-Based,0.3,0,0.15
Couldn't authenticate user,E31,Couldn't authenticate user,,Unseen,Linux,Rule-Based,0.3,0,0.15
Couldn't authenticate user,E31,Couldn't authenticate user,,Unseen,Linux,Rule-Based,0.3,0,0.15
Couldn't authenticate user,E31,Couldn't authenticate user,,Unseen,Linux,Rule-Based,0.3,0,0.15
Couldn't authenticate user,E31,Couldn't authenticate user,,Unseen,Linux,Rule-Based,0.3,0,0.15
Couldn't authenticate user,E31,Couldn't authenticate user,,Unseen,Linux,Rule-Based,0.3,0,0.15
Couldn't authenticate user,E31,Couldn't authenticate user,,Unseen,Linux,Rule-Based,0.3,0,0.15
Couldn't authenticate user,E31,Couldn't authenticate user,,Unseen,Linux,Rule-Based,0.3,0,0.15
Couldn't authenticate user,E31,Couldn't authenticate user,,Unseen,Linux,Rule-Based,0.3,0,0.15
Couldn't authenticate user,E31,Couldn't authenticate user,,Unseen,Linux,Rule-Based,0.3,0,0.15
"CPU 0 irqstacks, hard=02345000 soft=02344000",E32,"CPU <*>, hard=<*>, soft=<*>",,Seen,Linux,Similarity-Based,0.4,0.848341899,0.62417095
"CPU 0 irqstacks, hard=02345000 soft=02344000",E32,"CPU <*>, hard=<*>, soft=<*>",,Seen,Linux,Similarity-Based,0.4,0.848341899,0.62417095
"CPU 0 irqstacks, hard=02345000 soft=02344000",E32,"CPU <*>, hard=<*>, soft=<*>",,Seen,Linux,Similarity-Based,0.4,0.848341899,0.62417095
"CPU 0 irqstacks, hard=02345000 soft=02344000",E32,"CPU <*>, hard=<*>, soft=<*>",,Seen,Linux,Similarity-Based,0.4,0.848341899,0.62417095
"CPU 0 irqstacks, hard=02345000 soft=02344000",E32,"CPU <*>, hard=<*>, soft=<*>",,Seen,Linux,Similarity-Based,0.4,0.848341899,0.62417095
"CPU 0 irqstacks, hard=02345000 soft=02344000",E32,"CPU <*>, hard=<*>, soft=<*>",,Seen,Linux,Similarity-Based,0.4,0.848341899,0.62417095
"CPU 0 irqstacks, hard=02345000 soft=02344000",E32,"CPU <*>, hard=<*>, soft=<*>",,Seen,Linux,Similarity-Based,0.4,0.848341899,0.62417095
"CPU 0 irqstacks, hard=02345000 soft=02344000",E32,"CPU <*>, hard=<*>, soft=<*>",,Seen,Linux,Similarity-Based,0.4,0.848341899,0.62417095
"CPU 0 irqstacks, hard=02345000 soft=02344000",E32,"CPU <*>, hard=<*>, soft=<*>",,Seen,Linux,Similarity-Based,0.4,0.848341899,0.62417095
"CPU 0 irqstacks, hard=02345000 soft=02344000",E32,"CPU <*>, hard=<*>, soft=<*>",,Seen,Linux,Similarity-Based,0.4,0.848341899,0.62417095
CPU: Intel Pentium III (Coppermine) stepping 06,E33,CPU: Intel Pentium III (Coppermine) stepping <*>,,Seen,Linux,Similarity-Based,0.4,0.780414941,0.590207471
CPU: Intel Pentium III (Coppermine) stepping 06,E33,CPU: Intel Pentium III (Coppermine) stepping <*>,,Seen,Linux,Similarity-Based,0.4,0.780414941,0.590207471
CPU: Intel Pentium III (Coppermine) stepping 06,E33,CPU: Intel Pentium III (Coppermine) stepping <*>,,Seen,Linux,Similarity-Based,0.4,0.780414941,0.590207471
CPU: Intel Pentium III (Coppermine) stepping 06,E33,CPU: Intel Pentium III (Coppermine) stepping <*>,,Seen,Linux,Similarity-Based,0.4,0.780414941,0.590207471
CPU: Intel Pentium III (Coppermine) stepping 06,E33,CPU: Intel Pentium III (Coppermine) stepping <*>,,Seen,Linux,Similarity-Based,0.4,0.780414941,0.590207471
CPU: Intel Pentium III (Coppermine) stepping 06,E33,CPU: Intel Pentium III (Coppermine) stepping <*>,,Seen,Linux,Similarity-Based,0.4,0.780414941,0.590207471
CPU: Intel Pentium III (Coppermine) stepping 06,E33,CPU: Intel Pentium III (Coppermine) stepping <*>,,Seen,Linux,Similarity-Based,0.4,0.780414941,0.590207471
CPU: Intel Pentium III (Coppermine) stepping 06,E33,CPU: Intel Pentium III (Coppermine) stepping <*>,,Seen,Linux,Similarity-Based,0.4,0.780414941,0.590207471
CPU: Intel Pentium III (Coppermine) stepping 06,E33,CPU: Intel Pentium III (Coppermine) stepping <*>,,Seen,Linux,Similarity-Based,0.4,0.780414941,0.590207471
CPU: Intel Pentium III (Coppermine) stepping 06,E33,CPU: Intel Pentium III (Coppermine) stepping <*>,,Seen,Linux,Similarity-Based,0.4,0.780414941,0.590207471
"CPU: L1 I cache: 16K, L1 D cache: 16K",E34,"CPU: L1 I cache: <*>, L1 D cache: <*>",,Seen,Linux,Similarity-Based,0.4,0.748279378,0.574139689
"CPU: L1 I cache: 16K, L1 D cache: 16K",E34,"CPU: L1 I cache: <*>, L1 D cache: <*>",,Seen,Linux,Similarity-Based,0.4,0.748279378,0.574139689
"CPU: L1 I cache: 16K, L1 D cache: 16K",E34,"CPU: L1 I cache: <*>, L1 D cache: <*>",,Seen,Linux,Similarity-Based,0.4,0.748279378,0.574139689
"CPU: L1 I cache: 16K, L1 D cache: 16K",E34,"CPU: L1 I cache: <*>, L1 D cache: <*>",,Seen,Linux,Similarity-Based,0.4,0.748279378,0.574139689
"CPU: L1 I cache: 16K, L1 D cache: 16K",E34,"CPU: L1 I cache: <*>, L1 D cache: <*>",,Seen,Linux,Similarity-Based,0.4,0.748279378,0.574139689
"CPU: L1 I cache: 16K, L1 D cache: 16K",E34,"CPU: L1 I cache: <*>, L1 D cache: <*>",,Seen,Linux,Similarity-Based,0.4,0.748279378,0.574139689
"CPU: L1 I cache: 16K, L1 D cache: 16K",E34,"CPU: L1 I cache: <*>, L1 D cache: <*>",,Seen,Linux,Similarity-Based,0.4,0.748279378,0.574139689
"CPU: L1 I cache: 16K, L1 D cache: 16K",E34,"CPU: L1 I cache: <*>, L1 D cache: <*>",,Seen,Linux,Similarity-Based,0.4,0.748279378,0.574139689
"CPU: L1 I cache: 16K, L1 D cache: 16K",E34,"CPU: L1 I cache: <*>, L1 D cache: <*>",,Seen,Linux,Similarity-Based,0.4,0.748279378,0.574139689
"CPU: L1 I cache: 16K, L1 D cache: 16K",E34,"CPU: L1 I cache: <*>, L1 D cache: <*>",,Seen,Linux,Similarity-Based,0.4,0.748279378,0.574139689
CPU: L2 cache: 256K,E35,CPU: L2 cache: <*>,,Seen,Linux,Similarity-Based,0.4,0.730923098,0.565461549
CPU: L2 cache: 256K,E35,CPU: L2 cache: <*>,,Seen,Linux,Similarity-Based,0.4,0.730923098,0.565461549
CPU: L2 cache: 256K,E35,CPU: L2 cache: <*>,,Seen,Linux,Similarity-Based,0.4,0.730923098,0.565461549
CPU: L2 cache: 256K,E35,CPU: L2 cache: <*>,,Seen,Linux,Similarity-Based,0.4,0.730923098,0.565461549
CPU: L2 cache: 256K,E35,CPU: L2 cache: <*>,,Seen,Linux,Similarity-Based,0.4,0.730923098,0.565461549
CPU: L2 cache: 256K,E35,CPU: L2 cache: <*>,,Seen,Linux,Similarity-Based,0.4,0.730923098,0.565461549
CPU: L2 cache: 256K,E35,CPU: L2 cache: <*>,,Seen,Linux,Similarity-Based,0.4,0.730923098,0.565461549
CPU: L2 cache: 256K,E35,CPU: L2 cache: <*>,,Seen,Linux,Similarity-Based,0.4,0.730923098,0.565461549
CPU: L2 cache: 256K,E35,CPU: L2 cache: <*>,,Seen,Linux,Similarity-Based,0.4,0.730923098,0.565461549
CPU: L2 cache: 256K,E35,CPU: L2 cache: <*>,,Seen,Linux,Similarity-Based,0.4,0.730923098,0.565461549
creating device node '/udev/vcs2',E36,creating device node '<*>',,Seen,Linux,Rule-Based,0.5,0,0.25
creating device node '/udev/vcsa2',E36,creating device node '<*>',,Seen,Linux,Rule-Based,0.5,0,0.25
creating device node '/udev/vcs2',E36,creating device node '<*>',,Seen,Linux,Rule-Based,0.5,0,0.25
creating device node '/udev/vcs2',E36,creating device node '<*>',,Seen,Linux,Rule-Based,0.5,0,0.25
creating device node '/udev/vcs2',E36,creating device node '<*>',,Seen,Linux,Rule-Based,0.5,0,0.25
creating device node '/udev/vcsa2',E36,creating device node '<*>',,Seen,Linux,Rule-Based,0.5,0,0.25
creating device node '/udev/vcs2',E36,creating device node '<*>',,Seen,Linux,Rule-Based,0.5,0,0.25
creating device node '/udev/vcs2',E36,creating device node '<*>',,Seen,Linux,Rule-Based,0.5,0,0.25
creating device node '/udev/vcs2',E36,creating device node '<*>',,Seen,Linux,Rule-Based,0.5,0,0.25
creating device node '/udev/vcsa2',E36,creating device node '<*>',,Seen,Linux,Rule-Based,0.5,0,0.25
cupsd shutdown succeeded,E37,cupsd shutdown succeeded,,Unseen,Linux,Rule-Based,0.3,0,0.15
cupsd shutdown succeeded,E37,cupsd shutdown succeeded,,Unseen,Linux,Rule-Based,0.3,0,0.15
cupsd shutdown succeeded,E37,cupsd shutdown succeeded,,Unseen,Linux,Rule-Based,0.3,0,0.15
cupsd shutdown succeeded,E37,cupsd shutdown succeeded,,Unseen,Linux,Rule-Based,0.3,0,0.15
cupsd shutdown succeeded,E37,cupsd shutdown succeeded,,Unseen,Linux,Rule-Based,0.3,0,0.15
cupsd shutdown succeeded,E37,cupsd shutdown succeeded,,Unseen,Linux,Rule-Based,0.3,0,0.15
cupsd shutdown succeeded,E37,cupsd shutdown succeeded,,Unseen,Linux,Rule-Based,0.3,0,0.15
cupsd shutdown succeeded,E37,cupsd shutdown succeeded,,Unseen,Linux,Rule-Based,0.3,0,0.15
cupsd shutdown succeeded,E37,cupsd shutdown succeeded,,Unseen,Linux,Rule-Based,0.3,0,0.15
cupsd shutdown succeeded,E37,cupsd shutdown succeeded,,Unseen,Linux,Rule-Based,0.3,0,0.15
cupsd startup succeeded,E38,cupsd startup succeeded,,Unseen,Linux,Rule-Based,0.3,0,0.15
cupsd startup succeeded,E38,cupsd startup succeeded,,Unseen,Linux,Rule-Based,0.3,0,0.15
cupsd startup succeeded,E38,cupsd startup succeeded,,Unseen,Linux,Rule-Based,0.3,0,0.15
cupsd startup succeeded,E38,cupsd startup succeeded,,Unseen,Linux,Rule-Based,0.3,0,0.15
cupsd startup succeeded,E38,cupsd startup succeeded,,Unseen,Linux,Rule-Based,0.3,0,0.15
cupsd startup succeeded,E38,cupsd startup succeeded,,Unseen,Linux,Rule-Based,0.3,0,0.15
cupsd startup succeeded,E38,cupsd startup succeeded,,Unseen,Linux,Rule-Based,0.3,0,0.15
cupsd startup succeeded,E38,cupsd startup succeeded,,Unseen,Linux,Rule-Based,0.3,0,0.15
cupsd startup succeeded,E38,cupsd startup succeeded,,Unseen,Linux,Rule-Based,0.3,0,0.15
cupsd startup succeeded,E38,cupsd startup succeeded,,Unseen,Linux,Rule-Based,0.3,0,0.15
"Dentry cache hash table entries: 16384 (order: 4, 65536 bytes)",E39,"Dentry cache hash table entries: <*> (order: <*>, <*> bytes)",,Unseen,Linux,Similarity-Based,0.4,0.720951124,0.560475562
"Dentry cache hash table entries: 16384 (order: 4, 65536 bytes)",E39,"Dentry cache hash table entries: <*> (order: <*>, <*> bytes)",,Unseen,Linux,Similarity-Based,0.4,0.720951124,0.560475562
"Dentry cache hash table entries: 16384 (order: 4, 65536 bytes)",E39,"Dentry cache hash table entries: <*> (order: <*>, <*> bytes)",,Unseen,Linux,Similarity-Based,0.4,0.720951124,0.560475562
"Dentry cache hash table entries: 16384 (order: 4, 65536 bytes)",E39,"Dentry cache hash table entries: <*> (order: <*>, <*> bytes)",,Unseen,Linux,Similarity-Based,0.4,0.720951124,0.560475562
"Dentry cache hash table entries: 16384 (order: 4, 65536 bytes)",E39,"Dentry cache hash table entries: <*> (order: <*>, <*> bytes)",,Unseen,Linux,Similarity-Based,0.4,0.720951124,0.560475562
"Dentry cache hash table entries: 16384 (order: 4, 65536 bytes)",E39,"Dentry cache hash table entries: <*> (order: <*>, <*> bytes)",,Unseen,Linux,Similarity-Based,0.4,0.720951124,0.560475562
"Dentry cache hash table entries: 16384 (order: 4, 65536 bytes)",E39,"Dentry cache hash table entries: <*> (order: <*>, <*> bytes)",,Unseen,Linux,Similarity-Based,0.4,0.720951124,0.560475562
"Dentry cache hash table entries: 16384 (order: 4, 65536 bytes)",E39,"Dentry cache hash table entries: <*> (order: <*>, <*> bytes)",,Unseen,Linux,Similarity-Based,0.4,0.720951124,0.560475562
"Dentry cache hash table entries: 16384 (order: 4, 65536 bytes)",E39,"Dentry cache hash table entries: <*> (order: <*>, <*> bytes)",,Unseen,Linux,Similarity-Based,0.4,0.720951124,0.560475562
"Dentry cache hash table entries: 16384 (order: 4, 65536 bytes)",E39,"Dentry cache hash table entries: <*> (order: <*>, <*> bytes)",,Unseen,Linux,Similarity-Based,0.4,0.720951124,0.560475562
ACPI disabled because your bios is from 2000 and too old,E4,ACPI disabled because your bios is from <*> and too old,,Seen,Linux,Similarity-Based,0.4,0.816737091,0.608368545
ACPI disabled because your bios is from 2000 and too old,E4,ACPI disabled because your bios is from <*> and too old,,Seen,Linux,Similarity-Based,0.4,0.816737091,0.608368545
ACPI disabled because your bios is from 2000 and too old,E4,ACPI disabled because your bios is from <*> and too old,,Seen,Linux,Similarity-Based,0.4,0.816737091,0.608368545
ACPI disabled because your bios is from 2000 and too old,E4,ACPI disabled because your bios is from <*> and too old,,Seen,Linux,Similarity-Based,0.4,0.816737091,0.608368545
ACPI disabled because your bios is from 2000 and too old,E4,ACPI disabled because your bios is from <*> and too old,,Seen,Linux,Similarity-Based,0.4,0.816737091,0.608368545
ACPI disabled because your bios is from 2000 and too old,E4,ACPI disabled because your bios is from <*> and too old,,Seen,Linux,Similarity-Based,0.4,0.816737091,0.608368545
ACPI disabled because your bios is from 2000 and too old,E4,ACPI disabled because your bios is from <*> and too old,,Seen,Linux,Similarity-Based,0.4,0.816737091,0.608368545
ACPI disabled because your bios is from 2000 and too old,E4,ACPI disabled because your bios is from <*> and too old,,Seen,Linux,Similarity-Based,0.4,0.816737091,0.608368545
ACPI disabled because your bios is from 2000 and too old,E4,ACPI disabled because your bios is from <*> and too old,,Seen,Linux,Similarity-Based,0.4,0.816737091,0.608368545
ACPI disabled because your bios is from 2000 and too old,E4,ACPI disabled because your bios is from <*> and too old,,Seen,Linux,Similarity-Based,0.4,0.816737091,0.608368545
Detected 731.219 MHz processor.,E40,Detected <*> MHz processor.,,Seen,Linux,Similarity-Based,0.3,0.767579958,0.533789979
Detected 731.219 MHz processor.,E40,Detected <*> MHz processor.,,Seen,Linux,Similarity-Based,0.3,0.767579958,0.533789979
Detected 731.219 MHz processor.,E40,Detected <*> MHz processor.,,Seen,Linux,Similarity-Based,0.3,0.767579958,0.533789979
Detected 731.219 MHz processor.,E40,Detected <*> MHz processor.,,Seen,Linux,Similarity-Based,0.3,0.767579958,0.533789979
Detected 731.219 MHz processor.,E40,Detected <*> MHz processor.,,Seen,Linux,Similarity-Based,0.3,0.767579958,0.533789979
Detected 731.219 MHz processor.,E40,Detected <*> MHz processor.,,Seen,Linux,Similarity-Based,0.3,0.767579958,0.533789979
Detected 731.219 MHz processor.,E40,Detected <*> MHz processor.,,Seen,Linux,Similarity-Based,0.3,0.767579958,0.533789979
Detected 731.219 MHz processor.,E40,Detected <*> MHz processor.,,Seen,Linux,Similarity-Based,0.3,0.767579958,0.533789979
Detected 731.219 MHz processor.,E40,Detected <*> MHz processor.,,Seen,Linux,Similarity-Based,0.3,0.767579958,0.533789979
Detected 731.219 MHz processor.,E40,Detected <*> MHz processor.,,Seen,Linux,Similarity-Based,0.3,0.767579958,0.533789979
"DMA zone: 4096 pages, LIFO batch:1",E41,"DMA zone: <*> pages, LIFO batch:<*>",,Unseen,Linux,Rule-Based,0.4,0,0.2
"DMA zone: 4096 pages, LIFO batch:1",E41,"DMA zone: <*> pages, LIFO batch:<*>",,Unseen,Linux,Rule-Based,0.4,0,0.2
"DMA zone: 4096 pages, LIFO batch:1",E41,"DMA zone: <*> pages, LIFO batch:<*>",,Unseen,Linux,Rule-Based,0.4,0,0.2
"DMA zone: 4096 pages, LIFO batch:1",E41,"DMA zone: <*> pages, LIFO batch:<*>",,Unseen,Linux,Rule-Based,0.4,0,0.2
"DMA zone: 4096 pages, LIFO batch:1",E41,"DMA zone: <*> pages, LIFO batch:<*>",,Unseen,Linux,Rule-Based,0.4,0,0.2
"DMA zone: 4096 pages, LIFO batch:1",E41,"DMA zone: <*> pages, LIFO batch:<*>",,Unseen,Linux,Rule-Based,0.4,0,0.2
"DMA zone: 4096 pages, LIFO batch:1",E41,"DMA zone: <*> pages, LIFO batch:<*>",,Unseen,Linux,Rule-Based,0.4,0,0.2
"DMA zone: 4096 pages, LIFO batch:1",E41,"DMA zone: <*> pages, LIFO batch:<*>",,Unseen,Linux,Rule-Based,0.4,0,0.2
"DMA zone: 4096 pages, LIFO batch:1",E41,"DMA zone: <*> pages, LIFO batch:<*>",,Unseen,Linux,Rule-Based,0.4,0,0.2
"DMA zone: 4096 pages, LIFO batch:1",E41,"DMA zone: <*> pages, LIFO batch:<*>",,Unseen,Linux,Rule-Based,0.4,0,0.2
DMI 2.3 present.,E42,DMI 2.3 present.,,Seen,Linux,Rule-Based,0.3,0,0.15
DMI 2.3 present.,E42,DMI 2.3 present.,,Seen,Linux,Rule-Based,0.3,0,0.15
DMI 2.3 present.,E42,DMI 2.3 present.,,Seen,Linux,Rule-Based,0.3,0,0.15
DMI 2.3 present.,E42,DMI 2.3 present.,,Seen,Linux,Rule-Based,0.3,0,0.15
DMI 2.3 present.,E42,DMI 2.3 present.,,Seen,Linux,Rule-Based,0.3,0,0.15
DMI 2.3 present.,E42,DMI 2.3 present.,,Seen,Linux,Rule-Based,0.3,0,0.15
DMI 2.3 present.,E42,DMI 2.3 present.,,Seen,Linux,Rule-Based,0.3,0,0.15
DMI 2.3 present.,E42,DMI 2.3 present.,,Seen,Linux,Rule-Based,0.3,0,0.15
DMI 2.3 present.,E42,DMI 2.3 present.,,Seen,Linux,Rule-Based,0.3,0,0.15
DMI 2.3 present.,E42,DMI 2.3 present.,,Seen,Linux,Rule-Based,0.3,0,0.15
"Dquot-cache hash table entries: 1024 (order 0, 4096 bytes)",E43,"Dquot-cache hash table entries: <*> (order <*>, <*> bytes)",,Seen,Linux,Similarity-Based,0.4,0.874809424,0.637404712
"Dquot-cache hash table entries: 1024 (order 0, 4096 bytes)",E43,"Dquot-cache hash table entries: <*> (order <*>, <*> bytes)",,Seen,Linux,Similarity-Based,0.4,0.874809424,0.637404712
"Dquot-cache hash table entries: 1024 (order 0, 4096 bytes)",E43,"Dquot-cache hash table entries: <*> (order <*>, <*> bytes)",,Seen,Linux,Similarity-Based,0.4,0.874809424,0.637404712
"Dquot-cache hash table entries: 1024 (order 0, 4096 bytes)",E43,"Dquot-cache hash table entries: <*> (order <*>, <*> bytes)",,Seen,Linux,Similarity-Based,0.4,0.874809424,0.637404712
"Dquot-cache hash table entries: 1024 (order 0, 4096 bytes)",E43,"Dquot-cache hash table entries: <*> (order <*>, <*> bytes)",,Seen,Linux,Similarity-Based,0.4,0.874809424,0.637404712
"Dquot-cache hash table entries: 1024 (order 0, 4096 bytes)",E43,"Dquot-cache hash table entries: <*> (order <*>, <*> bytes)",,Seen,Linux,Similarity-Based,0.4,0.874809424,0.637404712
"Dquot-cache hash table entries: 1024 (order 0, 4096 bytes)",E43,"Dquot-cache hash table entries: <*> (order <*>, <*> bytes)",,Seen,Linux,Similarity-Based,0.4,0.874809424,0.637404712
"Dquot-cache hash table entries: 1024 (order 0, 4096 bytes)",E43,"Dquot-cache hash table entries: <*> (order <*>, <*> bytes)",,Seen,Linux,Similarity-Based,0.4,0.874809424,0.637404712
"Dquot-cache hash table entries: 1024 (order 0, 4096 bytes)",E43,"Dquot-cache hash table entries: <*> (order <*>, <*> bytes)",,Seen,Linux,Similarity-Based,0.4,0.874809424,0.637404712
"Dquot-cache hash table entries: 1024 (order 0, 4096 bytes)",E43,"Dquot-cache hash table entries: <*> (order <*>, <*> bytes)",,Seen,Linux,Similarity-Based,0.4,0.874809424,0.637404712
Enabling fast FPU save and restore... done.,E44,Enabling fast FPU save and restore... done.,,Unseen,Linux,Rule-Based,0.3,0,0.15
Enabling fast FPU save and restore... done.,E44,Enabling fast FPU save and restore... done.,,Unseen,Linux,Rule-Based,0.3,0,0.15
Enabling fast FPU save and restore... done.,E44,Enabling fast FPU save and restore... done.,,Unseen,Linux,Rule-Based,0.3,0,0.15
Enabling fast FPU save and restore... done.,E44,Enabling fast FPU save and restore... done.,,Unseen,Linux,Rule-Based,0.3,0,0.15
Enabling fast FPU save and restore... done.,E44,Enabling fast FPU save and restore... done.,,Unseen,Linux,Rule-Based,0.3,0,0.15
Enabling fast FPU save and restore... done.,E44,Enabling fast FPU save and restore... done.,,Unseen,Linux,Rule-Based,0.3,0,0.15
Enabling fast FPU save and restore... done.,E44,Enabling fast FPU save and restore... done.,,Unseen,Linux,Rule-Based,0.3,0,0.15
Enabling fast FPU save and restore... done.,E44,Enabling fast FPU save and restore... done.,,Unseen,Linux,Rule-Based,0.3,0,0.15
Enabling fast FPU save and restore... done.,E44,Enabling fast FPU save and restore... done.,,Unseen,Linux,Rule-Based,0.3,0,0.15
Enabling fast FPU save and restore... done.,E44,Enabling fast FPU save and restore... done.,,Unseen,Linux,Rule-Based,0.3,0,0.15
Enabling unmasked SIMD FPU exception support... done.,E45,Enabling unmasked SIMD FPU exception support... done.,,Unseen,Linux,Rule-Based,0.3,0,0.15
Enabling unmasked SIMD FPU exception support... done.,E45,Enabling unmasked SIMD FPU exception support... done.,,Unseen,Linux,Rule-Based,0.3,0,0.15
Enabling unmasked SIMD FPU exception support... done.,E45,Enabling unmasked SIMD FPU exception support... done.,,Unseen,Linux,Rule-Based,0.3,0,0.15
Enabling unmasked SIMD FPU exception support... done.,E45,Enabling unmasked SIMD FPU exception support... done.,,Unseen,Linux,Rule-Based,0.3,0,0.15
Enabling unmasked SIMD FPU exception support... done.,E45,Enabling unmasked SIMD FPU exception support... done.,,Unseen,Linux,Rule-Based,0.3,0,0.15
Enabling unmasked SIMD FPU exception support... done.,E45,Enabling unmasked SIMD FPU exception support... done.,,Unseen,Linux,Rule-Based,0.3,0,0.15
Enabling unmasked SIMD FPU exception support... done.,E45,Enabling unmasked SIMD FPU exception support... done.,,Unseen,Linux,Rule-Based,0.3,0,0.15
Enabling unmasked SIMD FPU exception support... done.,E45,Enabling unmasked SIMD FPU exception support... done.,,Unseen,Linux,Rule-Based,0.3,0,0.15
Enabling unmasked SIMD FPU exception support... done.,E45,Enabling unmasked SIMD FPU exception support... done.,,Unseen,Linux,Rule-Based,0.3,0,0.15
Enabling unmasked SIMD FPU exception support... done.,E45,Enabling unmasked SIMD FPU exception support... done.,,Unseen,Linux,Rule-Based,0.3,0,0.15
Failure registering capabilities with the kernel,E46,Failure registering capabilities with the kernel,,Unseen,Linux,Rule-Based,0.3,0,0.15
Failure registering capabilities with the kernel,E46,Failure registering capabilities with the kernel,,Unseen,Linux,Rule-Based,0.3,0,0.15
Failure registering capabilities with the kernel,E46,Failure registering capabilities with the kernel,,Unseen,Linux,Rule-Based,0.3,0,0.15
Failure registering capabilities with the kernel,E46,Failure registering capabilities with the kernel,,Unseen,Linux,Rule-Based,0.3,0,0.15
Failure registering capabilities with the kernel,E46,Failure registering capabilities with the kernel,,Unseen,Linux,Rule-Based,0.3,0,0.15
Failure registering capabilities with the kernel,E46,Failure registering capabilities with the kernel,,Unseen,Linux,Rule-Based,0.3,0,0.15
Failure registering capabilities with the kernel,E46,Failure registering capabilities with the kernel,,Unseen,Linux,Rule-Based,0.3,0,0.15
Failure registering capabilities with the kernel,E46,Failure registering capabilities with the kernel,,Unseen,Linux,Rule-Based,0.3,0,0.15
Failure registering capabilities with the kernel,E46,Failure registering capabilities with the kernel,,Unseen,Linux,Rule-Based,0.3,0,0.15
Failure registering capabilities with the kernel,E46,Failure registering capabilities with the kernel,,Unseen,Linux,Rule-Based,0.3,0,0.15
getpeername (ftpd): Transport endpoint is not connected,E47,getpeername (<*>) : Transport endpoint is not connected,,Unseen,Linux,Rule-Based,0.3,0,0.15
getpeername (ftpd): Transport endpoint is not connected,E47,getpeername (<*>) : Transport endpoint is not connected,,Unseen,Linux,Rule-Based,0.3,0,0.15
getpeername (ftpd): Transport endpoint is not connected,E47,getpeername (<*>) : Transport endpoint is not connected,,Unseen,Linux,Rule-Based,0.3,0,0.15
getpeername (ftpd): Transport endpoint is not connected,E47,getpeername (<*>) : Transport endpoint is not connected,,Unseen,Linux,Rule-Based,0.3,0,0.15
getpeername (ftpd): Transport endpoint is not connected,E47,getpeername (<*>) : Transport endpoint is not connected,,Unseen,Linux,Rule-Based,0.3,0,0.15
getpeername (ftpd): Transport endpoint is not connected,E47,getpeername (<*>) : Transport endpoint is not connected,,Unseen,Linux,Rule-Based,0.3,0,0.15
getpeername (ftpd): Transport endpoint is not connected,E47,getpeername (<*>) : Transport endpoint is not connected,,Unseen,Linux,Rule-Based,0.3,0,0.15
getpeername (ftpd): Transport endpoint is not connected,E47,getpeername (<*>) : Transport endpoint is not connected,,Unseen,Linux,Rule-Based,0.3,0,0.15
getpeername (ftpd): Transport endpoint is not connected,E47,getpeername (<*>) : Transport endpoint is not connected,,Unseen,Linux,Rule-Based,0.3,0,0.15
getpeername (ftpd): Transport endpoint is not connected,E47,getpeername (<*>) : Transport endpoint is not connected,,Unseen,Linux,Rule-Based,0.3,0,0.15
HCI daemon ver 2.4 started,E48,HCI daemon ver <*> started,,Seen,Linux,Similarity-Based,0.3,0.84102804,0.57051402
HCI daemon ver 2.4 started,E48,HCI daemon ver <*> started,,Seen,Linux,Similarity-Based,0.3,0.84102804,0.57051402
HCI daemon ver 2.4 started,E48,HCI daemon ver <*> started,,Seen,Linux,Similarity-Based,0.3,0.84102804,0.57051402
HCI daemon ver 2.4 started,E48,HCI daemon ver <*> started,,Seen,Linux,Similarity-Based,0.3,0.84102804,0.57051402
HCI daemon ver 2.4 started,E48,HCI daemon ver <*> started,,Seen,Linux,Similarity-Based,0.3,0.84102804,0.57051402
HCI daemon ver 2.4 started,E48,HCI daemon ver <*> started,,Seen,Linux,Similarity-Based,0.3,0.84102804,0.57051402
HCI daemon ver 2.4 started,E48,HCI daemon ver <*> started,,Seen,Linux,Similarity-Based,0.3,0.84102804,0.57051402
HCI daemon ver 2.4 started,E48,HCI daemon ver <*> started,,Seen,Linux,Similarity-Based,0.3,0.84102804,0.57051402
HCI daemon ver 2.4 started,E48,HCI daemon ver <*> started,,Seen,Linux,Similarity-Based,0.3,0.84102804,0.57051402
HCI daemon ver 2.4 started,E48,HCI daemon ver <*> started,,Seen,Linux,Similarity-Based,0.3,0.84102804,0.57051402
hcid startup succeeded,E49,hcid startup succeeded,,Unseen,Linux,Rule-Based,0.3,0,0.15
hcid startup succeeded,E49,hcid startup succeeded,,Unseen,Linux,Rule-Based,0.3,0,0.15
hcid startup succeeded,E49,hcid startup succeeded,,Unseen,Linux,Rule-Based,0.3,0,0.15
hcid startup succeeded,E49,hcid startup succeeded,,Unseen,Linux,Rule-Based,0.3,0,0.15
hcid startup succeeded,E49,hcid startup succeeded,,Unseen,Linux,Rule-Based,0.3,0,0.15
hcid startup succeeded,E49,hcid startup succeeded,,Unseen,Linux,Rule-Based,0.3,0,0.15
hcid startup succeeded,E49,hcid startup succeeded,,Unseen,Linux,Rule-Based,0.3,0,0.15
hcid startup succeeded,E49,hcid startup succeeded,,Unseen,Linux,Rule-Based,0.3,0,0.15
hcid startup succeeded,E49,hcid startup succeeded,,Unseen,Linux,Rule-Based,0.3,0,0.15
hcid startup succeeded,E49,hcid startup succeeded,,Unseen,Linux,Rule-Based,0.3,0,0.15
ACPI: ACPI tables contain no PCI IRQ routing entries,E5,ACPI: ACPI tables contain no PCI IRQ routing entries,,Unseen,Linux,Rule-Based,0.3,0,0.15
ACPI: ACPI tables contain no PCI IRQ routing entries,E5,ACPI: ACPI tables contain no PCI IRQ routing entries,,Unseen,Linux,Rule-Based,0.3,0,0.15
ACPI: ACPI tables contain no PCI IRQ routing entries,E5,ACPI: ACPI tables contain no PCI IRQ routing entries,,Unseen,Linux,Rule-Based,0.3,0,0.15
ACPI: ACPI tables contain no PCI IRQ routing entries,E5,ACPI: ACPI tables contain no PCI IRQ routing entries,,Unseen,Linux,Rule-Based,0.3,0,0.15
ACPI: ACPI tables contain no PCI IRQ routing entries,E5,ACPI: ACPI tables contain no PCI IRQ routing entries,,Unseen,Linux,Rule-Based,0.3,0,0.15
ACPI: ACPI tables contain no PCI IRQ routing entries,E5,ACPI: ACPI tables contain no PCI IRQ routing entries,,Unseen,Linux,Rule-Based,0.3,0,0.15
ACPI: ACPI tables contain no PCI IRQ routing entries,E5,ACPI: ACPI tables contain no PCI IRQ routing entries,,Unseen,Linux,Rule-Based,0.3,0,0.15
ACPI: ACPI tables contain no PCI IRQ routing entries,E5,ACPI: ACPI tables contain no PCI IRQ routing entries,,Unseen,Linux,Rule-Based,0.3,0,0.15
ACPI: ACPI tables contain no PCI IRQ routing entries,E5,ACPI: ACPI tables contain no PCI IRQ routing entries,,Unseen,Linux,Rule-Based,0.3,0,0.15
ACPI: ACPI tables contain no PCI IRQ routing entries,E5,ACPI: ACPI tables contain no PCI IRQ routing entries,,Unseen,Linux,Rule-Based,0.3,0,0.15
"HighMem zone: 0 pages, LIFO batch:1",E50,"HighMem zone: <*> pages, LIFO batch:<*>",,Seen,Linux,Similarity-Based,0.4,0.818403408,0.609201704
"HighMem zone: 0 pages, LIFO batch:1",E50,"HighMem zone: <*> pages, LIFO batch:<*>",,Seen,Linux,Similarity-Based,0.4,0.818403408,0.609201704
"HighMem zone: 0 pages, LIFO batch:1",E50,"HighMem zone: <*> pages, LIFO batch:<*>",,Seen,Linux,Similarity-Based,0.4,0.818403408,0.609201704
"HighMem zone: 0 pages, LIFO batch:1",E50,"HighMem zone: <*> pages, LIFO batch:<*>",,Seen,Linux,Similarity-Based,0.4,0.818403408,0.609201704
"HighMem zone: 0 pages, LIFO batch:1",E50,"HighMem zone: <*> pages, LIFO batch:<*>",,Seen,Linux,Similarity-Based,0.4,0.818403408,0.609201704
"HighMem zone: 0 pages, LIFO batch:1",E50,"HighMem zone: <*> pages, LIFO batch:<*>",,Seen,Linux,Similarity-Based,0.4,0.818403408,0.609201704
"HighMem zone: 0 pages, LIFO batch:1",E50,"HighMem zone: <*> pages, LIFO batch:<*>",,Seen,Linux,Similarity-Based,0.4,0.818403408,0.609201704
"HighMem zone: 0 pages, LIFO batch:1",E50,"HighMem zone: <*> pages, LIFO batch:<*>",,Seen,Linux,Similarity-Based,0.4,0.818403408,0.609201704
"HighMem zone: 0 pages, LIFO batch:1",E50,"HighMem zone: <*> pages, LIFO batch:<*>",,Seen,Linux,Similarity-Based,0.4,0.818403408,0.609201704
"HighMem zone: 0 pages, LIFO batch:1",E50,"HighMem zone: <*> pages, LIFO batch:<*>",,Seen,Linux,Similarity-Based,0.4,0.818403408,0.609201704
imps2: Auto-detected intellimouse PS/2,E51,imps2: Auto-detected intellimouse PS/<*>,,Seen,Linux,Similarity-Based,0.5,0.890918234,0.695459117
imps2: Auto-detected intellimouse PS/2,E51,imps2: Auto-detected intellimouse PS/<*>,,Seen,Linux,Similarity-Based,0.5,0.890918234,0.695459117
imps2: Auto-detected intellimouse PS/2,E51,imps2: Auto-detected intellimouse PS/<*>,,Seen,Linux,Similarity-Based,0.5,0.890918234,0.695459117
imps2: Auto-detected intellimouse PS/2,E51,imps2: Auto-detected intellimouse PS/<*>,,Seen,Linux,Similarity-Based,0.5,0.890918234,0.695459117
imps2: Auto-detected intellimouse PS/2,E51,imps2: Auto-detected intellimouse PS/<*>,,Seen,Linux,Similarity-Based,0.5,0.890918234,0.695459117
imps2: Auto-detected intellimouse PS/2,E51,imps2: Auto-detected intellimouse PS/<*>,,Seen,Linux,Similarity-Based,0.5,0.890918234,0.695459117
imps2: Auto-detected intellimouse PS/2,E51,imps2: Auto-detected intellimouse PS/<*>,,Seen,Linux,Similarity-Based,0.5,0.890918234,0.695459117
imps2: Auto-detected intellimouse PS/2,E51,imps2: Auto-detected intellimouse PS/<*>,,Seen,Linux,Similarity-Based,0.5,0.890918234,0.695459117
imps2: Auto-detected intellimouse PS/2,E51,imps2: Auto-detected intellimouse PS/<*>,,Seen,Linux,Similarity-Based,0.5,0.890918234,0.695459117
imps2: Auto-detected intellimouse PS/2,E51,imps2: Auto-detected intellimouse PS/<*>,,Seen,Linux,Similarity-Based,0.5,0.890918234,0.695459117
Initializing CPU#0,E52,Initializing CPU#<*>,,Seen,Linux,Similarity-Based,0.4,0.7675949,0.58379745
Initializing CPU#0,E52,Initializing CPU#<*>,,Seen,Linux,Similarity-Based,0.4,0.7675949,0.58379745
Initializing CPU#0,E52,Initializing CPU#<*>,,Seen,Linux,Similarity-Based,0.4,0.7675949,0.58379745
Initializing CPU#0,E52,Initializing CPU#<*>,,Seen,Linux,Similarity-Based,0.4,0.7675949,0.58379745
Initializing CPU#0,E52,Initializing CPU#<*>,,Seen,Linux,Similarity-Based,0.4,0.7675949,0.58379745
Initializing CPU#0,E52,Initializing CPU#<*>,,Seen,Linux,Similarity-Based,0.4,0.7675949,0.58379745
Initializing CPU#0,E52,Initializing CPU#<*>,,Seen,Linux,Similarity-Based,0.4,0.7675949,0.58379745
Initializing CPU#0,E52,Initializing CPU#<*>,,Seen,Linux,Similarity-Based,0.4,0.7675949,0.58379745
Initializing CPU#0,E52,Initializing CPU#<*>,,Seen,Linux,Similarity-Based,0.4,0.7675949,0.58379745
Initializing CPU#0,E52,Initializing CPU#<*>,,Seen,Linux,Similarity-Based,0.4,0.7675949,0.58379745
Initializing Cryptographic API,E53,Initializing Cryptographic API,,Unseen,Linux,Rule-Based,0.3,0,0.15
Initializing Cryptographic API,E53,Initializing Cryptographic API,,Unseen,Linux,Rule-Based,0.3,0,0.15
Initializing Cryptographic API,E53,Initializing Cryptographic API,,Unseen,Linux,Rule-Based,0.3,0,0.15
Initializing Cryptographic API,E53,Initializing Cryptographic API,,Unseen,Linux,Rule-Based,0.3,0,0.15
Initializing Cryptographic API,E53,Initializing Cryptographic API,,Unseen,Linux,Rule-Based,0.3,0,0.15
Initializing Cryptographic API,E53,Initializing Cryptographic API,,Unseen,Linux,Rule-Based,0.3,0,0.15
Initializing Cryptographic API,E53,Initializing Cryptographic API,,Unseen,Linux,Rule-Based,0.3,0,0.15
Initializing Cryptographic API,E53,Initializing Cryptographic API,,Unseen,Linux,Rule-Based,0.3,0,0.15
Initializing Cryptographic API,E53,Initializing Cryptographic API,,Unseen,Linux,Rule-Based,0.3,0,0.15
Initializing Cryptographic API,E53,Initializing Cryptographic API,,Unseen,Linux,Rule-Based,0.3,0,0.15
Initializing random number generator: succeeded,E54,Initializing random number generator: succeeded,,Unseen,Linux,Rule-Based,0.3,0,0.15
Initializing random number generator: succeeded,E54,Initializing random number generator: succeeded,,Unseen,Linux,Rule-Based,0.3,0,0.15
Initializing random number generator: succeeded,E54,Initializing random number generator: succeeded,,Unseen,Linux,Rule-Based,0.3,0,0.15
Initializing random number generator: succeeded,E54,Initializing random number generator: succeeded,,Unseen,Linux,Rule-Based,0.3,0,0.15
Initializing random number generator: succeeded,E54,Initializing random number generator: succeeded,,Unseen,Linux,Rule-Based,0.3,0,0.15
Initializing random number generator: succeeded,E54,Initializing random number generator: succeeded,,Unseen,Linux,Rule-Based,0.3,0,0.15
Initializing random number generator: succeeded,E54,Initializing random number generator: succeeded,,Unseen,Linux,Rule-Based,0.3,0,0.15
Initializing random number generator: succeeded,E54,Initializing random number generator: succeeded,,Unseen,Linux,Rule-Based,0.3,0,0.15
Initializing random number generator: succeeded,E54,Initializing random number generator: succeeded,,Unseen,Linux,Rule-Based,0.3,0,0.15
Initializing random number generator: succeeded,E54,Initializing random number generator: succeeded,,Unseen,Linux,Rule-Based,0.3,0,0.15
"Inode-cache hash table entries: 8192 (order: 3, 32768 bytes)",E55,"Inode-cache hash table entries: <*> (order: <*>, <*> bytes)",,Seen,Linux,Similarity-Based,0.4,0.793116856,0.596558428
"Inode-cache hash table entries: 8192 (order: 3, 32768 bytes)",E55,"Inode-cache hash table entries: <*> (order: <*>, <*> bytes)",,Seen,Linux,Similarity-Based,0.4,0.793116856,0.596558428
"Inode-cache hash table entries: 8192 (order: 3, 32768 bytes)",E55,"Inode-cache hash table entries: <*> (order: <*>, <*> bytes)",,Seen,Linux,Similarity-Based,0.4,0.793116856,0.596558428
"Inode-cache hash table entries: 8192 (order: 3, 32768 bytes)",E55,"Inode-cache hash table entries: <*> (order: <*>, <*> bytes)",,Seen,Linux,Similarity-Based,0.4,0.793116856,0.596558428
"Inode-cache hash table entries: 8192 (order: 3, 32768 bytes)",E55,"Inode-cache hash table entries: <*> (order: <*>, <*> bytes)",,Seen,Linux,Similarity-Based,0.4,0.793116856,0.596558428
"Inode-cache hash table entries: 8192 (order: 3, 32768 bytes)",E55,"Inode-cache hash table entries: <*> (order: <*>, <*> bytes)",,Seen,Linux,Similarity-Based,0.4,0.793116856,0.596558428
"Inode-cache hash table entries: 8192 (order: 3, 32768 bytes)",E55,"Inode-cache hash table entries: <*> (order: <*>, <*> bytes)",,Seen,Linux,Similarity-Based,0.4,0.793116856,0.596558428
"Inode-cache hash table entries: 8192 (order: 3, 32768 bytes)",E55,"Inode-cache hash table entries: <*> (order: <*>, <*> bytes)",,Seen,Linux,Similarity-Based,0.4,0.793116856,0.596558428
"Inode-cache hash table entries: 8192 (order: 3, 32768 bytes)",E55,"Inode-cache hash table entries: <*> (order: <*>, <*> bytes)",,Seen,Linux,Similarity-Based,0.4,0.793116856,0.596558428
"Inode-cache hash table entries: 8192 (order: 3, 32768 bytes)",E55,"Inode-cache hash table entries: <*> (order: <*>, <*> bytes)",,Seen,Linux,Similarity-Based,0.4,0.793116856,0.596558428
Intel machine check architecture supported.,E56,Intel machine check architecture supported.,,Unseen,Linux,Rule-Based,0.3,0,0.15
Intel machine check architecture supported.,E56,Intel machine check architecture supported.,,Unseen,Linux,Rule-Based,0.3,0,0.15
Intel machine check architecture supported.,E56,Intel machine check architecture supported.,,Unseen,Linux,Rule-Based,0.3,0,0.15
Intel machine check architecture supported.,E56,Intel machine check architecture supported.,,Unseen,Linux,Rule-Based,0.3,0,0.15
Intel machine check architecture supported.,E56,Intel machine check architecture supported.,,Unseen,Linux,Rule-Based,0.3,0,0.15
Intel machine check architecture supported.,E56,Intel machine check architecture supported.,,Unseen,Linux,Rule-Based,0.3,0,0.15
Intel machine check architecture supported.,E56,Intel machine check architecture supported.,,Unseen,Linux,Rule-Based,0.3,0,0.15
Intel machine check architecture supported.,E56,Intel machine check architecture supported.,,Unseen,Linux,Rule-Based,0.3,0,0.15
Intel machine check architecture supported.,E56,Intel machine check architecture supported.,,Unseen,Linux,Rule-Based,0.3,0,0.15
Intel machine check architecture supported.,E56,Intel machine check architecture supported.,,Unseen,Linux,Rule-Based,0.3,0,0.15
Intel machine check reporting enabled on CPU#0.,E57,Intel machine check reporting enabled on CPU#<*>.,,Seen,Linux,Similarity-Based,0.3,0.927872259,0.613936129
Intel machine check reporting enabled on CPU#0.,E57,Intel machine check reporting enabled on CPU#<*>.,,Seen,Linux,Similarity-Based,0.3,0.927872259,0.613936129
Intel machine check reporting enabled on CPU#0.,E57,Intel machine check reporting enabled on CPU#<*>.,,Seen,Linux,Similarity-Based,0.3,0.927872259,0.613936129
Intel machine check reporting enabled on CPU#0.,E57,Intel machine check reporting enabled on CPU#<*>.,,Seen,Linux,Similarity-Based,0.3,0.927872259,0.613936129
Intel machine check reporting enabled on CPU#0.,E57,Intel machine check reporting enabled on CPU#<*>.,,Seen,Linux,Similarity-Based,0.3,0.927872259,0.613936129
Intel machine check reporting enabled on CPU#0.,E57,Intel machine check reporting enabled on CPU#<*>.,,Seen,Linux,Similarity-Based,0.3,0.927872259,0.613936129
Intel machine check reporting enabled on CPU#0.,E57,Intel machine check reporting enabled on CPU#<*>.,,Seen,Linux,Similarity-Based,0.3,0.927872259,0.613936129
Intel machine check reporting enabled on CPU#0.,E57,Intel machine check reporting enabled on CPU#<*>.,,Seen,Linux,Similarity-Based,0.3,0.927872259,0.613936129
Intel machine check reporting enabled on CPU#0.,E57,Intel machine check reporting enabled on CPU#<*>.,,Seen,Linux,Similarity-Based,0.3,0.927872259,0.613936129
Intel machine check reporting enabled on CPU#0.,E57,Intel machine check reporting enabled on CPU#<*>.,,Seen,Linux,Similarity-Based,0.3,0.927872259,0.613936129
irqbalance startup succeeded,E58,irqbalance startup succeeded,,Unseen,Linux,Rule-Based,0.3,0,0.15
irqbalance startup succeeded,E58,irqbalance startup succeeded,,Unseen,Linux,Rule-Based,0.3,0,0.15
irqbalance startup succeeded,E58,irqbalance startup succeeded,,Unseen,Linux,Rule-Based,0.3,0,0.15
irqbalance startup succeeded,E58,irqbalance startup succeeded,,Unseen,Linux,Rule-Based,0.3,0,0.15
irqbalance startup succeeded,E58,irqbalance startup succeeded,,Unseen,Linux,Rule-Based,0.3,0,0.15
irqbalance startup succeeded,E58,irqbalance startup succeeded,,Unseen,Linux,Rule-Based,0.3,0,0.15
irqbalance startup succeeded,E58,irqbalance startup succeeded,,Unseen,Linux,Rule-Based,0.3,0,0.15
irqbalance startup succeeded,E58,irqbalance startup succeeded,,Unseen,Linux,Rule-Based,0.3,0,0.15
irqbalance startup succeeded,E58,irqbalance startup succeeded,,Unseen,Linux,Rule-Based,0.3,0,0.15
irqbalance startup succeeded,E58,irqbalance startup succeeded,,Unseen,Linux,Rule-Based,0.3,0,0.15
isapnp: No Plug & Play device found,E59,isapnp: No Plug & Play device found,,Unseen,Linux,Rule-Based,0.3,0,0.15
isapnp: No Plug & Play device found,E59,isapnp: No Plug & Play device found,,Unseen,Linux,Rule-Based,0.3,0,0.15
isapnp: No Plug & Play device found,E59,isapnp: No Plug & Play device found,,Unseen,Linux,Rule-Based,0.3,0,0.15
isapnp: No Plug & Play device found,E59,isapnp: No Plug & Play device found,,Unseen,Linux,Rule-Based,0.3,0,0.15
isapnp: No Plug & Play device found,E59,isapnp: No Plug & Play device found,,Unseen,Linux,Rule-Based,0.3,0,0.15
isapnp: No Plug & Play device found,E59,isapnp: No Plug & Play device found,,Unseen,Linux,Rule-Based,0.3,0,0.15
isapnp: No Plug & Play device found,E59,isapnp: No Plug & Play device found,,Unseen,Linux,Rule-Based,0.3,0,0.15
isapnp: No Plug & Play device found,E59,isapnp: No Plug & Play device found,,Unseen,Linux,Rule-Based,0.3,0,0.15
isapnp: No Plug & Play device found,E59,isapnp: No Plug & Play device found,,Unseen,Linux,Rule-Based,0.3,0,0.15
isapnp: No Plug & Play device found,E59,isapnp: No Plug & Play device found,,Unseen,Linux,Rule-Based,0.3,0,0.15
ACPI: Interpreter disabled.,E6,ACPI: Interpreter disabled.,,Unseen,Linux,Rule-Based,0.3,0,0.15
ACPI: Interpreter disabled.,E6,ACPI: Interpreter disabled.,,Unseen,Linux,Rule-Based,0.3,0,0.15
ACPI: Interpreter disabled.,E6,ACPI: Interpreter disabled.,,Unseen,Linux,Rule-Based,0.3,0,0.15
ACPI: Interpreter disabled.,E6,ACPI: Interpreter disabled.,,Unseen,Linux,Rule-Based,0.3,0,0.15
ACPI: Interpreter disabled.,E6,ACPI: Interpreter disabled.,,Unseen,Linux,Rule-Based,0.3,0,0.15
ACPI: Interpreter disabled.,E6,ACPI: Interpreter disabled.,,Unseen,Linux,Rule-Based,0.3,0,0.15
ACPI: Interpreter disabled.,E6,ACPI: Interpreter disabled.,,Unseen,Linux,Rule-Based,0.3,0,0.15
ACPI: Interpreter disabled.,E6,ACPI: Interpreter disabled.,,Unseen,Linux,Rule-Based,0.3,0,0.15
ACPI: Interpreter disabled.,E6,ACPI: Interpreter disabled.,,Unseen,Linux,Rule-Based,0.3,0,0.15
ACPI: Interpreter disabled.,E6,ACPI: Interpreter disabled.,,Unseen,Linux,Rule-Based,0.3,0,0.15
isapnp: Scanning for PnP cards...,E60,Scanning for PnP cards...,,Unseen,Linux,Rule-Based,0.3,0,0.15
isapnp: Scanning for PnP cards...,E60,Scanning for PnP cards...,,Unseen,Linux,Rule-Based,0.3,0,0.15
isapnp: Scanning for PnP cards...,E60,Scanning for PnP cards...,,Unseen,Linux,Rule-Based,0.3,0,0.15
isapnp: Scanning for PnP cards...,E60,Scanning for PnP cards...,,Unseen,Linux,Rule-Based,0.3,0,0.15
isapnp: Scanning for PnP cards...,E60,Scanning for PnP cards...,,Unseen,Linux,Rule-Based,0.3,0,0.15
isapnp: Scanning for PnP cards...,E60,Scanning for PnP cards...,,Unseen,Linux,Rule-Based,0.3,0,0.15
isapnp: Scanning for PnP cards...,E60,Scanning for PnP cards...,,Unseen,Linux,Rule-Based,0.3,0,0.15
isapnp: Scanning for PnP cards...,E60,Scanning for PnP cards...,,Unseen,Linux,Rule-Based,0.3,0,0.15
isapnp: Scanning for PnP cards...,E60,Scanning for PnP cards...,,Unseen,Linux,Rule-Based,0.3,0,0.15
isapnp: Scanning for PnP cards...,E60,Scanning for PnP cards...,,Unseen,Linux,Rule-Based,0.3,0,0.15
Kerberos authentication failed,E61,Kerberos authentication failed,,Unseen,Linux,Rule-Based,0.3,0,0.15
Kerberos authentication failed,E61,Kerberos authentication failed,,Unseen,Linux,Rule-Based,0.3,0,0.15
Kerberos authentication failed,E61,Kerberos authentication failed,,Unseen,Linux,Rule-Based,0.3,0,0.15
Kerberos authentication failed,E61,Kerberos authentication failed,,Unseen,Linux,Rule-Based,0.3,0,0.15
Kerberos authentication failed,E61,Kerberos authentication failed,,Unseen,Linux,Rule-Based,0.3,0,0.15
Kerberos authentication failed,E61,Kerberos authentication failed,,Unseen,Linux,Rule-Based,0.3,0,0.15
Kerberos authentication failed,E61,Kerberos authentication failed,,Unseen,Linux,Rule-Based,0.3,0,0.15
Kerberos authentication failed,E61,Kerberos authentication failed,,Unseen,Linux,Rule-Based,0.3,0,0.15
Kerberos authentication failed,E61,Kerberos authentication failed,,Unseen,Linux,Rule-Based,0.3,0,0.15
Kerberos authentication failed,E61,Kerberos authentication failed,,Unseen,Linux,Rule-Based,0.3,0,0.15
Kernel command line: ro root=LABEL=/ rhgb quiet,E62,Kernel command line: ro <*>=LABEL=/ rhgb quiet,,Seen,Linux,Similarity-Based,0.3,0.881840434,0.590920217
Kernel command line: ro root=LABEL=/ rhgb quiet,E62,Kernel command line: ro <*>=LABEL=/ rhgb quiet,,Seen,Linux,Similarity-Based,0.3,0.881840434,0.590920217
Kernel command line: ro root=LABEL=/ rhgb quiet,E62,Kernel command line: ro <*>=LABEL=/ rhgb quiet,,Seen,Linux,Similarity-Based,0.3,0.881840434,0.590920217
Kernel command line: ro root=LABEL=/ rhgb quiet,E62,Kernel command line: ro <*>=LABEL=/ rhgb quiet,,Seen,Linux,Similarity-Based,0.3,0.881840434,0.590920217
Kernel command line: ro root=LABEL=/ rhgb quiet,E62,Kernel command line: ro <*>=LABEL=/ rhgb quiet,,Seen,Linux,Similarity-Based,0.3,0.881840434,0.590920217
Kernel command line: ro root=LABEL=/ rhgb quiet,E62,Kernel command line: ro <*>=LABEL=/ rhgb quiet,,Seen,Linux,Similarity-Based,0.3,0.881840434,0.590920217
Kernel command line: ro root=LABEL=/ rhgb quiet,E62,Kernel command line: ro <*>=LABEL=/ rhgb quiet,,Seen,Linux,Similarity-Based,0.3,0.881840434,0.590920217
Kernel command line: ro root=LABEL=/ rhgb quiet,E62,Kernel command line: ro <*>=LABEL=/ rhgb quiet,,Seen,Linux,Similarity-Based,0.3,0.881840434,0.590920217
Kernel command line: ro root=LABEL=/ rhgb quiet,E62,Kernel command line: ro <*>=LABEL=/ rhgb quiet,,Seen,Linux,Similarity-Based,0.3,0.881840434,0.590920217
Kernel command line: ro root=LABEL=/ rhgb quiet,E62,Kernel command line: ro <*>=LABEL=/ rhgb quiet,,Seen,Linux,Similarity-Based,0.3,0.881840434,0.590920217
kernel.core_uses_pid = 1,E63,kernel.core_uses_pid = <*>,,Seen,Linux,Similarity-Based,0.4,0.775213231,0.587606616
kernel.core_uses_pid = 1,E63,kernel.core_uses_pid = <*>,,Seen,Linux,Similarity-Based,0.4,0.775213231,0.587606616
kernel.core_uses_pid = 1,E63,kernel.core_uses_pid = <*>,,Seen,Linux,Similarity-Based,0.4,0.775213231,0.587606616
kernel.core_uses_pid = 1,E63,kernel.core_uses_pid = <*>,,Seen,Linux,Similarity-Based,0.4,0.775213231,0.587606616
kernel.core_uses_pid = 1,E63,kernel.core_uses_pid = <*>,,Seen,Linux,Similarity-Based,0.4,0.775213231,0.587606616
kernel.core_uses_pid = 1,E63,kernel.core_uses_pid = <*>,,Seen,Linux,Similarity-Based,0.4,0.775213231,0.587606616
kernel.core_uses_pid = 1,E63,kernel.core_uses_pid = <*>,,Seen,Linux,Similarity-Based,0.4,0.775213231,0.587606616
kernel.core_uses_pid = 1,E63,kernel.core_uses_pid = <*>,,Seen,Linux,Similarity-Based,0.4,0.775213231,0.587606616
kernel.core_uses_pid = 1,E63,kernel.core_uses_pid = <*>,,Seen,Linux,Similarity-Based,0.4,0.775213231,0.587606616
kernel.core_uses_pid = 1,E63,kernel.core_uses_pid = <*>,,Seen,Linux,Similarity-Based,0.4,0.775213231,0.587606616
"klogd 1.4.1, log source = /proc/kmsg started.",E64,"klogd <*>, log source = <*> started.",,Seen,Linux,Similarity-Based,0.5,0.904869485,0.702434742
"klogd 1.4.1, log source = /proc/kmsg started.",E64,"klogd <*>, log source = <*> started.",,Seen,Linux,Similarity-Based,0.5,0.904869485,0.702434742
"klogd 1.4.1, log source = /proc/kmsg started.",E64,"klogd <*>, log source = <*> started.",,Seen,Linux,Similarity-Based,0.5,0.904869485,0.702434742
"klogd 1.4.1, log source = /proc/kmsg started.",E64,"klogd <*>, log source = <*> started.",,Seen,Linux,Similarity-Based,0.5,0.904869485,0.702434742
"klogd 1.4.1, log source = /proc/kmsg started.",E64,"klogd <*>, log source = <*> started.",,Seen,Linux,Similarity-Based,0.5,0.904869485,0.702434742
"klogd 1.4.1, log source = /proc/kmsg started.",E64,"klogd <*>, log source = <*> started.",,Seen,Linux,Similarity-Based,0.5,0.904869485,0.702434742
"klogd 1.4.1, log source = /proc/kmsg started.",E64,"klogd <*>, log source = <*> started.",,Seen,Linux,Similarity-Based,0.5,0.904869485,0.702434742
"klogd 1.4.1, log source = /proc/kmsg started.",E64,"klogd <*>, log source = <*> started.",,Seen,Linux,Similarity-Based,0.5,0.904869485,0.702434742
"klogd 1.4.1, log source = /proc/kmsg started.",E64,"klogd <*>, log source = <*> started.",,Seen,Linux,Similarity-Based,0.5,0.904869485,0.702434742
"klogd 1.4.1, log source = /proc/kmsg started.",E64,"klogd <*>, log source = <*> started.",,Seen,Linux,Similarity-Based,0.5,0.904869485,0.702434742
klogd startup succeeded,E65,"klogd <*>, startup succeeded",,Unseen,Linux,Similarity-Based,0.3,0.78792088,0.54396044
klogd startup succeeded,E65,"klogd <*>, startup succeeded",,Unseen,Linux,Similarity-Based,0.3,0.78792088,0.54396044
klogd startup succeeded,E65,"klogd <*>, startup succeeded",,Unseen,Linux,Similarity-Based,0.3,0.78792088,0.54396044
klogd startup succeeded,E65,"klogd <*>, startup succeeded",,Unseen,Linux,Similarity-Based,0.3,0.78792088,0.54396044
klogd startup succeeded,E65,"klogd <*>, startup succeeded",,Unseen,Linux,Similarity-Based,0.3,0.78792088,0.54396044
klogd startup succeeded,E65,"klogd <*>, startup succeeded",,Unseen,Linux,Similarity-Based,0.3,0.78792088,0.54396044
klogd startup succeeded,E65,"klogd <*>, startup succeeded",,Unseen,Linux,Similarity-Based,0.3,0.78792088,0.54396044
klogd startup succeeded,E65,"klogd <*>, startup succeeded",,Unseen,Linux,Similarity-Based,0.3,0.78792088,0.54396044
klogd startup succeeded,E65,"klogd <*>, startup succeeded",,Unseen,Linux,Similarity-Based,0.3,0.78792088,0.54396044
klogd startup succeeded,E65,"klogd <*>, startup succeeded",,Unseen,Linux,Similarity-Based,0.3,0.78792088,0.54396044
Linux agpgart interface v0.100 (c) Dave Jones,E66,Linux agpgart interface <*> (c) Dave Jones,,Seen,Linux,Similarity-Based,0.4,0.861525081,0.63076254
Linux agpgart interface v0.100 (c) Dave Jones,E66,Linux agpgart interface <*> (c) Dave Jones,,Seen,Linux,Similarity-Based,0.4,0.861525081,0.63076254
Linux agpgart interface v0.100 (c) Dave Jones,E66,Linux agpgart interface <*> (c) Dave Jones,,Seen,Linux,Similarity-Based,0.4,0.861525081,0.63076254
Linux agpgart interface v0.100 (c) Dave Jones,E66,Linux agpgart interface <*> (c) Dave Jones,,Seen,Linux,Similarity-Based,0.4,0.861525081,0.63076254
Linux agpgart interface v0.100 (c) Dave Jones,E66,Linux agpgart interface <*> (c) Dave Jones,,Seen,Linux,Similarity-Based,0.4,0.861525081,0.63076254
Linux agpgart interface v0.100 (c) Dave Jones,E66,Linux agpgart interface <*> (c) Dave Jones,,Seen,Linux,Similarity-Based,0.4,0.861525081,0.63076254
Linux agpgart interface v0.100 (c) Dave Jones,E66,Linux agpgart interface <*> (c) Dave Jones,,Seen,Linux,Similarity-Based,0.4,0.861525081,0.63076254
Linux agpgart interface v0.100 (c) Dave Jones,E66,Linux agpgart interface <*> (c) Dave Jones,,Seen,Linux,Similarity-Based,0.4,0.861525081,0.63076254
Linux agpgart interface v0.100 (c) Dave Jones,E66,Linux agpgart interface <*> (c) Dave Jones,,Seen,Linux,Similarity-Based,0.4,0.861525081,0.63076254
Linux agpgart interface v0.100 (c) Dave Jones,E66,Linux agpgart interface <*> (c) Dave Jones,,Seen,Linux,Similarity-Based,0.4,0.861525081,0.63076254
Linux Plug and Play Support v0.97 (c) Adam Belay,E67,Linux Plug and Play Support <*> (c) Adam Belay,,Seen,Linux,Similarity-Based,0.4,0.83261285,0.616306425
Linux Plug and Play Support v0.97 (c) Adam Belay,E67,Linux Plug and Play Support <*> (c) Adam Belay,,Seen,Linux,Similarity-Based,0.4,0.83261285,0.616306425
Linux Plug and Play Support v0.97 (c) Adam Belay,E67,Linux Plug and Play Support <*> (c) Adam Belay,,Seen,Linux,Similarity-Based,0.4,0.83261285,0.616306425
Linux Plug and Play Support v0.97 (c) Adam Belay,E67,Linux Plug and Play Support <*> (c) Adam Belay,,Seen,Linux,Similarity-Based,0.4,0.83261285,0.616306425
Linux Plug and Play Support v0.97 (c) Adam Belay,E67,Linux Plug and Play Support <*> (c) Adam Belay,,Seen,Linux,Similarity-Based,0.4,0.83261285,0.616306425
Linux Plug and Play Support v0.97 (c) Adam Belay,E67,Linux Plug and Play Support <*> (c) Adam Belay,,Seen,Linux,Similarity-Based,0.4,0.83261285,0.616306425
Linux Plug and Play Support v0.97 (c) Adam Belay,E67,Linux Plug and Play Support <*> (c) Adam Belay,,Seen,Linux,Similarity-Based,0.4,0.83261285,0.616306425
Linux Plug and Play Support v0.97 (c) Adam Belay,E67,Linux Plug and Play Support <*> (c) Adam Belay,,Seen,Linux,Similarity-Based,0.4,0.83261285,0.616306425
Linux Plug and Play Support v0.97 (c) Adam Belay,E67,Linux Plug and Play Support <*> (c) Adam Belay,,Seen,Linux,Similarity-Based,0.4,0.83261285,0.616306425
Linux Plug and Play Support v0.97 (c) Adam Belay,E67,Linux Plug and Play Support <*> (c) Adam Belay,,Seen,Linux,Similarity-Based,0.4,0.83261285,0.616306425
Linux version 2.6.5-1.358 (bhcompile@bugs.build.redhat.com) (gcc version 3.3.3 20040412 (Red Hat Linux 3.3.3-7)) #1 Sat May 8 09:04:50 EDT 2004,E68,Linux version <*> (bhcompile@bugs.build.redhat.com) (gcc version <*> (Red Hat Linux <*>)) #<*> <*> <*> <*> <*>:<*>:<*> EDT <*>,,Seen,Linux,Similarity-Based,0.466666667,0.910084876,0.688375771
Linux version 2.6.5-1.358 (bhcompile@bugs.build.redhat.com) (gcc version 3.3.3 20040412 (Red Hat Linux 3.3.3-7)) #1 Sat May 8 09:04:50 EDT 2004,E68,Linux version <*> (bhcompile@bugs.build.redhat.com) (gcc version <*> (Red Hat Linux <*>)) #<*> <*> <*> <*> <*>:<*>:<*> EDT <*>,,Seen,Linux,Similarity-Based,0.466666667,0.910084876,0.688375771
Linux version 2.6.5-1.358 (bhcompile@bugs.build.redhat.com) (gcc version 3.3.3 20040412 (Red Hat Linux 3.3.3-7)) #1 Sat May 8 09:04:50 EDT 2004,E68,Linux version <*> (bhcompile@bugs.build.redhat.com) (gcc version <*> (Red Hat Linux <*>)) #<*> <*> <*> <*> <*>:<*>:<*> EDT <*>,,Seen,Linux,Similarity-Based,0.466666667,0.910084876,0.688375771
Linux version 2.6.5-1.358 (bhcompile@bugs.build.redhat.com) (gcc version 3.3.3 20040412 (Red Hat Linux 3.3.3-7)) #1 Sat May 8 09:04:50 EDT 2004,E68,Linux version <*> (bhcompile@bugs.build.redhat.com) (gcc version <*> (Red Hat Linux <*>)) #<*> <*> <*> <*> <*>:<*>:<*> EDT <*>,,Seen,Linux,Similarity-Based,0.466666667,0.910084876,0.688375771
Linux version 2.6.5-1.358 (bhcompile@bugs.build.redhat.com) (gcc version 3.3.3 20040412 (Red Hat Linux 3.3.3-7)) #1 Sat May 8 09:04:50 EDT 2004,E68,Linux version <*> (bhcompile@bugs.build.redhat.com) (gcc version <*> (Red Hat Linux <*>)) #<*> <*> <*> <*> <*>:<*>:<*> EDT <*>,,Seen,Linux,Similarity-Based,0.466666667,0.910084876,0.688375771
Linux version 2.6.5-1.358 (bhcompile@bugs.build.redhat.com) (gcc version 3.3.3 20040412 (Red Hat Linux 3.3.3-7)) #1 Sat May 8 09:04:50 EDT 2004,E68,Linux version <*> (bhcompile@bugs.build.redhat.com) (gcc version <*> (Red Hat Linux <*>)) #<*> <*> <*> <*> <*>:<*>:<*> EDT <*>,,Seen,Linux,Similarity-Based,0.466666667,0.910084876,0.688375771
Linux version 2.6.5-1.358 (bhcompile@bugs.build.redhat.com) (gcc version 3.3.3 20040412 (Red Hat Linux 3.3.3-7)) #1 Sat May 8 09:04:50 EDT 2004,E68,Linux version <*> (bhcompile@bugs.build.redhat.com) (gcc version <*> (Red Hat Linux <*>)) #<*> <*> <*> <*> <*>:<*>:<*> EDT <*>,,Seen,Linux,Similarity-Based,0.466666667,0.910084876,0.688375771
Linux version 2.6.5-1.358 (bhcompile@bugs.build.redhat.com) (gcc version 3.3.3 20040412 (Red Hat Linux 3.3.3-7)) #1 Sat May 8 09:04:50 EDT 2004,E68,Linux version <*> (bhcompile@bugs.build.redhat.com) (gcc version <*> (Red Hat Linux <*>)) #<*> <*> <*> <*> <*>:<*>:<*> EDT <*>,,Seen,Linux,Similarity-Based,0.466666667,0.910084876,0.688375771
Linux version 2.6.5-1.358 (bhcompile@bugs.build.redhat.com) (gcc version 3.3.3 20040412 (Red Hat Linux 3.3.3-7)) #1 Sat May 8 09:04:50 EDT 2004,E68,Linux version <*> (bhcompile@bugs.build.redhat.com) (gcc version <*> (Red Hat Linux <*>)) #<*> <*> <*> <*> <*>:<*>:<*> EDT <*>,,Seen,Linux,Similarity-Based,0.466666667,0.910084876,0.688375771
Linux version 2.6.5-1.358 (bhcompile@bugs.build.redhat.com) (gcc version 3.3.3 20040412 (Red Hat Linux 3.3.3-7)) #1 Sat May 8 09:04:50 EDT 2004,E68,Linux version <*> (bhcompile@bugs.build.redhat.com) (gcc version <*> (Red Hat Linux <*>)) #<*> <*> <*> <*> <*>:<*>:<*> EDT <*>,,Seen,Linux,Similarity-Based,0.466666667,0.910084876,0.688375771
mapped 4G/4G trampoline to ffff3000.,E69,"mapped <*> /<*> trampoline to <*>

This template is derived from the given log message by replacing the specific hexadecimal memory address (ffff3000) with the <*> placeholder. The other parts of the log message (mapped, 4G",,Seen,Linux,Rule-Based,0.5,0,0.25
mapped 4G/4G trampoline to ffff3000.,E69,"mapped <*> /<*> trampoline to <*>

This template is derived from the given log message by replacing the specific hexadecimal memory address (ffff3000) with the <*> placeholder. The other parts of the log message (mapped, 4G",,Seen,Linux,Rule-Based,0.5,0,0.25
mapped 4G/4G trampoline to ffff3000.,E69,"mapped <*> /<*> trampoline to <*>

This template is derived from the given log message by replacing the specific hexadecimal memory address (ffff3000) with the <*> placeholder. The other parts of the log message (mapped, 4G",,Seen,Linux,Rule-Based,0.5,0,0.25
mapped 4G/4G trampoline to ffff3000.,E69,"mapped <*> /<*> trampoline to <*>

This template is derived from the given log message by replacing the specific hexadecimal memory address (ffff3000) with the <*> placeholder. The other parts of the log message (mapped, 4G",,Seen,Linux,Rule-Based,0.5,0,0.25
mapped 4G/4G trampoline to ffff3000.,E69,"mapped <*> /<*> trampoline to <*>

This template is derived from the given log message by replacing the specific hexadecimal memory address (ffff3000) with the <*> placeholder. The other parts of the log message (mapped, 4G",,Seen,Linux,Rule-Based,0.5,0,0.25
mapped 4G/4G trampoline to ffff3000.,E69,"mapped <*> /<*> trampoline to <*>

This template is derived from the given log message by replacing the specific hexadecimal memory address (ffff3000) with the <*> placeholder. The other parts of the log message (mapped, 4G",,Seen,Linux,Rule-Based,0.5,0,0.25
mapped 4G/4G trampoline to ffff3000.,E69,"mapped <*> /<*> trampoline to <*>

This template is derived from the given log message by replacing the specific hexadecimal memory address (ffff3000) with the <*> placeholder. The other parts of the log message (mapped, 4G",,Seen,Linux,Rule-Based,0.5,0,0.25
mapped 4G/4G trampoline to ffff3000.,E69,"mapped <*> /<*> trampoline to <*>

This template is derived from the given log message by replacing the specific hexadecimal memory address (ffff3000) with the <*> placeholder. The other parts of the log message (mapped, 4G",,Seen,Linux,Rule-Based,0.5,0,0.25
mapped 4G/4G trampoline to ffff3000.,E69,"mapped <*> /<*> trampoline to <*>

This template is derived from the given log message by replacing the specific hexadecimal memory address (ffff3000) with the <*> placeholder. The other parts of the log message (mapped, 4G",,Seen,Linux,Rule-Based,0.5,0,0.25
mapped 4G/4G trampoline to ffff3000.,E69,"mapped <*> /<*> trampoline to <*>

This template is derived from the given log message by replacing the specific hexadecimal memory address (ffff3000) with the <*> placeholder. The other parts of the log message (mapped, 4G",,Seen,Linux,Rule-Based,0.5,0,0.25
ACPI: Subsystem revision 20040326,E7,ACPI: Subsystem revision <*>,,Seen,Linux,Similarity-Based,0.4,0.811055553,0.605527776
ACPI: Subsystem revision 20040326,E7,ACPI: Subsystem revision <*>,,Seen,Linux,Similarity-Based,0.4,0.811055553,0.605527776
ACPI: Subsystem revision 20040326,E7,ACPI: Subsystem revision <*>,,Seen,Linux,Similarity-Based,0.4,0.811055553,0.605527776
ACPI: Subsystem revision 20040326,E7,ACPI: Subsystem revision <*>,,Seen,Linux,Similarity-Based,0.4,0.811055553,0.605527776
ACPI: Subsystem revision 20040326,E7,ACPI: Subsystem revision <*>,,Seen,Linux,Similarity-Based,0.4,0.811055553,0.605527776
ACPI: Subsystem revision 20040326,E7,ACPI: Subsystem revision <*>,,Seen,Linux,Similarity-Based,0.4,0.811055553,0.605527776
ACPI: Subsystem revision 20040326,E7,ACPI: Subsystem revision <*>,,Seen,Linux,Similarity-Based,0.4,0.811055553,0.605527776
ACPI: Subsystem revision 20040326,E7,ACPI: Subsystem revision <*>,,Seen,Linux,Similarity-Based,0.4,0.811055553,0.605527776
ACPI: Subsystem revision 20040326,E7,ACPI: Subsystem revision <*>,,Seen,Linux,Similarity-Based,0.4,0.811055553,0.605527776
ACPI: Subsystem revision 20040326,E7,ACPI: Subsystem revision <*>,,Seen,Linux,Similarity-Based,0.4,0.811055553,0.605527776
"Memory: 125312k/129720k available (1540k kernel code, 3860k reserved, 599k data, 144k init, 0k highmem)",E70,"Memory: <125312k>/<129720k> available (<1540k> kernel code, <3860k> reserved, <599k> data, <144k> init, <0k> highmem)",,Seen,Linux,Similarity-Based,0.5,0.822472378,0.661236189
"Memory: 125312k/129720k available (1540k kernel code, 3860k reserved, 599k data, 144k init, 0k highmem)",E70,"Memory: <125312k>/<129720k> available (<1540k> kernel code, <3860k> reserved, <599k> data, <144k> init, <0k> highmem)",,Seen,Linux,Similarity-Based,0.5,0.822472378,0.661236189
"Memory: 125312k/129720k available (1540k kernel code, 3860k reserved, 599k data, 144k init, 0k highmem)",E70,"Memory: <125312k>/<129720k> available (<1540k> kernel code, <3860k> reserved, <599k> data, <144k> init, <0k> highmem)",,Seen,Linux,Similarity-Based,0.5,0.822472378,0.661236189
"Memory: 125312k/129720k available (1540k kernel code, 3860k reserved, 599k data, 144k init, 0k highmem)",E70,"Memory: <125312k>/<129720k> available (<1540k> kernel code, <3860k> reserved, <599k> data, <144k> init, <0k> highmem)",,Seen,Linux,Similarity-Based,0.5,0.822472378,0.661236189
"Memory: 125312k/129720k available (1540k kernel code, 3860k reserved, 599k data, 144k init, 0k highmem)",E70,"Memory: <125312k>/<129720k> available (<1540k> kernel code, <3860k> reserved, <599k> data, <144k> init, <0k> highmem)",,Seen,Linux,Similarity-Based,0.5,0.822472378,0.661236189
"Memory: 125312k/129720k available (1540k kernel code, 3860k reserved, 599k data, 144k init, 0k highmem)",E70,"Memory: <125312k>/<129720k> available (<1540k> kernel code, <3860k> reserved, <599k> data, <144k> init, <0k> highmem)",,Seen,Linux,Similarity-Based,0.5,0.822472378,0.661236189
"Memory: 125312k/129720k available (1540k kernel code, 3860k reserved, 599k data, 144k init, 0k highmem)",E70,"Memory: <125312k>/<129720k> available (<1540k> kernel code, <3860k> reserved, <599k> data, <144k> init, <0k> highmem)",,Seen,Linux,Similarity-Based,0.5,0.822472378,0.661236189
"Memory: 125312k/129720k available (1540k kernel code, 3860k reserved, 599k data, 144k init, 0k highmem)",E70,"Memory: <125312k>/<129720k> available (<1540k> kernel code, <3860k> reserved, <599k> data, <144k> init, <0k> highmem)",,Seen,Linux,Similarity-Based,0.5,0.822472378,0.661236189
"Memory: 125312k/129720k available (1540k kernel code, 3860k reserved, 599k data, 144k init, 0k highmem)",E70,"Memory: <125312k>/<129720k> available (<1540k> kernel code, <3860k> reserved, <599k> data, <144k> init, <0k> highmem)",,Seen,Linux,Similarity-Based,0.5,0.822472378,0.661236189
"Memory: 125312k/129720k available (1540k kernel code, 3860k reserved, 599k data, 144k init, 0k highmem)",E70,"Memory: <125312k>/<129720k> available (<1540k> kernel code, <3860k> reserved, <599k> data, <144k> init, <0k> highmem)",,Seen,Linux,Similarity-Based,0.5,0.822472378,0.661236189
"Mount-cache hash table entries: 512 (order: 0, 4096 bytes)",E71,"Mount-cache hash table entries: <*> (order: <*>, <*> bytes)",,Unseen,Linux,Rule-Based,0.4,0,0.2
"Mount-cache hash table entries: 512 (order: 0, 4096 bytes)",E71,"Mount-cache hash table entries: <*> (order: <*>, <*> bytes)",,Unseen,Linux,Rule-Based,0.4,0,0.2
"Mount-cache hash table entries: 512 (order: 0, 4096 bytes)",E71,"Mount-cache hash table entries: <*> (order: <*>, <*> bytes)",,Unseen,Linux,Rule-Based,0.4,0,0.2
"Mount-cache hash table entries: 512 (order: 0, 4096 bytes)",E71,"Mount-cache hash table entries: <*> (order: <*>, <*> bytes)",,Unseen,Linux,Rule-Based,0.4,0,0.2
"Mount-cache hash table entries: 512 (order: 0, 4096 bytes)",E71,"Mount-cache hash table entries: <*> (order: <*>, <*> bytes)",,Unseen,Linux,Rule-Based,0.4,0,0.2
"Mount-cache hash table entries: 512 (order: 0, 4096 bytes)",E71,"Mount-cache hash table entries: <*> (order: <*>, <*> bytes)",,Unseen,Linux,Rule-Based,0.4,0,0.2
"Mount-cache hash table entries: 512 (order: 0, 4096 bytes)",E71,"Mount-cache hash table entries: <*> (order: <*>, <*> bytes)",,Unseen,Linux,Rule-Based,0.4,0,0.2
"Mount-cache hash table entries: 512 (order: 0, 4096 bytes)",E71,"Mount-cache hash table entries: <*> (order: <*>, <*> bytes)",,Unseen,Linux,Rule-Based,0.4,0,0.2
"Mount-cache hash table entries: 512 (order: 0, 4096 bytes)",E71,"Mount-cache hash table entries: <*> (order: <*>, <*> bytes)",,Unseen,Linux,Rule-Based,0.4,0,0.2
"Mount-cache hash table entries: 512 (order: 0, 4096 bytes)",E71,"Mount-cache hash table entries: <*> (order: <*>, <*> bytes)",,Unseen,Linux,Rule-Based,0.4,0,0.2
mtrr: v2.0 (20020519),E72,mtrr: <*> (<*>),,Seen,Linux,Rule-Based,0.433333333,0,0.216666667
mtrr: v2.0 (20020519),E72,mtrr: <*> (<*>),,Seen,Linux,Rule-Based,0.433333333,0,0.216666667
mtrr: v2.0 (20020519),E72,mtrr: <*> (<*>),,Seen,Linux,Rule-Based,0.433333333,0,0.216666667
mtrr: v2.0 (20020519),E72,mtrr: <*> (<*>),,Seen,Linux,Rule-Based,0.433333333,0,0.216666667
mtrr: v2.0 (20020519),E72,mtrr: <*> (<*>),,Seen,Linux,Rule-Based,0.433333333,0,0.216666667
mtrr: v2.0 (20020519),E72,mtrr: <*> (<*>),,Seen,Linux,Rule-Based,0.433333333,0,0.216666667
mtrr: v2.0 (20020519),E72,mtrr: <*> (<*>),,Seen,Linux,Rule-Based,0.433333333,0,0.216666667
mtrr: v2.0 (20020519),E72,mtrr: <*> (<*>),,Seen,Linux,Rule-Based,0.433333333,0,0.216666667
mtrr: v2.0 (20020519),E72,mtrr: <*> (<*>),,Seen,Linux,Rule-Based,0.433333333,0,0.216666667
mtrr: v2.0 (20020519),E72,mtrr: <*> (<*>),,Seen,Linux,Rule-Based,0.433333333,0,0.216666667
NET: Registered protocol family 16,E73,NET: Registered protocol family <*>,,Seen,Linux,Similarity-Based,0.4,0.754584094,0.577292047
NET: Registered protocol family 16,E73,NET: Registered protocol family <*>,,Seen,Linux,Similarity-Based,0.4,0.754584094,0.577292047
NET: Registered protocol family 16,E73,NET: Registered protocol family <*>,,Seen,Linux,Similarity-Based,0.4,0.754584094,0.577292047
NET: Registered protocol family 16,E73,NET: Registered protocol family <*>,,Seen,Linux,Similarity-Based,0.4,0.754584094,0.577292047
NET: Registered protocol family 16,E73,NET: Registered protocol family <*>,,Seen,Linux,Similarity-Based,0.4,0.754584094,0.577292047
NET: Registered protocol family 16,E73,NET: Registered protocol family <*>,,Seen,Linux,Similarity-Based,0.4,0.754584094,0.577292047
NET: Registered protocol family 16,E73,NET: Registered protocol family <*>,,Seen,Linux,Similarity-Based,0.4,0.754584094,0.577292047
NET: Registered protocol family 16,E73,NET: Registered protocol family <*>,,Seen,Linux,Similarity-Based,0.4,0.754584094,0.577292047
NET: Registered protocol family 16,E73,NET: Registered protocol family <*>,,Seen,Linux,Similarity-Based,0.4,0.754584094,0.577292047
NET: Registered protocol family 16,E73,NET: Registered protocol family <*>,,Seen,Linux,Similarity-Based,0.4,0.754584094,0.577292047
"Normal zone: 28334 pages, LIFO batch:6",E74,"Normal zone: <*> pages, LIFO batch:<*>",,Seen,Linux,Similarity-Based,0.4,0.75714529,0.578572645
"Normal zone: 28334 pages, LIFO batch:6",E74,"Normal zone: <*> pages, LIFO batch:<*>",,Seen,Linux,Similarity-Based,0.4,0.75714529,0.578572645
"Normal zone: 28334 pages, LIFO batch:6",E74,"Normal zone: <*> pages, LIFO batch:<*>",,Seen,Linux,Similarity-Based,0.4,0.75714529,0.578572645
"Normal zone: 28334 pages, LIFO batch:6",E74,"Normal zone: <*> pages, LIFO batch:<*>",,Seen,Linux,Similarity-Based,0.4,0.75714529,0.578572645
"Normal zone: 28334 pages, LIFO batch:6",E74,"Normal zone: <*> pages, LIFO batch:<*>",,Seen,Linux,Similarity-Based,0.4,0.75714529,0.578572645
"Normal zone: 28334 pages, LIFO batch:6",E74,"Normal zone: <*> pages, LIFO batch:<*>",,Seen,Linux,Similarity-Based,0.4,0.75714529,0.578572645
"Normal zone: 28334 pages, LIFO batch:6",E74,"Normal zone: <*> pages, LIFO batch:<*>",,Seen,Linux,Similarity-Based,0.4,0.75714529,0.578572645
"Normal zone: 28334 pages, LIFO batch:6",E74,"Normal zone: <*> pages, LIFO batch:<*>",,Seen,Linux,Similarity-Based,0.4,0.75714529,0.578572645
"Normal zone: 28334 pages, LIFO batch:6",E74,"Normal zone: <*> pages, LIFO batch:<*>",,Seen,Linux,Similarity-Based,0.4,0.75714529,0.578572645
"Normal zone: 28334 pages, LIFO batch:6",E74,"Normal zone: <*> pages, LIFO batch:<*>",,Seen,Linux,Similarity-Based,0.4,0.75714529,0.578572645
notify question section contains no SOA,E75,question section contains no SOA,,Unseen,Linux,Rule-Based,0.3,0,0.15
notify question section contains no SOA,E75,question section contains no SOA,,Unseen,Linux,Rule-Based,0.3,0,0.15
notify question section contains no SOA,E75,question section contains no SOA,,Unseen,Linux,Rule-Based,0.3,0,0.15
notify question section contains no SOA,E75,question section contains no SOA,,Unseen,Linux,Rule-Based,0.3,0,0.15
notify question section contains no SOA,E75,question section contains no SOA,,Unseen,Linux,Rule-Based,0.3,0,0.15
notify question section contains no SOA,E75,question section contains no SOA,,Unseen,Linux,Rule-Based,0.3,0,0.15
notify question section contains no SOA,E75,question section contains no SOA,,Unseen,Linux,Rule-Based,0.3,0,0.15
notify question section contains no SOA,E75,question section contains no SOA,,Unseen,Linux,Rule-Based,0.3,0,0.15
notify question section contains no SOA,E75,question section contains no SOA,,Unseen,Linux,Rule-Based,0.3,0,0.15
notify question section contains no SOA,E75,question section contains no SOA,,Unseen,Linux,Rule-Based,0.3,0,0.15
On node 0 totalpages: 32430,E76,On node <0> totalpages: <32430>,,Seen,Linux,Similarity-Based,0.4,0.770312351,0.585156175
On node 0 totalpages: 32430,E76,On node <0> totalpages: <32430>,,Seen,Linux,Similarity-Based,0.4,0.770312351,0.585156175
On node 0 totalpages: 32430,E76,On node <0> totalpages: <32430>,,Seen,Linux,Similarity-Based,0.4,0.770312351,0.585156175
On node 0 totalpages: 32430,E76,On node <0> totalpages: <32430>,,Seen,Linux,Similarity-Based,0.4,0.770312351,0.585156175
On node 0 totalpages: 32430,E76,On node <0> totalpages: <32430>,,Seen,Linux,Similarity-Based,0.4,0.770312351,0.585156175
On node 0 totalpages: 32430,E76,On node <0> totalpages: <32430>,,Seen,Linux,Similarity-Based,0.4,0.770312351,0.585156175
On node 0 totalpages: 32430,E76,On node <0> totalpages: <32430>,,Seen,Linux,Similarity-Based,0.4,0.770312351,0.585156175
On node 0 totalpages: 32430,E76,On node <0> totalpages: <32430>,,Seen,Linux,Similarity-Based,0.4,0.770312351,0.585156175
On node 0 totalpages: 32430,E76,On node <0> totalpages: <32430>,,Seen,Linux,Similarity-Based,0.4,0.770312351,0.585156175
On node 0 totalpages: 32430,E76,On node <0> totalpages: <32430>,,Seen,Linux,Similarity-Based,0.4,0.770312351,0.585156175
PCI: Invalid ACPI-PCI IRQ routing table,E77,PCI: Invalid ACPI-PCI IRQ routing table,,Unseen,Linux,Rule-Based,0.3,0,0.15
PCI: Invalid ACPI-PCI IRQ routing table,E77,PCI: Invalid ACPI-PCI IRQ routing table,,Unseen,Linux,Rule-Based,0.3,0,0.15
PCI: Invalid ACPI-PCI IRQ routing table,E77,PCI: Invalid ACPI-PCI IRQ routing table,,Unseen,Linux,Rule-Based,0.3,0,0.15
PCI: Invalid ACPI-PCI IRQ routing table,E77,PCI: Invalid ACPI-PCI IRQ routing table,,Unseen,Linux,Rule-Based,0.3,0,0.15
PCI: Invalid ACPI-PCI IRQ routing table,E77,PCI: Invalid ACPI-PCI IRQ routing table,,Unseen,Linux,Rule-Based,0.3,0,0.15
PCI: Invalid ACPI-PCI IRQ routing table,E77,PCI: Invalid ACPI-PCI IRQ routing table,,Unseen,Linux,Rule-Based,0.3,0,0.15
PCI: Invalid ACPI-PCI IRQ routing table,E77,PCI: Invalid ACPI-PCI IRQ routing table,,Unseen,Linux,Rule-Based,0.3,0,0.15
PCI: Invalid ACPI-PCI IRQ routing table,E77,PCI: Invalid ACPI-PCI IRQ routing table,,Unseen,Linux,Rule-Based,0.3,0,0.15
PCI: Invalid ACPI-PCI IRQ routing table,E77,PCI: Invalid ACPI-PCI IRQ routing table,,Unseen,Linux,Rule-Based,0.3,0,0.15
PCI: Invalid ACPI-PCI IRQ routing table,E77,PCI: Invalid ACPI-PCI IRQ routing table,,Unseen,Linux,Rule-Based,0.3,0,0.15
"PCI: PCI BIOS revision 2.10 entry at 0xfc0ce, last bus=1",E78,"PCI: PCI BIOS revision <*> entry at <*>, last bus=<*>",,Seen,Linux,Similarity-Based,0.466666667,0.816847056,0.641756861
"PCI: PCI BIOS revision 2.10 entry at 0xfc0ce, last bus=1",E78,"PCI: PCI BIOS revision <*> entry at <*>, last bus=<*>",,Seen,Linux,Similarity-Based,0.466666667,0.816847056,0.641756861
"PCI: PCI BIOS revision 2.10 entry at 0xfc0ce, last bus=1",E78,"PCI: PCI BIOS revision <*> entry at <*>, last bus=<*>",,Seen,Linux,Similarity-Based,0.466666667,0.816847056,0.641756861
"PCI: PCI BIOS revision 2.10 entry at 0xfc0ce, last bus=1",E78,"PCI: PCI BIOS revision <*> entry at <*>, last bus=<*>",,Seen,Linux,Similarity-Based,0.466666667,0.816847056,0.641756861
"PCI: PCI BIOS revision 2.10 entry at 0xfc0ce, last bus=1",E78,"PCI: PCI BIOS revision <*> entry at <*>, last bus=<*>",,Seen,Linux,Similarity-Based,0.466666667,0.816847056,0.641756861
"PCI: PCI BIOS revision 2.10 entry at 0xfc0ce, last bus=1",E78,"PCI: PCI BIOS revision <*> entry at <*>, last bus=<*>",,Seen,Linux,Similarity-Based,0.466666667,0.816847056,0.641756861
"PCI: PCI BIOS revision 2.10 entry at 0xfc0ce, last bus=1",E78,"PCI: PCI BIOS revision <*> entry at <*>, last bus=<*>",,Seen,Linux,Similarity-Based,0.466666667,0.816847056,0.641756861
"PCI: PCI BIOS revision 2.10 entry at 0xfc0ce, last bus=1",E78,"PCI: PCI BIOS revision <*> entry at <*>, last bus=<*>",,Seen,Linux,Similarity-Based,0.466666667,0.816847056,0.641756861
"PCI: PCI BIOS revision 2.10 entry at 0xfc0ce, last bus=1",E78,"PCI: PCI BIOS revision <*> entry at <*>, last bus=<*>",,Seen,Linux,Similarity-Based,0.466666667,0.816847056,0.641756861
"PCI: PCI BIOS revision 2.10 entry at 0xfc0ce, last bus=1",E78,"PCI: PCI BIOS revision <*> entry at <*>, last bus=<*>",,Seen,Linux,Similarity-Based,0.466666667,0.816847056,0.641756861
PCI: Probing PCI hardware,E79,PCI: Probing PCI hardware,,Unseen,Linux,Rule-Based,0.3,0,0.15
PCI: Probing PCI hardware,E79,PCI: Probing PCI hardware,,Unseen,Linux,Rule-Based,0.3,0,0.15
PCI: Probing PCI hardware,E79,PCI: Probing PCI hardware,,Unseen,Linux,Rule-Based,0.3,0,0.15
PCI: Probing PCI hardware,E79,PCI: Probing PCI hardware,,Unseen,Linux,Rule-Based,0.3,0,0.15
PCI: Probing PCI hardware,E79,PCI: Probing PCI hardware,,Unseen,Linux,Rule-Based,0.3,0,0.15
PCI: Probing PCI hardware,E79,PCI: Probing PCI hardware,,Unseen,Linux,Rule-Based,0.3,0,0.15
PCI: Probing PCI hardware,E79,PCI: Probing PCI hardware,,Unseen,Linux,Rule-Based,0.3,0,0.15
PCI: Probing PCI hardware,E79,PCI: Probing PCI hardware,,Unseen,Linux,Rule-Based,0.3,0,0.15
PCI: Probing PCI hardware,E79,PCI: Probing PCI hardware,,Unseen,Linux,Rule-Based,0.3,0,0.15
PCI: Probing PCI hardware,E79,PCI: Probing PCI hardware,,Unseen,Linux,Rule-Based,0.3,0,0.15
ALERT exited abnormally with [1],E8,ALERT exited abnormally with [<*>],,Seen,Linux,Similarity-Based,0.4,0.793812049,0.596906025
ALERT exited abnormally with [1],E8,ALERT exited abnormally with [<*>],,Seen,Linux,Similarity-Based,0.4,0.793812049,0.596906025
ALERT exited abnormally with [1],E8,ALERT exited abnormally with [<*>],,Seen,Linux,Similarity-Based,0.4,0.793812049,0.596906025
ALERT exited abnormally with [1],E8,ALERT exited abnormally with [<*>],,Seen,Linux,Similarity-Based,0.4,0.793812049,0.596906025
ALERT exited abnormally with [1],E8,ALERT exited abnormally with [<*>],,Seen,Linux,Similarity-Based,0.4,0.793812049,0.596906025
ALERT exited abnormally with [1],E8,ALERT exited abnormally with [<*>],,Seen,Linux,Similarity-Based,0.4,0.793812049,0.596906025
ALERT exited abnormally with [1],E8,ALERT exited abnormally with [<*>],,Seen,Linux,Similarity-Based,0.4,0.793812049,0.596906025
ALERT exited abnormally with [1],E8,ALERT exited abnormally with [<*>],,Seen,Linux,Similarity-Based,0.4,0.793812049,0.596906025
ALERT exited abnormally with [1],E8,ALERT exited abnormally with [<*>],,Seen,Linux,Similarity-Based,0.4,0.793812049,0.596906025
ALERT exited abnormally with [1],E8,ALERT exited abnormally with [<*>],,Seen,Linux,Similarity-Based,0.4,0.793812049,0.596906025
PCI: Probing PCI hardware (bus 00),E80,PCI: Probing PCI hardware (<*> ),,Unseen,Linux,Rule-Based,0.4,0,0.2
PCI: Probing PCI hardware (bus 00),E80,PCI: Probing PCI hardware (<*> ),,Unseen,Linux,Rule-Based,0.4,0,0.2
PCI: Probing PCI hardware (bus 00),E80,PCI: Probing PCI hardware (<*> ),,Unseen,Linux,Rule-Based,0.4,0,0.2
PCI: Probing PCI hardware (bus 00),E80,PCI: Probing PCI hardware (<*> ),,Unseen,Linux,Rule-Based,0.4,0,0.2
PCI: Probing PCI hardware (bus 00),E80,PCI: Probing PCI hardware (<*> ),,Unseen,Linux,Rule-Based,0.4,0,0.2
PCI: Probing PCI hardware (bus 00),E80,PCI: Probing PCI hardware (<*> ),,Unseen,Linux,Rule-Based,0.4,0,0.2
PCI: Probing PCI hardware (bus 00),E80,PCI: Probing PCI hardware (<*> ),,Unseen,Linux,Rule-Based,0.4,0,0.2
PCI: Probing PCI hardware (bus 00),E80,PCI: Probing PCI hardware (<*> ),,Unseen,Linux,Rule-Based,0.4,0,0.2
PCI: Probing PCI hardware (bus 00),E80,PCI: Probing PCI hardware (<*> ),,Unseen,Linux,Rule-Based,0.4,0,0.2
PCI: Probing PCI hardware (bus 00),E80,PCI: Probing PCI hardware (<*> ),,Unseen,Linux,Rule-Based,0.4,0,0.2
PCI: Using configuration type 1,E81,PCI: Using configuration type <*>,,Seen,Linux,Similarity-Based,0.4,0.74086791,0.570433955
PCI: Using configuration type 1,E81,PCI: Using configuration type <*>,,Seen,Linux,Similarity-Based,0.4,0.74086791,0.570433955
PCI: Using configuration type 1,E81,PCI: Using configuration type <*>,,Seen,Linux,Similarity-Based,0.4,0.74086791,0.570433955
PCI: Using configuration type 1,E81,PCI: Using configuration type <*>,,Seen,Linux,Similarity-Based,0.4,0.74086791,0.570433955
PCI: Using configuration type 1,E81,PCI: Using configuration type <*>,,Seen,Linux,Similarity-Based,0.4,0.74086791,0.570433955
PCI: Using configuration type 1,E81,PCI: Using configuration type <*>,,Seen,Linux,Similarity-Based,0.4,0.74086791,0.570433955
PCI: Using configuration type 1,E81,PCI: Using configuration type <*>,,Seen,Linux,Similarity-Based,0.4,0.74086791,0.570433955
PCI: Using configuration type 1,E81,PCI: Using configuration type <*>,,Seen,Linux,Similarity-Based,0.4,0.74086791,0.570433955
PCI: Using configuration type 1,E81,PCI: Using configuration type <*>,,Seen,Linux,Similarity-Based,0.4,0.74086791,0.570433955
PCI: Using configuration type 1,E81,PCI: Using configuration type <*>,,Seen,Linux,Similarity-Based,0.4,0.74086791,0.570433955
PCI: Using IRQ router PIIX/ICH [8086/2410] at 0000:00:1f.0,E82,PCI: Using IRQ router PIIX/ICH [<*>/<*>] at <*>,,Seen,Linux,Similarity-Based,0.525,0.875114872,0.700057436
PCI: Using IRQ router PIIX/ICH [8086/2410] at 0000:00:1f.0,E82,PCI: Using IRQ router PIIX/ICH [<*>/<*>] at <*>,,Seen,Linux,Similarity-Based,0.525,0.875114872,0.700057436
PCI: Using IRQ router PIIX/ICH [8086/2410] at 0000:00:1f.0,E82,PCI: Using IRQ router PIIX/ICH [<*>/<*>] at <*>,,Seen,Linux,Similarity-Based,0.525,0.875114872,0.700057436
PCI: Using IRQ router PIIX/ICH [8086/2410] at 0000:00:1f.0,E82,PCI: Using IRQ router PIIX/ICH [<*>/<*>] at <*>,,Seen,Linux,Similarity-Based,0.525,0.875114872,0.700057436
PCI: Using IRQ router PIIX/ICH [8086/2410] at 0000:00:1f.0,E82,PCI: Using IRQ router PIIX/ICH [<*>/<*>] at <*>,,Seen,Linux,Similarity-Based,0.525,0.875114872,0.700057436
PCI: Using IRQ router PIIX/ICH [8086/2410] at 0000:00:1f.0,E82,PCI: Using IRQ router PIIX/ICH [<*>/<*>] at <*>,,Seen,Linux,Similarity-Based,0.525,0.875114872,0.700057436
PCI: Using IRQ router PIIX/ICH [8086/2410] at 0000:00:1f.0,E82,PCI: Using IRQ router PIIX/ICH [<*>/<*>] at <*>,,Seen,Linux,Similarity-Based,0.525,0.875114872,0.700057436
PCI: Using IRQ router PIIX/ICH [8086/2410] at 0000:00:1f.0,E82,PCI: Using IRQ router PIIX/ICH [<*>/<*>] at <*>,,Seen,Linux,Similarity-Based,0.525,0.875114872,0.700057436
PCI: Using IRQ router PIIX/ICH [8086/2410] at 0000:00:1f.0,E82,PCI: Using IRQ router PIIX/ICH [<*>/<*>] at <*>,,Seen,Linux,Similarity-Based,0.525,0.875114872,0.700057436
PCI: Using IRQ router PIIX/ICH [8086/2410] at 0000:00:1f.0,E82,PCI: Using IRQ router PIIX/ICH [<*>/<*>] at <*>,,Seen,Linux,Similarity-Based,0.525,0.875114872,0.700057436
pci_hotplug: PCI Hot Plug PCI Core version: 0.5,E83,pci_hotplug: PCI Hot Plug PCI Core version: <*>,,Seen,Linux,Similarity-Based,0.3,0.844834889,0.572417445
pci_hotplug: PCI Hot Plug PCI Core version: 0.5,E83,pci_hotplug: PCI Hot Plug PCI Core version: <*>,,Seen,Linux,Similarity-Based,0.3,0.844834889,0.572417445
pci_hotplug: PCI Hot Plug PCI Core version: 0.5,E83,pci_hotplug: PCI Hot Plug PCI Core version: <*>,,Seen,Linux,Similarity-Based,0.3,0.844834889,0.572417445
pci_hotplug: PCI Hot Plug PCI Core version: 0.5,E83,pci_hotplug: PCI Hot Plug PCI Core version: <*>,,Seen,Linux,Similarity-Based,0.3,0.844834889,0.572417445
pci_hotplug: PCI Hot Plug PCI Core version: 0.5,E83,pci_hotplug: PCI Hot Plug PCI Core version: <*>,,Seen,Linux,Similarity-Based,0.3,0.844834889,0.572417445
pci_hotplug: PCI Hot Plug PCI Core version: 0.5,E83,pci_hotplug: PCI Hot Plug PCI Core version: <*>,,Seen,Linux,Similarity-Based,0.3,0.844834889,0.572417445
pci_hotplug: PCI Hot Plug PCI Core version: 0.5,E83,pci_hotplug: PCI Hot Plug PCI Core version: <*>,,Seen,Linux,Similarity-Based,0.3,0.844834889,0.572417445
pci_hotplug: PCI Hot Plug PCI Core version: 0.5,E83,pci_hotplug: PCI Hot Plug PCI Core version: <*>,,Seen,Linux,Similarity-Based,0.3,0.844834889,0.572417445
pci_hotplug: PCI Hot Plug PCI Core version: 0.5,E83,pci_hotplug: PCI Hot Plug PCI Core version: <*>,,Seen,Linux,Similarity-Based,0.3,0.844834889,0.572417445
pci_hotplug: PCI Hot Plug PCI Core version: 0.5,E83,pci_hotplug: PCI Hot Plug PCI Core version: <*>,,Seen,Linux,Similarity-Based,0.3,0.844834889,0.572417445
PID hash table entries: 512 (order 9: 4096 bytes),E84,PID hash table entries: <*> (order <*> : <*> bytes),,Unseen,Linux,Rule-Based,0.4,0,0.2
PID hash table entries: 512 (order 9: 4096 bytes),E84,PID hash table entries: <*> (order <*> : <*> bytes),,Unseen,Linux,Rule-Based,0.4,0,0.2
PID hash table entries: 512 (order 9: 4096 bytes),E84,PID hash table entries: <*> (order <*> : <*> bytes),,Unseen,Linux,Rule-Based,0.4,0,0.2
PID hash table entries: 512 (order 9: 4096 bytes),E84,PID hash table entries: <*> (order <*> : <*> bytes),,Unseen,Linux,Rule-Based,0.4,0,0.2
PID hash table entries: 512 (order 9: 4096 bytes),E84,PID hash table entries: <*> (order <*> : <*> bytes),,Unseen,Linux,Rule-Based,0.4,0,0.2
PID hash table entries: 512 (order 9: 4096 bytes),E84,PID hash table entries: <*> (order <*> : <*> bytes),,Unseen,Linux,Rule-Based,0.4,0,0.2
PID hash table entries: 512 (order 9: 4096 bytes),E84,PID hash table entries: <*> (order <*> : <*> bytes),,Unseen,Linux,Rule-Based,0.4,0,0.2
PID hash table entries: 512 (order 9: 4096 bytes),E84,PID hash table entries: <*> (order <*> : <*> bytes),,Unseen,Linux,Rule-Based,0.4,0,0.2
PID hash table entries: 512 (order 9: 4096 bytes),E84,PID hash table entries: <*> (order <*> : <*> bytes),,Unseen,Linux,Rule-Based,0.4,0,0.2
PID hash table entries: 512 (order 9: 4096 bytes),E84,PID hash table entries: <*> (order <*> : <*> bytes),,Unseen,Linux,Rule-Based,0.4,0,0.2
portmap startup succeeded,E85,portmap startup succeeded,,Unseen,Linux,Rule-Based,0.3,0,0.15
portmap startup succeeded,E85,portmap startup succeeded,,Unseen,Linux,Rule-Based,0.3,0,0.15
portmap startup succeeded,E85,portmap startup succeeded,,Unseen,Linux,Rule-Based,0.3,0,0.15
portmap startup succeeded,E85,portmap startup succeeded,,Unseen,Linux,Rule-Based,0.3,0,0.15
portmap startup succeeded,E85,portmap startup succeeded,,Unseen,Linux,Rule-Based,0.3,0,0.15
portmap startup succeeded,E85,portmap startup succeeded,,Unseen,Linux,Rule-Based,0.3,0,0.15
portmap startup succeeded,E85,portmap startup succeeded,,Unseen,Linux,Rule-Based,0.3,0,0.15
portmap startup succeeded,E85,portmap startup succeeded,,Unseen,Linux,Rule-Based,0.3,0,0.15
portmap startup succeeded,E85,portmap startup succeeded,,Unseen,Linux,Rule-Based,0.3,0,0.15
portmap startup succeeded,E85,portmap startup succeeded,,Unseen,Linux,Rule-Based,0.3,0,0.15
POSIX conformance testing by UNIFIX,E86,POSIX conformance testing by <*>,,Unseen,Linux,Rule-Based,0.3,0,0.15
POSIX conformance testing by UNIFIX,E86,POSIX conformance testing by <*>,,Unseen,Linux,Rule-Based,0.3,0,0.15
POSIX conformance testing by UNIFIX,E86,POSIX conformance testing by <*>,,Unseen,Linux,Rule-Based,0.3,0,0.15
POSIX conformance testing by UNIFIX,E86,POSIX conformance testing by <*>,,Unseen,Linux,Rule-Based,0.3,0,0.15
POSIX conformance testing by UNIFIX,E86,POSIX conformance testing by <*>,,Unseen,Linux,Rule-Based,0.3,0,0.15
POSIX conformance testing by UNIFIX,E86,POSIX conformance testing by <*>,,Unseen,Linux,Rule-Based,0.3,0,0.15
POSIX conformance testing by UNIFIX,E86,POSIX conformance testing by <*>,,Unseen,Linux,Rule-Based,0.3,0,0.15
POSIX conformance testing by UNIFIX,E86,POSIX conformance testing by <*>,,Unseen,Linux,Rule-Based,0.3,0,0.15
POSIX conformance testing by UNIFIX,E86,POSIX conformance testing by <*>,,Unseen,Linux,Rule-Based,0.3,0,0.15
POSIX conformance testing by UNIFIX,E86,POSIX conformance testing by <*>,,Unseen,Linux,Rule-Based,0.3,0,0.15
Real Time Clock Driver v1.12,E87,Real Time Clock Driver <*>,,Seen,Linux,Similarity-Based,0.4,0.741170619,0.570585309
Real Time Clock Driver v1.12,E87,Real Time Clock Driver <*>,,Seen,Linux,Similarity-Based,0.4,0.741170619,0.570585309
Real Time Clock Driver v1.12,E87,Real Time Clock Driver <*>,,Seen,Linux,Similarity-Based,0.4,0.741170619,0.570585309
Real Time Clock Driver v1.12,E87,Real Time Clock Driver <*>,,Seen,Linux,Similarity-Based,0.4,0.741170619,0.570585309
Real Time Clock Driver v1.12,E87,Real Time Clock Driver <*>,,Seen,Linux,Similarity-Based,0.4,0.741170619,0.570585309
Real Time Clock Driver v1.12,E87,Real Time Clock Driver <*>,,Seen,Linux,Similarity-Based,0.4,0.741170619,0.570585309
Real Time Clock Driver v1.12,E87,Real Time Clock Driver <*>,,Seen,Linux,Similarity-Based,0.4,0.741170619,0.570585309
Real Time Clock Driver v1.12,E87,Real Time Clock Driver <*>,,Seen,Linux,Similarity-Based,0.4,0.741170619,0.570585309
Real Time Clock Driver v1.12,E87,Real Time Clock Driver <*>,,Seen,Linux,Similarity-Based,0.4,0.741170619,0.570585309
Real Time Clock Driver v1.12,E87,Real Time Clock Driver <*>,,Seen,Linux,Similarity-Based,0.4,0.741170619,0.570585309
Received SNMP packet(s) from 67.170.148.126,E88,Received SNMP packet(s) from <*>,,Seen,Linux,Similarity-Based,0.55,0.73030041,0.640150205
Received SNMP packet(s) from 67.170.148.126,E88,Received SNMP packet(s) from <*>,,Seen,Linux,Similarity-Based,0.55,0.73030041,0.640150205
Received SNMP packet(s) from 67.170.148.126,E88,Received SNMP packet(s) from <*>,,Seen,Linux,Similarity-Based,0.55,0.73030041,0.640150205
Received SNMP packet(s) from 67.170.148.126,E88,Received SNMP packet(s) from <*>,,Seen,Linux,Similarity-Based,0.55,0.73030041,0.640150205
Received SNMP packet(s) from 67.170.148.126,E88,Received SNMP packet(s) from <*>,,Seen,Linux,Similarity-Based,0.55,0.73030041,0.640150205
Received SNMP packet(s) from 67.170.148.126,E88,Received SNMP packet(s) from <*>,,Seen,Linux,Similarity-Based,0.55,0.73030041,0.640150205
Received SNMP packet(s) from 67.170.148.126,E88,Received SNMP packet(s) from <*>,,Seen,Linux,Similarity-Based,0.55,0.73030041,0.640150205
Received SNMP packet(s) from 67.170.148.126,E88,Received SNMP packet(s) from <*>,,Seen,Linux,Similarity-Based,0.55,0.73030041,0.640150205
Received SNMP packet(s) from 67.170.148.126,E88,Received SNMP packet(s) from <*>,,Seen,Linux,Similarity-Based,0.55,0.73030041,0.640150205
Received SNMP packet(s) from 67.170.148.126,E88,Received SNMP packet(s) from <*>,,Seen,Linux,Similarity-Based,0.55,0.73030041,0.640150205
removing device node '/udev/vcs2',E89,removing device node '<*>',,Seen,Linux,Similarity-Based,0.5,0.733500095,0.616750048
removing device node '/udev/vcsa2',E89,removing device node '<*>',,Seen,Linux,Rule-Based,0.5,0,0.25
removing device node '/udev/vcsa2',E89,removing device node '<*>',,Seen,Linux,Rule-Based,0.5,0,0.25
removing device node '/udev/vcs2',E89,removing device node '<*>',,Seen,Linux,Similarity-Based,0.5,0.733500095,0.616750048
removing device node '/udev/vcs2',E89,removing device node '<*>',,Seen,Linux,Similarity-Based,0.5,0.733500095,0.616750048
removing device node '/udev/vcsa2',E89,removing device node '<*>',,Seen,Linux,Rule-Based,0.5,0,0.25
removing device node '/udev/vcsa2',E89,removing device node '<*>',,Seen,Linux,Rule-Based,0.5,0,0.25
removing device node '/udev/vcsa2',E89,removing device node '<*>',,Seen,Linux,Rule-Based,0.5,0,0.25
removing device node '/udev/vcs2',E89,removing device node '<*>',,Seen,Linux,Similarity-Based,0.5,0.733500095,0.616750048
removing device node '/udev/vcs2',E89,removing device node '<*>',,Seen,Linux,Similarity-Based,0.5,0.733500095,0.616750048
"ANONYMOUS FTP LOGIN FROM 84.102.20.2, (anonymous)",E9,"ANONYMOUS FTP LOGIN FROM <*>, (anonymous)",,Seen,Linux,Similarity-Based,0.55,0.794249223,0.672124612
"ANONYMOUS FTP LOGIN FROM 84.102.20.2, (anonymous)",E9,"ANONYMOUS FTP LOGIN FROM <*>, (anonymous)",,Seen,Linux,Similarity-Based,0.55,0.794249223,0.672124612
"ANONYMOUS FTP LOGIN FROM 84.102.20.2, (anonymous)",E9,"ANONYMOUS FTP LOGIN FROM <*>, (anonymous)",,Seen,Linux,Similarity-Based,0.55,0.794249223,0.672124612
"ANONYMOUS FTP LOGIN FROM 84.102.20.2, (anonymous)",E9,"ANONYMOUS FTP LOGIN FROM <*>, (anonymous)",,Seen,Linux,Similarity-Based,0.55,0.794249223,0.672124612
"ANONYMOUS FTP LOGIN FROM 84.102.20.2, (anonymous)",E9,"ANONYMOUS FTP LOGIN FROM <*>, (anonymous)",,Seen,Linux,Similarity-Based,0.55,0.794249223,0.672124612
"ANONYMOUS FTP LOGIN FROM 84.102.20.2, (anonymous)",E9,"ANONYMOUS FTP LOGIN FROM <*>, (anonymous)",,Seen,Linux,Similarity-Based,0.55,0.794249223,0.672124612
"ANONYMOUS FTP LOGIN FROM 84.102.20.2, (anonymous)",E9,"ANONYMOUS FTP LOGIN FROM <*>, (anonymous)",,Seen,Linux,Similarity-Based,0.55,0.794249223,0.672124612
"ANONYMOUS FTP LOGIN FROM 84.102.20.2, (anonymous)",E9,"ANONYMOUS FTP LOGIN FROM <*>, (anonymous)",,Seen,Linux,Similarity-Based,0.55,0.794249223,0.672124612
"ANONYMOUS FTP LOGIN FROM 84.102.20.2, (anonymous)",E9,"ANONYMOUS FTP LOGIN FROM <*>, (anonymous)",,Seen,Linux,Similarity-Based,0.55,0.794249223,0.672124612
"ANONYMOUS FTP LOGIN FROM 84.102.20.2, (anonymous)",E9,"ANONYMOUS FTP LOGIN FROM <*>, (anonymous)",,Seen,Linux,Similarity-Based,0.55,0.794249223,0.672124612
restart.,E90,restart.,,Unseen,Linux,Rule-Based,0.3,0,0.15
restart.,E90,restart.,,Unseen,Linux,Rule-Based,0.3,0,0.15
restart.,E90,restart.,,Unseen,Linux,Rule-Based,0.3,0,0.15
restart.,E90,restart.,,Unseen,Linux,Rule-Based,0.3,0,0.15
restart.,E90,restart.,,Unseen,Linux,Rule-Based,0.3,0,0.15
restart.,E90,restart.,,Unseen,Linux,Rule-Based,0.3,0,0.15
restart.,E90,restart.,,Unseen,Linux,Rule-Based,0.3,0,0.15
restart.,E90,restart.,,Unseen,Linux,Rule-Based,0.3,0,0.15
restart.,E90,restart.,,Unseen,Linux,Rule-Based,0.3,0,0.15
restart.,E90,restart.,,Unseen,Linux,Rule-Based,0.3,0,0.15
ROOT LOGIN ON tty2,E91,<*> LOGIN ON tty2,,Seen,Linux,Similarity-Based,0.4,0.703460158,0.551730079
ROOT LOGIN ON tty2,E91,<*> LOGIN ON tty2,,Seen,Linux,Similarity-Based,0.4,0.703460158,0.551730079
ROOT LOGIN ON tty2,E91,<*> LOGIN ON tty2,,Seen,Linux,Similarity-Based,0.4,0.703460158,0.551730079
ROOT LOGIN ON tty2,E91,<*> LOGIN ON tty2,,Seen,Linux,Similarity-Based,0.4,0.703460158,0.551730079
ROOT LOGIN ON tty2,E91,<*> LOGIN ON tty2,,Seen,Linux,Similarity-Based,0.4,0.703460158,0.551730079
ROOT LOGIN ON tty2,E91,<*> LOGIN ON tty2,,Seen,Linux,Similarity-Based,0.4,0.703460158,0.551730079
ROOT LOGIN ON tty2,E91,<*> LOGIN ON tty2,,Seen,Linux,Similarity-Based,0.4,0.703460158,0.551730079
ROOT LOGIN ON tty2,E91,<*> LOGIN ON tty2,,Seen,Linux,Similarity-Based,0.4,0.703460158,0.551730079
ROOT LOGIN ON tty2,E91,<*> LOGIN ON tty2,,Seen,Linux,Similarity-Based,0.4,0.703460158,0.551730079
ROOT LOGIN ON tty2,E91,<*> LOGIN ON tty2,,Seen,Linux,Similarity-Based,0.4,0.703460158,0.551730079
rpc.idmapd startup succeeded,E92,rpc.idmapd startup succeeded,,Unseen,Linux,Rule-Based,0.3,0,0.15
rpc.idmapd startup succeeded,E92,rpc.idmapd startup succeeded,,Unseen,Linux,Rule-Based,0.3,0,0.15
rpc.idmapd startup succeeded,E92,rpc.idmapd startup succeeded,,Unseen,Linux,Rule-Based,0.3,0,0.15
rpc.idmapd startup succeeded,E92,rpc.idmapd startup succeeded,,Unseen,Linux,Rule-Based,0.3,0,0.15
rpc.idmapd startup succeeded,E92,rpc.idmapd startup succeeded,,Unseen,Linux,Rule-Based,0.3,0,0.15
rpc.idmapd startup succeeded,E92,rpc.idmapd startup succeeded,,Unseen,Linux,Rule-Based,0.3,0,0.15
rpc.idmapd startup succeeded,E92,rpc.idmapd startup succeeded,,Unseen,Linux,Rule-Based,0.3,0,0.15
rpc.idmapd startup succeeded,E92,rpc.idmapd startup succeeded,,Unseen,Linux,Rule-Based,0.3,0,0.15
rpc.idmapd startup succeeded,E92,rpc.idmapd startup succeeded,,Unseen,Linux,Rule-Based,0.3,0,0.15
rpc.idmapd startup succeeded,E92,rpc.idmapd startup succeeded,,Unseen,Linux,Rule-Based,0.3,0,0.15
rpc.statd startup succeeded,E93,rpc.statd startup succeeded,,Unseen,Linux,Rule-Based,0.3,0,0.15
rpc.statd startup succeeded,E93,rpc.statd startup succeeded,,Unseen,Linux,Rule-Based,0.3,0,0.15
rpc.statd startup succeeded,E93,rpc.statd startup succeeded,,Unseen,Linux,Rule-Based,0.3,0,0.15
rpc.statd startup succeeded,E93,rpc.statd startup succeeded,,Unseen,Linux,Rule-Based,0.3,0,0.15
rpc.statd startup succeeded,E93,rpc.statd startup succeeded,,Unseen,Linux,Rule-Based,0.3,0,0.15
rpc.statd startup succeeded,E93,rpc.statd startup succeeded,,Unseen,Linux,Rule-Based,0.3,0,0.15
rpc.statd startup succeeded,E93,rpc.statd startup succeeded,,Unseen,Linux,Rule-Based,0.3,0,0.15
rpc.statd startup succeeded,E93,rpc.statd startup succeeded,,Unseen,Linux,Rule-Based,0.3,0,0.15
rpc.statd startup succeeded,E93,rpc.statd startup succeeded,,Unseen,Linux,Rule-Based,0.3,0,0.15
rpc.statd startup succeeded,E93,rpc.statd startup succeeded,,Unseen,Linux,Rule-Based,0.3,0,0.15
sdpd startup succeeded,E94,sdpd startup succeeded,,Unseen,Linux,Rule-Based,0.3,0,0.15
sdpd startup succeeded,E94,sdpd startup succeeded,,Unseen,Linux,Rule-Based,0.3,0,0.15
sdpd startup succeeded,E94,sdpd startup succeeded,,Unseen,Linux,Rule-Based,0.3,0,0.15
sdpd startup succeeded,E94,sdpd startup succeeded,,Unseen,Linux,Rule-Based,0.3,0,0.15
sdpd startup succeeded,E94,sdpd startup succeeded,,Unseen,Linux,Rule-Based,0.3,0,0.15
sdpd startup succeeded,E94,sdpd startup succeeded,,Unseen,Linux,Rule-Based,0.3,0,0.15
sdpd startup succeeded,E94,sdpd startup succeeded,,Unseen,Linux,Rule-Based,0.3,0,0.15
sdpd startup succeeded,E94,sdpd startup succeeded,,Unseen,Linux,Rule-Based,0.3,0,0.15
sdpd startup succeeded,E94,sdpd startup succeeded,,Unseen,Linux,Rule-Based,0.3,0,0.15
sdpd startup succeeded,E94,sdpd startup succeeded,,Unseen,Linux,Rule-Based,0.3,0,0.15
sdpd v1.5 started,E95,sdpd <*> v<*> started,,Seen,Linux,Similarity-Based,0.4,0.735891228,0.567945614
sdpd v1.5 started,E95,sdpd <*> v<*> started,,Seen,Linux,Similarity-Based,0.4,0.735891228,0.567945614
sdpd v1.5 started,E95,sdpd <*> v<*> started,,Seen,Linux,Similarity-Based,0.4,0.735891228,0.567945614
sdpd v1.5 started,E95,sdpd <*> v<*> started,,Seen,Linux,Similarity-Based,0.4,0.735891228,0.567945614
sdpd v1.5 started,E95,sdpd <*> v<*> started,,Seen,Linux,Similarity-Based,0.4,0.735891228,0.567945614
sdpd v1.5 started,E95,sdpd <*> v<*> started,,Seen,Linux,Similarity-Based,0.4,0.735891228,0.567945614
sdpd v1.5 started,E95,sdpd <*> v<*> started,,Seen,Linux,Similarity-Based,0.4,0.735891228,0.567945614
sdpd v1.5 started,E95,sdpd <*> v<*> started,,Seen,Linux,Similarity-Based,0.4,0.735891228,0.567945614
sdpd v1.5 started,E95,sdpd <*> v<*> started,,Seen,Linux,Similarity-Based,0.4,0.735891228,0.567945614
sdpd v1.5 started,E95,sdpd <*> v<*> started,,Seen,Linux,Similarity-Based,0.4,0.735891228,0.567945614
Security Scaffold v1.0.0 initialized,E96,Security Scaffold <*> initialized,,Seen,Linux,Similarity-Based,0.4,0.871203133,0.635601567
Security Scaffold v1.0.0 initialized,E96,Security Scaffold <*> initialized,,Seen,Linux,Similarity-Based,0.4,0.871203133,0.635601567
Security Scaffold v1.0.0 initialized,E96,Security Scaffold <*> initialized,,Seen,Linux,Similarity-Based,0.4,0.871203133,0.635601567
Security Scaffold v1.0.0 initialized,E96,Security Scaffold <*> initialized,,Seen,Linux,Similarity-Based,0.4,0.871203133,0.635601567
Security Scaffold v1.0.0 initialized,E96,Security Scaffold <*> initialized,,Seen,Linux,Similarity-Based,0.4,0.871203133,0.635601567
Security Scaffold v1.0.0 initialized,E96,Security Scaffold <*> initialized,,Seen,Linux,Similarity-Based,0.4,0.871203133,0.635601567
Security Scaffold v1.0.0 initialized,E96,Security Scaffold <*> initialized,,Seen,Linux,Similarity-Based,0.4,0.871203133,0.635601567
Security Scaffold v1.0.0 initialized,E96,Security Scaffold <*> initialized,,Seen,Linux,Similarity-Based,0.4,0.871203133,0.635601567
Security Scaffold v1.0.0 initialized,E96,Security Scaffold <*> initialized,,Seen,Linux,Similarity-Based,0.4,0.871203133,0.635601567
Security Scaffold v1.0.0 initialized,E96,Security Scaffold <*> initialized,,Seen,Linux,Similarity-Based,0.4,0.871203133,0.635601567
SELinux: Initializing.,E97,SELinux: Initializing.,,Unseen,Linux,Rule-Based,0.3,0,0.15
SELinux: Initializing.,E97,SELinux: Initializing.,,Unseen,Linux,Rule-Based,0.3,0,0.15
SELinux: Initializing.,E97,SELinux: Initializing.,,Unseen,Linux,Rule-Based,0.3,0,0.15
SELinux: Initializing.,E97,SELinux: Initializing.,,Unseen,Linux,Rule-Based,0.3,0,0.15
SELinux: Initializing.,E97,SELinux: Initializing.,,Unseen,Linux,Rule-Based,0.3,0,0.15
SELinux: Initializing.,E97,SELinux: Initializing.,,Unseen,Linux,Rule-Based,0.3,0,0.15
SELinux: Initializing.,E97,SELinux: Initializing.,,Unseen,Linux,Rule-Based,0.3,0,0.15
SELinux: Initializing.,E97,SELinux: Initializing.,,Unseen,Linux,Rule-Based,0.3,0,0.15
SELinux: Initializing.,E97,SELinux: Initializing.,,Unseen,Linux,Rule-Based,0.3,0,0.15
SELinux: Initializing.,E97,SELinux: Initializing.,,Unseen,Linux,Rule-Based,0.3,0,0.15
SELinux: Registering netfilter hooks,E98,Registering netfilter hooks,,Unseen,Linux,Rule-Based,0.3,0,0.15
SELinux: Registering netfilter hooks,E98,Registering netfilter hooks,,Unseen,Linux,Rule-Based,0.3,0,0.15
SELinux: Registering netfilter hooks,E98,Registering netfilter hooks,,Unseen,Linux,Rule-Based,0.3,0,0.15
SELinux: Registering netfilter hooks,E98,Registering netfilter hooks,,Unseen,Linux,Rule-Based,0.3,0,0.15
SELinux: Registering netfilter hooks,E98,Registering netfilter hooks,,Unseen,Linux,Rule-Based,0.3,0,0.15
SELinux: Registering netfilter hooks,E98,Registering netfilter hooks,,Unseen,Linux,Rule-Based,0.3,0,0.15
SELinux: Registering netfilter hooks,E98,Registering netfilter hooks,,Unseen,Linux,Rule-Based,0.3,0,0.15
SELinux: Registering netfilter hooks,E98,Registering netfilter hooks,,Unseen,Linux,Rule-Based,0.3,0,0.15
SELinux: Registering netfilter hooks,E98,Registering netfilter hooks,,Unseen,Linux,Rule-Based,0.3,0,0.15
SELinux: Registering netfilter hooks,E98,Registering netfilter hooks,,Unseen,Linux,Rule-Based,0.3,0,0.15
SELinux: Starting in permissive mode,E99,SELinux: Starting in permissive mode,,Unseen,Linux,Rule-Based,0.3,0,0.15
SELinux: Starting in permissive mode,E99,SELinux: Starting in permissive mode,,Unseen,Linux,Rule-Based,0.3,0,0.15
SELinux: Starting in permissive mode,E99,SELinux: Starting in permissive mode,,Unseen,Linux,Rule-Based,0.3,0,0.15
SELinux: Starting in permissive mode,E99,SELinux: Starting in permissive mode,,Unseen,Linux,Rule-Based,0.3,0,0.15
SELinux: Starting in permissive mode,E99,SELinux: Starting in permissive mode,,Unseen,Linux,Rule-Based,0.3,0,0.15
SELinux: Starting in permissive mode,E99,SELinux: Starting in permissive mode,,Unseen,Linux,Rule-Based,0.3,0,0.15
SELinux: Starting in permissive mode,E99,SELinux: Starting in permissive mode,,Unseen,Linux,Rule-Based,0.3,0,0.15
SELinux: Starting in permissive mode,E99,SELinux: Starting in permissive mode,,Unseen,Linux,Rule-Based,0.3,0,0.15
SELinux: Starting in permissive mode,E99,SELinux: Starting in permissive mode,,Unseen,Linux,Rule-Based,0.3,0,0.15
SELinux: Starting in permissive mode,E99,SELinux: Starting in permissive mode,,Unseen,Linux,Rule-Based,0.3,0,0.15
jk2_init() Found child 6725 in scoreboard slot 10,E1,jk2_init() Found child <*> in scoreboard slot <*>,,Unseen,Apache,Similarity-Based,0.433333333,0.8441437,0.638738517
jk2_init() Found child 6726 in scoreboard slot 8,E1,jk2_init() Found child <*> in scoreboard slot <*>,,Unseen,Apache,Similarity-Based,0.433333333,0.838162966,0.63574815
jk2_init() Found child 6728 in scoreboard slot 6,E1,jk2_init() Found child <*> in scoreboard slot <*>,,Unseen,Apache,Similarity-Based,0.433333333,0.823714394,0.628523864
jk2_init() Found child 6736 in scoreboard slot 10,E1,jk2_init() Found child <*> in scoreboard slot <*>,,Unseen,Apache,Similarity-Based,0.433333333,0.842124616,0.637728975
jk2_init() Found child 6733 in scoreboard slot 7,E1,jk2_init() Found child <*> in scoreboard slot <*>,,Unseen,Apache,Similarity-Based,0.433333333,0.842506398,0.637919865
jk2_init() Found child 6734 in scoreboard slot 9,E1,jk2_init() Found child <*> in scoreboard slot <*>,,Unseen,Apache,Similarity-Based,0.433333333,0.836420378,0.634876856
jk2_init() Found child 6738 in scoreboard slot 6,E1,jk2_init() Found child <*> in scoreboard slot <*>,,Unseen,Apache,Similarity-Based,0.433333333,0.83220953,0.632771432
jk2_init() Found child 6741 in scoreboard slot 9,E1,jk2_init() Found child <*> in scoreboard slot <*>,,Unseen,Apache,Similarity-Based,0.433333333,0.841265507,0.63729942
jk2_init() Found child 6740 in scoreboard slot 7,E1,jk2_init() Found child <*> in scoreboard slot <*>,,Unseen,Apache,Similarity-Based,0.433333333,0.833773656,0.633553494
jk2_init() Found child 6737 in scoreboard slot 8,E1,jk2_init() Found child <*> in scoreboard slot <*>,,Unseen,Apache,Similarity-Based,0.433333333,0.838375156,0.635854245
workerEnv.init() ok /etc/httpd/conf/workers2.properties,E2,workerEnv.init() ok <*>,,Unseen,Apache,Rule-Based,0.5,0,0.25
workerEnv.init() ok /etc/httpd/conf/workers2.properties,E2,workerEnv.init() ok <*>,,Unseen,Apache,Rule-Based,0.5,0,0.25
workerEnv.init() ok /etc/httpd/conf/workers2.properties,E2,workerEnv.init() ok <*>,,Unseen,Apache,Rule-Based,0.5,0,0.25
workerEnv.init() ok /etc/httpd/conf/workers2.properties,E2,workerEnv.init() ok <*>,,Unseen,Apache,Rule-Based,0.5,0,0.25
workerEnv.init() ok /etc/httpd/conf/workers2.properties,E2,workerEnv.init() ok <*>,,Unseen,Apache,Rule-Based,0.5,0,0.25
workerEnv.init() ok /etc/httpd/conf/workers2.properties,E2,workerEnv.init() ok <*>,,Unseen,Apache,Rule-Based,0.5,0,0.25
workerEnv.init() ok /etc/httpd/conf/workers2.properties,E2,workerEnv.init() ok <*>,,Unseen,Apache,Rule-Based,0.5,0,0.25
workerEnv.init() ok /etc/httpd/conf/workers2.properties,E2,workerEnv.init() ok <*>,,Unseen,Apache,Rule-Based,0.5,0,0.25
workerEnv.init() ok /etc/httpd/conf/workers2.properties,E2,workerEnv.init() ok <*>,,Unseen,Apache,Rule-Based,0.5,0,0.25
workerEnv.init() ok /etc/httpd/conf/workers2.properties,E2,workerEnv.init() ok <*>,,Unseen,Apache,Rule-Based,0.5,0,0.25
mod_jk child workerEnv in error state 6,E3,mod_jk child workerEnv in error state <*>,,Seen,Apache,Similarity-Based,0.4,0.866851213,0.633425606
mod_jk child workerEnv in error state 6,E3,mod_jk child workerEnv in error state <*>,,Seen,Apache,Similarity-Based,0.4,0.866851213,0.633425606
mod_jk child workerEnv in error state 6,E3,mod_jk child workerEnv in error state <*>,,Seen,Apache,Similarity-Based,0.4,0.866851213,0.633425606
mod_jk child workerEnv in error state 6,E3,mod_jk child workerEnv in error state <*>,,Seen,Apache,Similarity-Based,0.4,0.866851213,0.633425606
mod_jk child workerEnv in error state 6,E3,mod_jk child workerEnv in error state <*>,,Seen,Apache,Similarity-Based,0.4,0.866851213,0.633425606
mod_jk child workerEnv in error state 6,E3,mod_jk child workerEnv in error state <*>,,Seen,Apache,Similarity-Based,0.4,0.866851213,0.633425606
mod_jk child workerEnv in error state 7,E3,mod_jk child workerEnv in error state <*>,,Seen,Apache,Similarity-Based,0.4,0.872390111,0.636195056
mod_jk child workerEnv in error state 7,E3,mod_jk child workerEnv in error state <*>,,Seen,Apache,Similarity-Based,0.4,0.872390111,0.636195056
mod_jk child workerEnv in error state 7,E3,mod_jk child workerEnv in error state <*>,,Seen,Apache,Similarity-Based,0.4,0.872390111,0.636195056
mod_jk child workerEnv in error state 6,E3,mod_jk child workerEnv in error state <*>,,Seen,Apache,Similarity-Based,0.4,0.866851213,0.633425606
[client 222.166.160.184] Directory index forbidden by rule: /var/www/html/,E4,[client <*>] Directory index forbidden by rule: <*>,,Seen,Apache,Similarity-Based,0.6,0.768444174,0.684222087
[client 63.13.186.196] Directory index forbidden by rule: /var/www/html/,E4,[client <*>] Directory index forbidden by rule: <*>,,Seen,Apache,Similarity-Based,0.6,0.770879744,0.685439872
[client 147.31.138.75] Directory index forbidden by rule: /var/www/html/,E4,[client <*>] Directory index forbidden by rule: <*>,,Seen,Apache,Similarity-Based,0.6,0.76178845,0.680894225
[client 207.203.80.15] Directory index forbidden by rule: /var/www/html/,E4,[client <*>] Directory index forbidden by rule: <*>,,Seen,Apache,Similarity-Based,0.6,0.751475549,0.675737774
[client 218.76.139.20] Directory index forbidden by rule: /var/www/html/,E4,[client <*>] Directory index forbidden by rule: <*>,,Seen,Apache,Similarity-Based,0.6,0.774258619,0.68712931
[client 24.147.151.74] Directory index forbidden by rule: /var/www/html/,E4,[client <*>] Directory index forbidden by rule: <*>,,Seen,Apache,Similarity-Based,0.6,0.772712274,0.686356137
[client 211.141.93.88] Directory index forbidden by rule: /var/www/html/,E4,[client <*>] Directory index forbidden by rule: <*>,,Seen,Apache,Similarity-Based,0.6,0.765350313,0.682675157
[client 216.127.124.16] Directory index forbidden by rule: /var/www/html/,E4,[client <*>] Directory index forbidden by rule: <*>,,Seen,Apache,Similarity-Based,0.6,0.754559542,0.677279771
[client 208.51.151.210] Directory index forbidden by rule: /var/www/html/,E4,[client <*>] Directory index forbidden by rule: <*>,,Seen,Apache,Similarity-Based,0.6,0.763702163,0.681851082
[client 65.68.235.27] Directory index forbidden by rule: /var/www/html/,E4,[client <*>] Directory index forbidden by rule: <*>,,Seen,Apache,Similarity-Based,0.6,0.763556265,0.681778133
jk2_init() Can't find child 1566 in scoreboard,E5,jk2_init() Can't find child <*> in scoreboard,,Seen,Apache,Similarity-Based,0.433333333,0.894655975,0.663994654
jk2_init() Can't find child 1567 in scoreboard,E5,jk2_init() Can't find child <*> in scoreboard,,Seen,Apache,Similarity-Based,0.433333333,0.900304457,0.666818895
jk2_init() Can't find child 2082 in scoreboard,E5,jk2_init() Can't find child <*> in scoreboard,,Seen,Apache,Similarity-Based,0.433333333,0.891468065,0.662400699
jk2_init() Can't find child 2085 in scoreboard,E5,jk2_init() Can't find child <*> in scoreboard,,Seen,Apache,Similarity-Based,0.433333333,0.884019608,0.658676471
jk2_init() Can't find child 2086 in scoreboard,E5,jk2_init() Can't find child <*> in scoreboard,,Seen,Apache,Similarity-Based,0.433333333,0.879151663,0.656242498
jk2_init() Can't find child 2087 in scoreboard,E5,jk2_init() Can't find child <*> in scoreboard,,Seen,Apache,Similarity-Based,0.433333333,0.890231116,0.661782225
jk2_init() Can't find child 5053 in scoreboard,E5,jk2_init() Can't find child <*> in scoreboard,,Seen,Apache,Similarity-Based,0.433333333,0.860593266,0.6469633
jk2_init() Can't find child 5054 in scoreboard,E5,jk2_init() Can't find child <*> in scoreboard,,Seen,Apache,Similarity-Based,0.433333333,0.861101795,0.647217564
jk2_init() Can't find child 5619 in scoreboard,E5,jk2_init() Can't find child <*> in scoreboard,,Seen,Apache,Similarity-Based,0.433333333,0.872817734,0.653075534
jk2_init() Can't find child 5620 in scoreboard,E5,jk2_init() Can't find child <*> in scoreboard,,Seen,Apache,Similarity-Based,0.433333333,0.858803972,0.646068653
mod_jk child init 1 -2,E6,mod_jk child init <*> <*>,,Unseen,Apache,Rule-Based,0.4,0,0.2
mod_jk child init 1 -2,E6,mod_jk child init <*> <*>,,Unseen,Apache,Rule-Based,0.4,0,0.2
mod_jk child init 1 -2,E6,mod_jk child init <*> <*>,,Unseen,Apache,Rule-Based,0.4,0,0.2
mod_jk child init 1 -2,E6,mod_jk child init <*> <*>,,Unseen,Apache,Rule-Based,0.4,0,0.2
mod_jk child init 1 -2,E6,mod_jk child init <*> <*>,,Unseen,Apache,Rule-Based,0.4,0,0.2
mod_jk child init 1 -2,E6,mod_jk child init <*> <*>,,Unseen,Apache,Rule-Based,0.4,0,0.2
mod_jk child init 1 -2,E6,mod_jk child init <*> <*>,,Unseen,Apache,Rule-Based,0.4,0,0.2
mod_jk child init 1 -2,E6,mod_jk child init <*> <*>,,Unseen,Apache,Rule-Based,0.4,0,0.2
mod_jk child init 1 -2,E6,mod_jk child init <*> <*>,,Unseen,Apache,Rule-Based,0.4,0,0.2
mod_jk child init 1 -2,E6,mod_jk child init <*> <*>,,Unseen,Apache,Rule-Based,0.4,0,0.2
10.251.194.213:50010 Served block blk_-7724713468912166542 to /10.251.203.80,E1,10.0.0.0:0 Served block <*> to <*>,,Unseen,HDFS,Rule-Based,0.575,0,0.2875
10.251.91.229:50010 Served block blk_-3358448553918665902 to /10.251.91.229,E1,10.0.0.0:0 Served block <*> to <*>,,Unseen,HDFS,Rule-Based,0.575,0,0.2875
10.251.39.192:50010 Served block blk_-5341992729755584578 to /10.251.39.192,E1,10.0.0.0:0 Served block <*> to <*>,,Unseen,HDFS,Rule-Based,0.575,0,0.2875
10.250.5.237:50010 Served block blk_3166960787499091856 to /10.251.43.147,E1,10.0.0.0:0 Served block <*> to <*>,,Unseen,HDFS,Rule-Based,0.575,0,0.2875
10.251.71.68:50010 Served block blk_-2794533871450434534 to /10.251.199.150,E1,10.251.71.68:50010 Served block <*> to <*>,,Unseen,HDFS,Rule-Based,0.575,0,0.2875
10.251.214.32:50010 Served block blk_-6520030462660619051 to /10.251.215.70,E1,10.0.0.0:<*> Served block <*> to <*>,,Unseen,HDFS,Rule-Based,0.575,0,0.2875
10.250.6.214:50010 Served block blk_5739119717322549945 to /10.251.43.115,E1,10.0.0.0:0 Served block <*> to <*>,,Unseen,HDFS,Rule-Based,0.575,0,0.2875
10.251.203.166:50010 Served block blk_8787656642683881295 to /10.251.107.98,E1,10.0.0.0:0 Served block <*> to <*>,,Unseen,HDFS,Rule-Based,0.575,0,0.2875
10.251.111.80:50010 Served block blk_6296828743242110158 to /10.251.42.246,E1,10.0.0.0:<*> Served block <*> to <*>,,Unseen,HDFS,Rule-Based,0.575,0,0.2875
10.250.19.16:50010 Served block blk_1078000656626961731 to /10.250.19.16,E1,10.<*>: Served block <*> to <*>,,Unseen,HDFS,Rule-Based,0.575,0,0.2875
PacketResponder 1 for block blk_38865049064139660 terminating,E10,PacketResponder <*> for block <*> terminating,,Unseen,HDFS,Rule-Based,0.433333333,0,0.216666667
PacketResponder 0 for block blk_-6952295868487656571 terminating,E10,PacketResponder <*> for block blk_-<*> terminating,,Unseen,HDFS,Rule-Based,0.4,0,0.2
PacketResponder 2 for block blk_8229193803249955061 terminating,E10,PacketResponder <*> for block <*> terminating,,Unseen,HDFS,Rule-Based,0.433333333,0,0.216666667
PacketResponder 2 for block blk_-6670958622368987959 terminating,E10,PacketResponder <*> for block blk_-<*> terminating,,Unseen,HDFS,Rule-Based,0.4,0,0.2
PacketResponder 2 for block blk_572492839287299681 terminating,E10,PacketResponder <*> for block <*> terminating,,Unseen,HDFS,Rule-Based,0.433333333,0,0.216666667
PacketResponder 1 for block blk_5017373558217225674 terminating,E10,PacketResponder <*> for block <*> terminating,,Unseen,HDFS,Rule-Based,0.433333333,0,0.216666667
PacketResponder 1 for block blk_-5073870177832699716 terminating,E10,PacketResponder <*> for block blk_-<*> terminating,,Unseen,HDFS,Rule-Based,0.4,0,0.2
PacketResponder 0 for block blk_7791237942696729620 terminating,E10,PacketResponder <*> for block <*> terminating,,Unseen,HDFS,Rule-Based,0.433333333,0,0.216666667
PacketResponder 1 for block blk_-1527267659500322006 terminating,E10,PacketResponder <*> for block blk_-<*> terminating,,Unseen,HDFS,Rule-Based,0.4,0,0.2
PacketResponder 1 for block blk_4886940526690879848 terminating,E10,PacketResponder <*> for block <*> terminating,,Unseen,HDFS,Rule-Based,0.433333333,0,0.216666667
Received block blk_3587508140051953248 of size 67108864 from /10.251.42.84,E11,Received block <*> of size <*> from <*>,,Seen,HDFS,Similarity-Based,0.5,0.761916436,0.630958218
Received block blk_5402003568334525940 of size 67108864 from /10.251.214.112,E11,Received block <*>\_<*>\_<*> of size <*>\_<*> from <*>,,Seen,HDFS,Similarity-Based,0.5,0.758676912,0.629338456
Received block blk_9212264480425680329 of size 67108864 from /10.251.123.1,E11,Received block <*> of size <*> from <*>,,Seen,HDFS,Similarity-Based,0.5,0.739736282,0.619868141
Received block blk_-5704899712662113150 of size 67108864 from /10.251.91.229,E11,Received block <*> of size <*> from <*>,,Seen,HDFS,Similarity-Based,0.5,0.733857167,0.616928584
Received block blk_-5861636720645142679 of size 67108864 from /10.251.70.211,E11,Received block <*> of size <*> from <*>,,Seen,HDFS,Similarity-Based,0.5,0.749490399,0.624745199
Received block blk_8291449241650212794 of size 67108864 from /10.251.89.155,E11,Received block <*>\_<*>\_<*> of size <*>\_<*> from <*>,,Seen,HDFS,Similarity-Based,0.5,0.754528115,0.627264058
Received block blk_-5974833545991408899 of size 67108864 from /10.251.31.180,E11,Received block <*> of size <*> from <*>,,Seen,HDFS,Similarity-Based,0.5,0.747754176,0.623877088
Received block blk_6921674711959888070 of size 67108864 from /10.251.65.203,E11,Received block <*>\_<*>\_<*> of size <*>\_<*> from <*>,,Seen,HDFS,Similarity-Based,0.5,0.753182209,0.626591105
Received block blk_-7526945448667194862 of size 67108864 from /10.251.203.80,E11,Received block <*> of size <*> from <*>,,Seen,HDFS,Similarity-Based,0.5,0.740856147,0.620428073
Received block blk_-2094397855762091248 of size 67108864 from /10.251.126.83,E11,Received block <*> of size <*> from <*>,,Seen,HDFS,Similarity-Based,0.5,0.745691725,0.622845863
Received block blk_-4411589101766563890 src: /10.250.14.38:37362 dest: /10.250.14.38:50010 of size 67108864,E12,Received block <*> src: <*> dest: <*> of size <*>,,Unseen,HDFS,Similarity-Based,0.566666667,0.746133362,0.656400014
Received block blk_-4411589101766563890 src: /10.250.14.38:37362 dest: /10.250.14.38:50010 of size 67108864,E12,Received block <*> src: <*> dest: <*> of size <*>,,Unseen,HDFS,Similarity-Based,0.566666667,0.746133362,0.656400014
Received block blk_-4411589101766563890 src: /10.250.14.38:37362 dest: /10.250.14.38:50010 of size 67108864,E12,Received block <*> src: <*> dest: <*> of size <*>,,Unseen,HDFS,Similarity-Based,0.566666667,0.746133362,0.656400014
Received block blk_-4411589101766563890 src: /10.250.14.38:37362 dest: /10.250.14.38:50010 of size 67108864,E12,Received block <*> src: <*> dest: <*> of size <*>,,Unseen,HDFS,Similarity-Based,0.566666667,0.746133362,0.656400014
Received block blk_-4411589101766563890 src: /10.250.14.38:37362 dest: /10.250.14.38:50010 of size 67108864,E12,Received block <*> src: <*> dest: <*> of size <*>,,Unseen,HDFS,Similarity-Based,0.566666667,0.746133362,0.656400014
Received block blk_1473949624670719319 src: /10.251.29.239:35617 dest: /10.251.29.239:50010 of size 67108864,E12,Received block <*> src: <*> dest: <*> of size <*>,,Unseen,HDFS,Similarity-Based,0.55,0.744592791,0.647296395
Received block blk_1473949624670719319 src: /10.251.29.239:35617 dest: /10.251.29.239:50010 of size 67108864,E12,Received block <*> src: <*> dest: <*> of size <*>,,Unseen,HDFS,Similarity-Based,0.55,0.744592791,0.647296395
Received block blk_1473949624670719319 src: /10.251.29.239:35617 dest: /10.251.29.239:50010 of size 67108864,E12,Received block <*> src: <*> dest: <*> of size <*>,,Unseen,HDFS,Similarity-Based,0.55,0.744592791,0.647296395
Received block blk_1473949624670719319 src: /10.251.29.239:35617 dest: /10.251.29.239:50010 of size 67108864,E12,Received block <*> src: <*> dest: <*> of size <*>,,Unseen,HDFS,Similarity-Based,0.55,0.744592791,0.647296395
Received block blk_1473949624670719319 src: /10.251.29.239:35617 dest: /10.251.29.239:50010 of size 67108864,E12,Received block <*> src: <*> dest: <*> of size <*>,,Unseen,HDFS,Similarity-Based,0.55,0.744592791,0.647296395
Receiving block blk_5792489080791696128 src: /10.251.30.6:33145 dest: /10.251.30.6:50010,E13,Receiving block <*> src: <*>:<*> dest: <*>:<*>,,Seen,HDFS,Similarity-Based,0.566666667,0.792174551,0.679420609
Receiving block blk_1724757848743533110 src: /10.251.111.130:49851 dest: /10.251.111.130:50010,E13,Receiving block <*> src: <*>:<*> dest: <*>:<*>,,Seen,HDFS,Similarity-Based,0.566666667,0.792717776,0.679692221
Receiving block blk_-5623176793330377570 src: /10.251.75.228:53725 dest: /10.251.75.228:50010,E13,Receiving block <*> src: <*>:<*> dest: <*>:<*>,,Seen,HDFS,Similarity-Based,0.566666667,0.785852031,0.676259349
Receiving block blk_-28342503914935090 src: /10.251.123.132:57542 dest: /10.251.123.132:50010,E13,Receiving block <*> src: <*>:<*> dest: <*>:<*>,,Seen,HDFS,Similarity-Based,0.566666667,0.787667129,0.677166898
Receiving block blk_-5009020203888190378 src: /10.251.199.19:52622 dest: /10.251.199.19:50010,E13,Receiving block <*-5009020203888190378> src: <*10.251.199.19:52622*> dest: <*10.251.199,,Seen,HDFS,Similarity-Based,0.566666667,0.845227813,0.70594724
Receiving block blk_2937758977269298350 src: /10.251.194.129:37476 dest: /10.251.194.129:50010,E13,Receiving block <*> src: <*>:<*> dest: <*>:<*>,,Seen,HDFS,Similarity-Based,0.566666667,0.797485831,0.682076249
Receiving block blk_-6276023454199613372 src: /10.251.65.237:34085 dest: /10.251.65.237:50010,E13,Receiving block <*> src: <*>:<*> dest: <*>:<*>,,Seen,HDFS,Similarity-Based,0.566666667,0.790188269,0.678427468
Receiving block blk_-6809181994368905854 src: /10.250.17.225:51754 dest: /10.250.17.225:50010,E13,Receiving block <*> src: <*>:<*> dest: <*>:<*>,,Seen,HDFS,Similarity-Based,0.566666667,0.774964654,0.67081566
Receiving block blk_-774267833966018354 src: /10.251.38.53:51057 dest: /10.251.38.53:50010,E13,Receiving block <*> src: <*>:<*> dest: <*>:<*>,,Seen,HDFS,Similarity-Based,0.566666667,0.78500501,0.675835838
Receiving block blk_-3509323198988774369 src: /10.250.6.214:52922 dest: /10.250.6.214:50010,E13,Receiving block <*> src: <*>:<*> dest: <*>:<*>,,Seen,HDFS,Similarity-Based,0.566666667,0.774944258,0.670805462
Verification succeeded for blk_-4980916519894289629,E14,Verification succeeded for blk-<*>,,Unseen,HDFS,Rule-Based,0.4,0,0.2
Verification succeeded for blk_-2827716238972737794,E14,Verification succeeded for blk_-<*>,,Unseen,HDFS,Rule-Based,0.4,0,0.2
Verification succeeded for blk_-1547954353065580372,E14,Verification succeeded for blk-<*>,,Unseen,HDFS,Rule-Based,0.4,0,0.2
Verification succeeded for blk_6996194389878584395,E14,Verification succeeded for <*>,,Unseen,HDFS,Rule-Based,0.4,0,0.2
Verification succeeded for blk_3141363517520802396,E14,Verification succeeded for <*>,,Unseen,HDFS,Rule-Based,0.4,0,0.2
Verification succeeded for blk_-1383276859207001328,E14,Verification succeeded for blk-<*>,,Unseen,HDFS,Rule-Based,0.4,0,0.2
Verification succeeded for blk_-4117999745005013424,E14,Verification succeeded for blk-<*>,,Unseen,HDFS,Rule-Based,0.4,0,0.2
Verification succeeded for blk_9188832735514090334,E14,Verification succeeded for <*>,,Unseen,HDFS,Rule-Based,0.4,0,0.2
Verification succeeded for blk_774612454978154966,E14,Verification succeeded for <*>,,Unseen,HDFS,Rule-Based,0.4,0,0.2
Verification succeeded for blk_1649162819905816843,E14,Verification succeeded for <*>,,Unseen,HDFS,Rule-Based,0.4,0,0.2
10.250.15.198:50010 Starting thread to transfer block blk_4292382298896622412 to 10.250.15.240:50010,E2,10.250.15.<*> starting thread to transfer block <*> to <*>,,Unseen,HDFS,Rule-Based,0.533333333,0,0.266666667
10.250.15.198:50010 Starting thread to transfer block blk_4292382298896622412 to 10.250.15.240:50010,E2,10.250.15.<*> starting thread to transfer block <*> to <*>,,Unseen,HDFS,Rule-Based,0.533333333,0,0.266666667
10.250.15.198:50010 Starting thread to transfer block blk_4292382298896622412 to 10.250.15.240:50010,E2,10.250.15.<*> starting thread to transfer block <*> to <*>,,Unseen,HDFS,Rule-Based,0.533333333,0,0.266666667
10.250.15.198:50010 Starting thread to transfer block blk_4292382298896622412 to 10.250.15.240:50010,E2,10.250.15.<*> starting thread to transfer block <*> to <*>,,Unseen,HDFS,Rule-Based,0.533333333,0,0.266666667
10.250.15.198:50010 Starting thread to transfer block blk_4292382298896622412 to 10.250.15.240:50010,E2,10.250.15.<*> starting thread to transfer block <*> to <*>,,Unseen,HDFS,Rule-Based,0.533333333,0,0.266666667
10.250.15.198:50010 Starting thread to transfer block blk_4292382298896622412 to 10.250.15.240:50010,E2,10.250.15.<*> starting thread to transfer block <*> to <*>,,Unseen,HDFS,Rule-Based,0.533333333,0,0.266666667
10.250.15.198:50010 Starting thread to transfer block blk_4292382298896622412 to 10.250.15.240:50010,E2,10.250.15.<*> starting thread to transfer block <*> to <*>,,Unseen,HDFS,Rule-Based,0.533333333,0,0.266666667
10.250.15.198:50010 Starting thread to transfer block blk_4292382298896622412 to 10.250.15.240:50010,E2,10.250.15.<*> starting thread to transfer block <*> to <*>,,Unseen,HDFS,Rule-Based,0.533333333,0,0.266666667
10.250.15.198:50010 Starting thread to transfer block blk_4292382298896622412 to 10.250.15.240:50010,E2,10.250.15.<*> starting thread to transfer block <*> to <*>,,Unseen,HDFS,Rule-Based,0.533333333,0,0.266666667
10.250.15.198:50010 Starting thread to transfer block blk_4292382298896622412 to 10.250.15.240:50010,E2,10.250.15.<*> starting thread to transfer block <*> to <*>,,Unseen,HDFS,Rule-Based,0.533333333,0,0.266666667
10.251.30.85:50010:Got exception while serving blk_-2918118818249673980 to /10.251.90.64:,E3,10.0.0.0:<*>:*:Got exception while serving <*> to <*>,,Seen,HDFS,Rule-Based,0.575,0,0.2875
10.251.126.255:50010:Got exception while serving blk_8376667364205250596 to /10.251.91.159:,E3,<*>:<*>:Got exception while serving <*> to <*/*>:,,Seen,HDFS,Similarity-Based,0.575,0.706968888,0.640984444
10.251.123.132:50010:Got exception while serving blk_3763728533434719668 to /10.251.38.214:,E3,<*>:<*>:Got exception while serving <*> to <*>:,,Seen,HDFS,Similarity-Based,0.575,0.708668726,0.641834363
10.250.13.188:50010:Got exception while serving blk_6241141267506413726 to /10.251.194.245:,E3,10.x.x.x:x:Got exception while serving <*> to <*>,,Seen,HDFS,Rule-Based,0.575,0,0.2875
10.251.199.19:50010:Got exception while serving blk_8466246428293623262 to /10.251.106.37:,E3,<*>:<*>:Got exception while serving <*> to <*/*>:,,Seen,HDFS,Similarity-Based,0.575,0.719639368,0.647319684
10.250.9.207:50010:Got exception while serving blk_-3140754468249228022 to /10.250.9.207:,E3,10.0.0.0:0:Got exception while serving <*> to <*>,,Seen,HDFS,Rule-Based,0.575,0,0.2875
10.251.202.134:50010:Got exception while serving blk_3441699978641526775 to /10.251.126.5:,E3,<*>:<*>:Got exception while serving <*> to <*/*>:,,Seen,HDFS,Similarity-Based,0.575,0.700194372,0.637597186
10.250.14.196:50010:Got exception while serving blk_-305633040016166849 to /10.251.38.53:,E3,10.250.14.196:<*>:*:Got exception while serving <*> to <*>,,Seen,HDFS,Rule-Based,0.575,0,0.2875
10.251.107.227:50010:Got exception while serving blk_-6290631608800952376 to /10.251.109.209:,E3,10.0.0.0:<*>:*:Got exception while serving <*> to <*>,,Seen,HDFS,Rule-Based,0.575,0,0.2875
10.251.90.64:50010:Got exception while serving blk_-4841792440390267307 to /10.251.90.239:,E3,<*>:<*>:Got exception while serving <*> to <*>:<*>,,Seen,HDFS,Similarity-Based,0.575,0.713013447,0.644006723
BLOCK* ask 10.250.18.114:50010 to delete  blk_-5140072410813878235,E4,BLOCK* ask <*> : <*> to delete <*>,,Seen,HDFS,Similarity-Based,0.533333333,0.816749117,0.675041225
BLOCK* ask 10.251.122.79:50010 to delete  blk_8048594464172649365,E4,BLOCK* ask <*> : <*> to delete <*>,,Seen,HDFS,Similarity-Based,0.533333333,0.818705939,0.676019636
BLOCK* ask 10.250.17.177:50010 to delete  blk_-8570780307468499817 blk_-9122557405432088649 blk_-4393063808227796056 blk_8767569714374844347 blk_7079754042611867581 blk_7608961006114219538 blk_-5017273584996436939 blk_-6537833125980536955 blk_7610838808763810123 blk_3300803097775546532 blk_-5120750586032922592 blk_1577274266662884430 blk_765879159867598347 blk_-9076085976403711202 blk_-3198963348573340497 blk_-4645750029177277209 blk_-5136142986912961316 blk_5677959846373741243 blk_2107477892986152528 blk_-4235116161537008844 blk_6082535783543982566 blk_-4809870147222033236 blk_8818706925296961012 blk_-5203577173046267127 blk_189089569009261656 blk_446299976487589160 blk_-3916247521166632303 blk_-3324962406687427922 blk_-1807424528783081572 blk_-6858401049333055963 blk_6036564204960295926 blk_-8140723044408248078 blk_-3800132731140204959 blk_1716344083117307767 blk_-5194808114606613364 blk_-5473871016976323232 blk_2920934363167004552 blk_8736689095894369097 blk_-7642734632751940776 blk_3408482260833769309 blk_118013751374560901 blk_7963891081239759520 blk_3813114133944383323 blk_3042818489384932576 blk_-4570173726231458270 blk_-1564644006975920581 blk_338095650783321996 blk_3150135312641203550 blk_4285859645577726288 blk_3438772130782939627 blk_2634772258588877972 blk_-6795664812575964130 blk_3923069610304693233 blk_-1782996202120067721 blk_2004418049430157212 blk_1932147224007687756 blk_-582901062969027153 blk_5072240701440032119 blk_-7919006477393039068 blk_-7318022361288598312 blk_-6974693594143537436 blk_-5435767047126325206 blk_-5805500288959332434 blk_-7109885589081848850 blk_2161580591957523893 blk_7240227881194993860 blk_-8298405680648445349 blk_-4253026248821272215 blk_8377661448601579317 blk_8029153852899017155 blk_-8754388319080705916 blk_-7844092300527332901 blk_710178463364063355 blk_-5136849989188547884 blk_8393887138377503163 blk_-6950176077776664217 blk_-6488701068659548195 blk_2537458728254532453 blk_364441107933628577 blk_6207861897580168557 blk_8814943807366894581 blk_-4150682644311695471 blk_9174833667156726933 blk_649427218152856001 blk_-7403541028238011236 blk_-334982586592048773 blk_61908781908925992 blk_6385574357371832424 blk_-66376131060945541 blk_1372596948297458670 blk_-3389135155401857220 blk_-6035411221441929663 blk_-5127580069634421247 blk_-5685246533892022418 blk_4977937528993040451 blk_5680538862600094527 blk_-8378747462487962732 blk_425101290285860876 blk_6306622708327890839 blk_-1067866602168873257,E4,BLOCK* ask <*>:\<*\>:<*\> to delete <*><*> <*><*> <*><*> <*><*> <*><*> <*><*> <*><*> <*><*> <*><*> <*><*> <*><*> <*><,,Seen,HDFS,Rule-Based,0.525,0,0.2625
BLOCK* ask 10.250.10.213:50010 to delete  blk_4029139044660806713 blk_-5471189807977280544 blk_6708643067868168687 blk_-500678958150296008 blk_-8597840983621849778 blk_-3610057702150392748 blk_-1709606535283888232 blk_-4154362211643572668 blk_-8892080524136798472 blk_5356427838869009345 blk_-6987238639050161133 blk_-5215128860160823363 blk_7186692462976470823 blk_-6538449588297475521 blk_-2165930080589343952 blk_-5524899010031625427 blk_6384439316405471171 blk_-2965258329365213675 blk_118950937507976810 blk_-1717088081766373300 blk_-3911466865418055820 blk_1237334407720045724 blk_-760015977981369567 blk_-6802007379650646616 blk_-7667535133893574689 blk_6865645438678864855 blk_4633996820313194570 blk_7225301266481603731 blk_-4930257130609958866 blk_-4124845864570823487 blk_4927011145115127531 blk_7234346856930822716 blk_7159969052744592746 blk_1296823600557793869 blk_2209319141644287774 blk_-622218131799806364 blk_-8154516246083521409 blk_4466433199471909449 blk_8406894133999850666 blk_991075908349619367 blk_-2081474832657208733 blk_-5573393775847919985 blk_2004177185950968695 blk_4041319486058127641 blk_6449230045010995668 blk_5978265573904271474 blk_-4813738732036414715 blk_4389340532803855247 blk_-857151863616763327 blk_-7200136644339435027 blk_-1454962873426270839 blk_-5012294311590635938 blk_7112727670634942639 blk_3335012758760643328 blk_3382627815322561484 blk_825124020036421636 blk_-8040559034239258688 blk_-5415591001139074826 blk_-1052513063506891954 blk_-1155882018729560343 blk_-5679835604685169040 blk_-4498808851217768984 blk_8345415947062862337 blk_8521655806854586696 blk_7602939593939794410 blk_-4833650023923869528 blk_7237730029042141635 blk_2860897425785746911 blk_-1937193099911148343 blk_5740615689780260922 blk_963252337613423037 blk_5537011318013544619 blk_2626057344048606017 blk_8296499240199635880 blk_7211071078501521087 blk_8823112510768971040 blk_-3366974935992288326 blk_-2947778702643296262 blk_7693891282153136044 blk_4644812717442758529 blk_-5724970555730638200 blk_-3039294462945223064 blk_-1729755380346651221 blk_-6448673813272428418 blk_-7724282460846954976 blk_2698691234887375588 blk_-4043525878322523713 blk_-5195120009388265 blk_8879208244602324204 blk_-5784376901556131897 blk_-5201149273969117873 blk_5253889604362640423 blk_7067050654303940677 blk_8992626816092659826 blk_-488462739843441981 blk_8543991617360374935 blk_1943146154560599630 blk_-9194660123773136535 blk_3351984198891394382 blk_-6759123807563555545,E4,Init_worker() Registered thread <*> under bucket <*>,,Seen,HDFS,Rule-Based,0.525,0,0.2625
BLOCK* ask 10.251.126.5:50010 to delete  blk_-9016567407076718172 blk_-8695715290502978219 blk_-7168328752988473716 blk_-4355192005224403537 blk_-3757501769775889193 blk_-154600013573668394 blk_167132135416677587 blk_2654596473569751784 blk_5202581916713319258,E4,BLOCK\* ask <*>:\<*\> to delete <*> <*> <*> <*> <*> <*> <*> <*> <*>,,Seen,HDFS,Similarity-Based,0.525,0.705884208,0.615442104
BLOCK* ask 10.250.18.114:50010 to delete  blk_-5140072410813878235,E4,BLOCK* ask <*> : <*> to delete <*>,,Seen,HDFS,Similarity-Based,0.533333333,0.816749117,0.675041225
BLOCK* ask 10.251.122.79:50010 to delete  blk_8048594464172649365,E4,BLOCK* ask <*> : <*> to delete <*>,,Seen,HDFS,Similarity-Based,0.533333333,0.818705939,0.676019636
BLOCK* ask 10.250.17.177:50010 to delete  blk_-8570780307468499817 blk_-9122557405432088649 blk_-4393063808227796056 blk_8767569714374844347 blk_7079754042611867581 blk_7608961006114219538 blk_-5017273584996436939 blk_-6537833125980536955 blk_7610838808763810123 blk_3300803097775546532 blk_-5120750586032922592 blk_1577274266662884430 blk_765879159867598347 blk_-9076085976403711202 blk_-3198963348573340497 blk_-4645750029177277209 blk_-5136142986912961316 blk_5677959846373741243 blk_2107477892986152528 blk_-4235116161537008844 blk_6082535783543982566 blk_-4809870147222033236 blk_8818706925296961012 blk_-5203577173046267127 blk_189089569009261656 blk_446299976487589160 blk_-3916247521166632303 blk_-3324962406687427922 blk_-1807424528783081572 blk_-6858401049333055963 blk_6036564204960295926 blk_-8140723044408248078 blk_-3800132731140204959 blk_1716344083117307767 blk_-5194808114606613364 blk_-5473871016976323232 blk_2920934363167004552 blk_8736689095894369097 blk_-7642734632751940776 blk_3408482260833769309 blk_118013751374560901 blk_7963891081239759520 blk_3813114133944383323 blk_3042818489384932576 blk_-4570173726231458270 blk_-1564644006975920581 blk_338095650783321996 blk_3150135312641203550 blk_4285859645577726288 blk_3438772130782939627 blk_2634772258588877972 blk_-6795664812575964130 blk_3923069610304693233 blk_-1782996202120067721 blk_2004418049430157212 blk_1932147224007687756 blk_-582901062969027153 blk_5072240701440032119 blk_-7919006477393039068 blk_-7318022361288598312 blk_-6974693594143537436 blk_-5435767047126325206 blk_-5805500288959332434 blk_-7109885589081848850 blk_2161580591957523893 blk_7240227881194993860 blk_-8298405680648445349 blk_-4253026248821272215 blk_8377661448601579317 blk_8029153852899017155 blk_-8754388319080705916 blk_-7844092300527332901 blk_710178463364063355 blk_-5136849989188547884 blk_8393887138377503163 blk_-6950176077776664217 blk_-6488701068659548195 blk_2537458728254532453 blk_364441107933628577 blk_6207861897580168557 blk_8814943807366894581 blk_-4150682644311695471 blk_9174833667156726933 blk_649427218152856001 blk_-7403541028238011236 blk_-334982586592048773 blk_61908781908925992 blk_6385574357371832424 blk_-66376131060945541 blk_1372596948297458670 blk_-3389135155401857220 blk_-6035411221441929663 blk_-5127580069634421247 blk_-5685246533892022418 blk_4977937528993040451 blk_5680538862600094527 blk_-8378747462487962732 blk_425101290285860876 blk_6306622708327890839 blk_-1067866602168873257,E4,BLOCK* ask <*>:\<*\>:<*\> to delete <*><*> <*><*> <*><*> <*><*> <*><*> <*><*> <*><*> <*><*> <*><*> <*><*> <*><*> <*><,,Seen,HDFS,Rule-Based,0.525,0,0.2625
BLOCK* ask 10.250.10.213:50010 to delete  blk_4029139044660806713 blk_-5471189807977280544 blk_6708643067868168687 blk_-500678958150296008 blk_-8597840983621849778 blk_-3610057702150392748 blk_-1709606535283888232 blk_-4154362211643572668 blk_-8892080524136798472 blk_5356427838869009345 blk_-6987238639050161133 blk_-5215128860160823363 blk_7186692462976470823 blk_-6538449588297475521 blk_-2165930080589343952 blk_-5524899010031625427 blk_6384439316405471171 blk_-2965258329365213675 blk_118950937507976810 blk_-1717088081766373300 blk_-3911466865418055820 blk_1237334407720045724 blk_-760015977981369567 blk_-6802007379650646616 blk_-7667535133893574689 blk_6865645438678864855 blk_4633996820313194570 blk_7225301266481603731 blk_-4930257130609958866 blk_-4124845864570823487 blk_4927011145115127531 blk_7234346856930822716 blk_7159969052744592746 blk_1296823600557793869 blk_2209319141644287774 blk_-622218131799806364 blk_-8154516246083521409 blk_4466433199471909449 blk_8406894133999850666 blk_991075908349619367 blk_-2081474832657208733 blk_-5573393775847919985 blk_2004177185950968695 blk_4041319486058127641 blk_6449230045010995668 blk_5978265573904271474 blk_-4813738732036414715 blk_4389340532803855247 blk_-857151863616763327 blk_-7200136644339435027 blk_-1454962873426270839 blk_-5012294311590635938 blk_7112727670634942639 blk_3335012758760643328 blk_3382627815322561484 blk_825124020036421636 blk_-8040559034239258688 blk_-5415591001139074826 blk_-1052513063506891954 blk_-1155882018729560343 blk_-5679835604685169040 blk_-4498808851217768984 blk_8345415947062862337 blk_8521655806854586696 blk_7602939593939794410 blk_-4833650023923869528 blk_7237730029042141635 blk_2860897425785746911 blk_-1937193099911148343 blk_5740615689780260922 blk_963252337613423037 blk_5537011318013544619 blk_2626057344048606017 blk_8296499240199635880 blk_7211071078501521087 blk_8823112510768971040 blk_-3366974935992288326 blk_-2947778702643296262 blk_7693891282153136044 blk_4644812717442758529 blk_-5724970555730638200 blk_-3039294462945223064 blk_-1729755380346651221 blk_-6448673813272428418 blk_-7724282460846954976 blk_2698691234887375588 blk_-4043525878322523713 blk_-5195120009388265 blk_8879208244602324204 blk_-5784376901556131897 blk_-5201149273969117873 blk_5253889604362640423 blk_7067050654303940677 blk_8992626816092659826 blk_-488462739843441981 blk_8543991617360374935 blk_1943146154560599630 blk_-9194660123773136535 blk_3351984198891394382 blk_-6759123807563555545,E4,Init_worker() Registered thread <*> under bucket <*>,,Seen,HDFS,Rule-Based,0.525,0,0.2625
BLOCK* ask 10.251.126.5:50010 to delete  blk_-9016567407076718172 blk_-8695715290502978219 blk_-7168328752988473716 blk_-4355192005224403537 blk_-3757501769775889193 blk_-154600013573668394 blk_167132135416677587 blk_2654596473569751784 blk_5202581916713319258,E4,BLOCK\* ask <*>:\<*\> to delete <*> <*> <*> <*> <*> <*> <*> <*> <*>,,Seen,HDFS,Similarity-Based,0.525,0.705884208,0.615442104
BLOCK* ask 10.250.14.38:50010 to replicate blk_-7571492020523929240 to datanode(s) 10.251.122.38:50010,E5,BLOCK* ask <*> to replicate blk_-<*> to datanode(s) <*>,,Unseen,HDFS,Rule-Based,0.533333333,0,0.266666667
BLOCK* ask 10.250.14.38:50010 to replicate blk_-7571492020523929240 to datanode(s) 10.251.122.38:500110,E5,BLOCK* ask <*> to replicate blk_-<*> to datanode(s) <*>,,Unseen,HDFS,Rule-Based,0.533333333,0,0.266666667
BLOCK* ask 10.250.14.38:50010 to replicate blk_-7571492020523929240 to datanode(s) 10.251.122.38:50010,E5,BLOCK* ask <*> to replicate blk_-<*> to datanode(s) <*>,,Unseen,HDFS,Rule-Based,0.533333333,0,0.266666667
BLOCK* ask 10.250.14.38:50010 to replicate blk_-7571492020523929240 to datanode(s) 10.251.122.38:50010,E5,BLOCK* ask <*> to replicate blk_-<*> to datanode(s) <*>,,Unseen,HDFS,Rule-Based,0.533333333,0,0.266666667
BLOCK* ask 10.250.14.38:50010 to replicate blk_-7571492020523929240 to datanode(s) 10.251.122.38:50010,E5,BLOCK* ask <*> to replicate blk_-<*> to datanode(s) <*>,,Unseen,HDFS,Rule-Based,0.533333333,0,0.266666667
BLOCK* ask 10.250.14.38:50010 to replicate blk_-7571492020523929240 to datanode(s) 10.251.122.38:50010,E5,BLOCK* ask <*> to replicate blk_-<*> to datanode(s) <*>,,Unseen,HDFS,Rule-Based,0.533333333,0,0.266666667
BLOCK* ask 10.250.14.38:50010 to replicate blk_-7571492020523929240 to datanode(s) 10.251.122.38:50010,E5,BLOCK* ask <*> to replicate blk_-<*> to datanode(s) <*>,,Unseen,HDFS,Rule-Based,0.533333333,0,0.266666667
BLOCK* ask 10.250.14.38:50010 to replicate blk_-7571492020523929240 to datanode(s) 10.251.122.38:50010,E5,BLOCK* ask <*> to replicate blk_-<*> to datanode(s) <*>,,Unseen,HDFS,Rule-Based,0.533333333,0,0.266666667
BLOCK* ask 10.250.14.38:50010 to replicate blk_-7571492020523929240 to datanode(s) 10.251.122.38:50010,E5,BLOCK* ask <*> to replicate blk_-<*> to datanode(s) <*>,,Unseen,HDFS,Rule-Based,0.533333333,0,0.266666667
BLOCK* ask 10.250.14.38:50010 to replicate blk_-7571492020523929240 to datanode(s) 10.251.122.38:50010,E5,BLOCK* ask <*> to replicate blk_-<*> to datanode(s) <*>,,Unseen,HDFS,Rule-Based,0.533333333,0,0.266666667
BLOCK* NameSystem.addStoredBlock: blockMap updated: 10.251.73.220:50010 is added to blk_7128370237687728475 size 67108864,E6,BLOCK* NameSystem.addStoredBlock: blockMap updated: <*>:*> is added to <*> size <*>,,Seen,HDFS,Similarity-Based,0.525,0.905054244,0.715027122
BLOCK* NameSystem.addStoredBlock: blockMap updated: 10.251.43.115:50010 is added to blk_3050920587428079149 size 67108864,E6,BLOCK* NameSystem.addStoredBlock: blockMap updated: <*>:*> is added to <*> size <*>,,Seen,HDFS,Similarity-Based,0.525,0.909328164,0.717164082
BLOCK* NameSystem.addStoredBlock: blockMap updated: 10.251.203.80:50010 is added to blk_7888946331804732825 size 67108864,E6,BLOCK* NameSystem.addStoredBlock: blockMap updated: <*>:*> is added to <*> size <*>,,Seen,HDFS,Similarity-Based,0.525,0.914579532,0.719789766
BLOCK* NameSystem.addStoredBlock: blockMap updated: 10.250.11.85:50010 is added to blk_2377150260128098806 size 67108864,E6,BLOCK* NameSystem.addStoredBlock: blockMap updated: <*>:*> is added to <*> size <*>,,Seen,HDFS,Similarity-Based,0.525,0.90921678,0.71710839
BLOCK* NameSystem.addStoredBlock: blockMap updated: 10.251.110.8:50010 is added to blk_8015913224713045110 size 67108864,E6,BLOCK* NameSystem.addStoredBlock: blockMap updated: <*> :<*> is added to <*> size <*>,,Seen,HDFS,Similarity-Based,0.525,0.912597456,0.718798728
BLOCK* NameSystem.addStoredBlock: blockMap updated: 10.251.111.130:50010 is added to blk_4568434182693165548 size 67108864,E6,BLOCK* NameSystem.addStoredBlock: blockMap updated: <*>:*> is added to <*> size <*>,,Seen,HDFS,Similarity-Based,0.525,0.910108645,0.717554322
BLOCK* NameSystem.addStoredBlock: blockMap updated: 10.251.74.79:50010 is added to blk_-4794867979917102672 size 67108864,E6,BLOCK* NameSystem.addStoredBlock: blockMap updated: <*>:*> is added to <*> size <*>,,Seen,HDFS,Similarity-Based,0.533333333,0.912707612,0.723020473
BLOCK* NameSystem.addStoredBlock: blockMap updated: 10.251.38.197:50010 is added to blk_8763662564934652249 size 67108864,E6,BLOCK* NameSystem.addStoredBlock: blockMap updated: <*>:*> is added to <*> size <*>,,Seen,HDFS,Similarity-Based,0.525,0.905250951,0.715125475
BLOCK* NameSystem.addStoredBlock: blockMap updated: 10.251.74.134:50010 is added to blk_7453815855294711849 size 67108864,E6,BLOCK* NameSystem.addStoredBlock: blockMap updated: <*>:*> is added to <*> size <*>,,Seen,HDFS,Similarity-Based,0.525,0.912394911,0.718697455
BLOCK* NameSystem.addStoredBlock: blockMap updated: 10.250.7.244:50010 is added to blk_5165786360127153975 size 67108864,E6,BLOCK* NameSystem.addStoredBlock: blockMap updated: <*>:*> is added to <*> size <*>,,Seen,HDFS,Similarity-Based,0.525,0.908506248,0.716753124
BLOCK* NameSystem.allocateBlock: /user/root/rand/_temporary/_task_200811092030_0001_m_000590_0/part-00590. blk_-1727475099218615100,E7,BLOCK* NameSystem.allocateBlock: <*> <*>,,Seen,HDFS,Similarity-Based,0.5,0.824542941,0.66227147
BLOCK* NameSystem.allocateBlock: /user/root/rand/_temporary/_task_200811092030_0001_m_000742_0/part-00742. blk_-7878121102358435702,E7,BLOCK* NameSystem.allocateBlock: <*> <*>,,Seen,HDFS,Similarity-Based,0.5,0.828563112,0.664281556
BLOCK* NameSystem.allocateBlock: /user/root/rand/_temporary/_task_200811092030_0001_m_000487_0/part-00487. blk_-5319073033164653435,E7,BLOCK* NameSystem.allocateBlock: <*> <*>,,Seen,HDFS,Similarity-Based,0.5,0.831729508,0.665864754
BLOCK* NameSystem.allocateBlock: /user/root/rand/_temporary/_task_200811092030_0001_m_001648_0/part-01648. blk_2513940824125131775,E7,BLOCK* NameSystem.allocateBlock: <*> <*> <*> <*>,,Seen,HDFS,Similarity-Based,0.5,0.827901136,0.663950568
BLOCK* NameSystem.allocateBlock: /user/root/rand/_temporary/_task_200811092030_0001_m_001866_0/part-01866. blk_-1282453782148343691,E7,BLOCK* NameSystem.allocateBlock: <*> <*>,,Seen,HDFS,Similarity-Based,0.5,0.83645859,0.668229295
BLOCK* NameSystem.allocateBlock: /user/root/sortrand/_temporary/_task_200811092030_0002_r_000296_0/part-00296. blk_-6620182933895093708,E7,BLOCK* NameSystem.allocateBlock: <*> <*>,,Seen,HDFS,Similarity-Based,0.5,0.826276778,0.663138389
BLOCK* NameSystem.allocateBlock: /user/root/sortrand/_temporary/_task_200811092030_0002_r_000230_0/part-00230. blk_559204981722276126,E7,BLOCK* NameSystem.allocateBlock: <*> <*>,,Seen,HDFS,Similarity-Based,0.5,0.823035906,0.661517953
BLOCK* NameSystem.allocateBlock: /user/root/sortrand/_temporary/_task_200811092030_0002_r_000169_0/part-00169. blk_-7105305952901940477,E7,BLOCK* NameSystem.allocateBlock: <*> <*>,,Seen,HDFS,Similarity-Based,0.5,0.828552571,0.664276286
BLOCK* NameSystem.allocateBlock: /user/root/sortrand/_temporary/_task_200811092030_0002_r_000318_0/part-00318. blk_-207775976836691685,E7,BLOCK* NameSystem.allocateBlock: <*> <*>,,Seen,HDFS,Similarity-Based,0.5,0.824799835,0.662399918
BLOCK* NameSystem.allocateBlock: /user/root/sortrand/_temporary/_task_200811092030_0002_r_000318_0/part-00318. blk_2096692261399680562,E7,BLOCK* NameSystem.allocateBlock: <*> <*> <*> <*>,,Seen,HDFS,Similarity-Based,0.5,0.816850526,0.658425263
BLOCK* NameSystem.delete: blk_2568309208894455676 is added to invalidSet of 10.251.31.160:50010,E8,BLOCK* NameSystem.delete: <*> is added to invalidSet of <*>:<*>,,Seen,HDFS,Similarity-Based,0.533333333,0.781866858,0.657600095
BLOCK* NameSystem.delete: blk_-1233005817943453613 is added to invalidSet of 10.251.75.49:50010,E8,BLOCK* NameSystem.delete: <*> is added to invalidSet of <*>:<*>,,Seen,HDFS,Similarity-Based,0.533333333,0.797248156,0.665290745
BLOCK* NameSystem.delete: blk_-8736461628840265232 is added to invalidSet of 10.251.195.70:50010,E8,BLOCK* NameSystem.delete: <*> is added to invalidSet of <*>:<*>,,Seen,HDFS,Similarity-Based,0.533333333,0.794555088,0.663944211
BLOCK* NameSystem.delete: blk_166171721314010075 is added to invalidSet of 10.251.30.85:50010,E8,BLOCK* NameSystem.delete: <*> is added to invalidSet of <*>:<*>,,Seen,HDFS,Similarity-Based,0.533333333,0.797053251,0.665193292
BLOCK* NameSystem.delete: blk_-3362838757940877177 is added to invalidSet of 10.250.5.161:50010,E8,BLOCK* NameSystem.delete: <*> is added to invalidSet of <*>:<*>,,Seen,HDFS,Similarity-Based,0.533333333,0.795085281,0.664209307
BLOCK* NameSystem.delete: blk_-8026264173633579073 is added to invalidSet of 10.251.214.18:50010,E8,BLOCK* NameSystem.delete: <*> is added to invalidSet of <*>:<*>,,Seen,HDFS,Similarity-Based,0.533333333,0.796310373,0.664821853
BLOCK* NameSystem.delete: blk_8350646254685996250 is added to invalidSet of 10.251.199.159:50010,E8,BLOCK* NameSystem.delete: <*> is added to invalidSet of <*>:<*>,,Seen,HDFS,Similarity-Based,0.533333333,0.791675945,0.662504639
BLOCK* NameSystem.delete: blk_-4702684774678057084 is added to invalidSet of 10.250.13.240:50010,E8,BLOCK* NameSystem.delete: <*> is added to invalidSet of <*>:<*>,,Seen,HDFS,Similarity-Based,0.533333333,0.791547699,0.662440516
BLOCK* NameSystem.delete: blk_434034567989619521 is added to invalidSet of 10.251.91.15:50010,E8,BLOCK* NameSystem.delete: <*> is added to invalidSet of <*>:<*>,,Seen,HDFS,Similarity-Based,0.533333333,0.797772234,0.665552784
BLOCK* NameSystem.delete: blk_413552235254424009 is added to invalidSet of 10.251.35.1:50010,E8,BLOCK* NameSystem.delete: <*> is added to invalidSet of <*>:<*>,,Seen,HDFS,Similarity-Based,0.533333333,0.790547629,0.661940481
Deleting block blk_1781953582842324563 file /mnt/hadoop/dfs/data/current/subdir5/blk_1781953582842324563,E9,Deleting block <*> file <*>,,Unseen,HDFS,Rule-Based,0.5,0,0.25
Deleting block blk_8483848473254499625 file /mnt/hadoop/dfs/data/current/subdir51/blk_8483848473254499625,E9,Deleting block <*> file <*>,,Unseen,HDFS,Rule-Based,0.5,0,0.25
Deleting block blk_-8898274302731129139 file /mnt/hadoop/dfs/data/current/subdir18/blk_-8898274302731129139,E9,Deleting block <*> file <*>,,Unseen,HDFS,Rule-Based,0.5,0,0.25
Deleting block blk_-8014701913801168461 file /mnt/hadoop/dfs/data/current/subdir27/blk_-8014701913801168461,E9,Deleting block <*> file <*>,,Unseen,HDFS,Rule-Based,0.5,0,0.25
Deleting block blk_-8775602795571523802 file /mnt/hadoop/dfs/data/current/subdir29/blk_-8775602795571523802,E9,Deleting block <*> file <*>,,Unseen,HDFS,Rule-Based,0.5,0,0.25
Deleting block blk_-7928230000822317050 file /mnt/hadoop/dfs/data/current/subdir9/blk_-7928230000822317050,E9,Deleting block <*> file <*>,,Unseen,HDFS,Rule-Based,0.5,0,0.25
Deleting block blk_8303413189200230139 file /mnt/hadoop/dfs/data/current/subdir32/blk_8303413189200230139,E9,Deleting block <*> file <*>,,Unseen,HDFS,Rule-Based,0.5,0,0.25
Deleting block blk_-9038475355621289969 file /mnt/hadoop/dfs/data/current/subdir41/blk_-9038475355621289969,E9,Deleting block <*> file <*>,,Unseen,HDFS,Rule-Based,0.5,0,0.25
Deleting block blk_-8848810702648406400 file /mnt/hadoop/dfs/data/current/subdir11/blk_-8848810702648406400,E9,Deleting block <*> file <*>,,Unseen,HDFS,Rule-Based,0.5,0,0.25
Deleting block blk_-7515058933811567980 file /mnt/hadoop/dfs/data/current/subdir1/blk_-7515058933811567980,E9,Deleting block <*> file <*>,,Unseen,HDFS,Rule-Based,0.5,0,0.25
active,E1,active,,Unseen,HPC,Rule-Based,0.3,0,0.15
active,E1,active,,Unseen,HPC,Rule-Based,0.3,0,0.15
active,E1,active,,Unseen,HPC,Rule-Based,0.3,0,0.15
active,E1,active,,Unseen,HPC,Rule-Based,0.3,0,0.15
active,E1,active,,Unseen,HPC,Rule-Based,0.3,0,0.15
active,E1,active,,Unseen,HPC,Rule-Based,0.3,0,0.15
active,E1,active,,Unseen,HPC,Rule-Based,0.3,0,0.15
active,E1,active,,Unseen,HPC,Rule-Based,0.3,0,0.15
active,E1,active,,Unseen,HPC,Rule-Based,0.3,0,0.15
active,E1,active,,Unseen,HPC,Rule-Based,0.3,0,0.15
ClusterFileSystem: There is no server for ServerFileSystem domain storage234,E10,ClusterFileSystem: There is no server for ServerFileSystem domain <*>,,Seen,HPC,Similarity-Based,0.4,0.876660282,0.638330141
ClusterFileSystem: There is no server for ServerFileSystem domain storage1412,E10,ClusterFileSystem: There is no server for ServerFileSystem domain <*>,,Seen,HPC,Similarity-Based,0.4,0.811191893,0.605595946
ClusterFileSystem: There is no server for ServerFileSystem domain storage1024,E10,ClusterFileSystem: There is no server for ServerFileSystem domain <*>,,Seen,HPC,Similarity-Based,0.4,0.849197728,0.624598864
ClusterFileSystem: There is no server for ServerFileSystem domain storage1534,E10,ClusterFileSystem: There is no server for ServerFileSystem domain <*>,,Seen,HPC,Similarity-Based,0.4,0.858797894,0.629398947
ClusterFileSystem: There is no server for ServerFileSystem domain storage1231,E10,ClusterFileSystem: There is no server for ServerFileSystem domain <*>,,Seen,HPC,Similarity-Based,0.4,0.808449497,0.604224748
ClusterFileSystem: There is no server for ServerFileSystem domain storage934,E10,ClusterFileSystem: There is no server for ServerFileSystem domain <*>,,Seen,HPC,Similarity-Based,0.4,0.858485354,0.629242677
ClusterFileSystem: There is no server for ServerFileSystem domain storage131,E10,ClusterFileSystem: There is no server for ServerFileSystem domain <*>,,Seen,HPC,Similarity-Based,0.4,0.832702631,0.616351316
ClusterFileSystem: There is no server for ServerFileSystem domain storage1144,E10,ClusterFileSystem: There is no server for ServerFileSystem domain <*>,,Seen,HPC,Similarity-Based,0.4,0.834963442,0.617481721
ClusterFileSystem: There is no server for ServerFileSystem domain storage444,E10,ClusterFileSystem: There is no server for ServerFileSystem domain <*>,,Seen,HPC,Similarity-Based,0.4,0.837873798,0.618936899
ClusterFileSystem: There is no server for ServerFileSystem domain storage141,E10,ClusterFileSystem: There is no server for ServerFileSystem domain <*>,,Seen,HPC,Similarity-Based,0.4,0.824263656,0.612131828
Command has been aborted,E11,Command has been aborted,,Unseen,HPC,Rule-Based,0.3,0,0.15
Command has been aborted,E11,Command has been aborted,,Unseen,HPC,Rule-Based,0.3,0,0.15
Command has been aborted,E11,Command has been aborted,,Unseen,HPC,Rule-Based,0.3,0,0.15
Command has been aborted,E11,Command has been aborted,,Unseen,HPC,Rule-Based,0.3,0,0.15
Command has been aborted,E11,Command has been aborted,,Unseen,HPC,Rule-Based,0.3,0,0.15
Command has been aborted,E11,Command has been aborted,,Unseen,HPC,Rule-Based,0.3,0,0.15
Command has been aborted,E11,Command has been aborted,,Unseen,HPC,Rule-Based,0.3,0,0.15
Command has been aborted,E11,Command has been aborted,,Unseen,HPC,Rule-Based,0.3,0,0.15
Command has been aborted,E11,Command has been aborted,,Unseen,HPC,Rule-Based,0.3,0,0.15
Command has been aborted,E11,Command has been aborted,,Unseen,HPC,Rule-Based,0.3,0,0.15
Command has completed successfully,E12,Command has completed successfully,,Unseen,HPC,Rule-Based,0.3,0,0.15
Command has completed successfully,E12,Command has completed successfully,,Unseen,HPC,Rule-Based,0.3,0,0.15
Command has completed successfully,E12,Command has completed successfully,,Unseen,HPC,Rule-Based,0.3,0,0.15
Command has completed successfully,E12,Command has completed successfully,,Unseen,HPC,Rule-Based,0.3,0,0.15
Command has completed successfully,E12,Command has completed successfully,,Unseen,HPC,Rule-Based,0.3,0,0.15
Command has completed successfully,E12,Command has completed successfully,,Unseen,HPC,Rule-Based,0.3,0,0.15
Command has completed successfully,E12,Command has completed successfully,,Unseen,HPC,Rule-Based,0.3,0,0.15
Command has completed successfully,E12,Command has completed successfully,,Unseen,HPC,Rule-Based,0.3,0,0.15
Command has completed successfully,E12,Command has completed successfully,,Unseen,HPC,Rule-Based,0.3,0,0.15
Command has completed successfully,E12,Command has completed successfully,,Unseen,HPC,Rule-Based,0.3,0,0.15
Component State Change: Component \042SCSI-WWID:01000010:6005-08b4-0001-00c6-0006-3000-003d-0000\042 is in the unavailable state (HWID=1973),E13,Component State Change: Component <*> is in the unavailable state (HWID=<*>),,Seen,HPC,Similarity-Based,0.466666667,0.83241979,0.649543228
Component State Change: Component \042alt0\042 is in the unavailable state (HWID=3180),E13,Component State Change: Component <*> is in the unavailable state (HWID=<*>),,Seen,HPC,Similarity-Based,0.433333333,0.768498644,0.600915989
Component State Change: Component \042alt0\042 is in the unavailable state (HWID=5089),E13,Component State Change: Component <*> is in the unavailable state (HWID=<*>),,Seen,HPC,Similarity-Based,0.433333333,0.766226774,0.599780054
Component State Change: Component \042alt0\042 is in the unavailable state (HWID=4088),E13,Component State Change: Component <*> is in the unavailable state (HWID=<*>),,Seen,HPC,Similarity-Based,0.433333333,0.759590769,0.596462051
Component State Change: Component \042alt0\042 is in the unavailable state (HWID=2538),E13,Component State Change: Component <*> is in the unavailable state (HWID=<*>),,Seen,HPC,Similarity-Based,0.433333333,0.7676102,0.600471767
Component State Change: Component \042alt0\042 is in the unavailable state (HWID=2480),E13,Component State Change: Component <*> is in the unavailable state (HWID=<*>),,Seen,HPC,Similarity-Based,0.433333333,0.763261635,0.598297484
Component State Change: Component \042alt0\042 is in the unavailable state (HWID=3713),E13,Component State Change: Component <*> is in the unavailable state (HWID=<*>),,Seen,HPC,Similarity-Based,0.433333333,0.764655702,0.598994518
Component State Change: Component \042alt0\042 is in the unavailable state (HWID=3891),E13,Component State Change: Component <*> is in the unavailable state (HWID=<*>),,Seen,HPC,Similarity-Based,0.433333333,0.76579921,0.599566272
Component State Change: Component \042alt0\042 is in the unavailable state (HWID=2478),E13,Component State Change: Component <*> is in the unavailable state (HWID=<*>),,Seen,HPC,Similarity-Based,0.433333333,0.779537748,0.606435541
Component State Change: Component \042alt0\042 is in the unavailable state (HWID=2969),E13,Component State Change: Component <*> is in the unavailable state (HWID=<*>),,Seen,HPC,Similarity-Based,0.433333333,0.780447632,0.606890483
configured out,E14,configured out,,Unseen,HPC,Rule-Based,0.3,0,0.15
configured out,E14,configured out,,Unseen,HPC,Rule-Based,0.3,0,0.15
configured out,E14,configured out,,Unseen,HPC,Rule-Based,0.3,0,0.15
configured out,E14,configured out,,Unseen,HPC,Rule-Based,0.3,0,0.15
configured out,E14,configured out,,Unseen,HPC,Rule-Based,0.3,0,0.15
configured out,E14,configured out,,Unseen,HPC,Rule-Based,0.3,0,0.15
configured out,E14,configured out,,Unseen,HPC,Rule-Based,0.3,0,0.15
configured out,E14,configured out,,Unseen,HPC,Rule-Based,0.3,0,0.15
configured out,E14,configured out,,Unseen,HPC,Rule-Based,0.3,0,0.15
configured out,E14,configured out,,Unseen,HPC,Rule-Based,0.3,0,0.15
critical,E15,critical,,Unseen,HPC,Rule-Based,0.3,0,0.15
critical,E15,critical,,Unseen,HPC,Rule-Based,0.3,0,0.15
critical,E15,critical,,Unseen,HPC,Rule-Based,0.3,0,0.15
critical,E15,critical,,Unseen,HPC,Rule-Based,0.3,0,0.15
critical,E15,critical,,Unseen,HPC,Rule-Based,0.3,0,0.15
critical,E15,critical,,Unseen,HPC,Rule-Based,0.3,0,0.15
critical,E15,critical,,Unseen,HPC,Rule-Based,0.3,0,0.15
critical,E15,critical,,Unseen,HPC,Rule-Based,0.3,0,0.15
critical,E15,critical,,Unseen,HPC,Rule-Based,0.3,0,0.15
critical,E15,critical,,Unseen,HPC,Rule-Based,0.3,0,0.15
Failed subcommands 3406,E16,Failed subcommands <*>,,Seen,HPC,Similarity-Based,0.4,0.808744848,0.604372424
Failed subcommands 3407,E16,Failed subcommands <*>,,Seen,HPC,Similarity-Based,0.4,0.801093458,0.600546729
Failed subcommands 3408,E16,Failed subcommands <*>,,Seen,HPC,Similarity-Based,0.4,0.802739779,0.60136989
Failed subcommands 3409,E16,Failed subcommands <*>,,Seen,HPC,Similarity-Based,0.4,0.802895003,0.601447501
Failed subcommands 3410,E16,Failed subcommands <*>,,Seen,HPC,Rule-Based,0.4,0,0.2
Failed subcommands 3411,E16,Failed subcommands <*>,,Seen,HPC,Rule-Based,0.4,0,0.2
Failed subcommands 3412,E16,Failed subcommands <*>,,Seen,HPC,Rule-Based,0.4,0,0.2
Failed subcommands 3413,E16,Failed subcommands <*>,,Seen,HPC,Rule-Based,0.4,0,0.2
Failed subcommands 3414,E16,Failed subcommands <*>,,Seen,HPC,Rule-Based,0.4,0,0.2
Failed subcommands 3415,E16,Failed subcommands <*>,,Seen,HPC,Rule-Based,0.4,0,0.2
Fan speeds ( 3552 3534 3375 **** 3515 3479 ),E17,Fan speeds ( <*> <*> <*> **** <*> <*> ),,Seen,HPC,Similarity-Based,0.4,0.76427934,0.58213967
Fan speeds ( 3552 3534 3376 **** 3516 3478 ),E17,Fan speeds ( <*> <*> <*> **** <*> <*> ),,Seen,HPC,Similarity-Based,0.4,0.767847882,0.583923941
Fan speeds ( 3552 3534 3377 **** 3517 3477 ),E17,Fan speeds ( <*> <*> <*> **** <*> <*> ),,Seen,HPC,Similarity-Based,0.4,0.762408664,0.581204332
Fan speeds ( 3552 3534 3378 **** 3518 3478 ),E17,Fan speeds ( <*> <*> <*> **** <*> <*> ),,Seen,HPC,Similarity-Based,0.4,0.766572964,0.583286482
Fan speeds ( 3534 3534 3379 **** 3497 3476 ),E17,Fan speeds ( <*> <*> <*> **** <*> <*> ),,Seen,HPC,Similarity-Based,0.4,0.731444593,0.565722296
Fan speeds ( 3534 3534 3370 **** 3496 3475 ),E17,Fan speeds ( <*> <*> <*> **** <*> <*> ),,Seen,HPC,Similarity-Based,0.4,0.732972949,0.566486475
Fan speeds ( 3534 3534 3371 **** 3495 3474 ),E17,Fan speeds ( <*> <*> <*> **** <*> <*> ),,Seen,HPC,Similarity-Based,0.4,0.733885631,0.566942815
Fan speeds ( 3534 3534 3372 **** 3494 3473 ),E17,Fan speeds ( <*> <*> <*> **** <*> <*> ),,Seen,HPC,Similarity-Based,0.4,0.733510156,0.566755078
Fan speeds ( 3534 3534 3373 **** 3493 3472 ),E17,Fan speeds ( <*> <*> <*> **** <*> <*> ),,Seen,HPC,Similarity-Based,0.4,0.728452383,0.564226191
Fan speeds ( 3534 3534 3374 **** 3492 3471 ),E17,Fan speeds ( <*> <*> <*> **** <*> <*> ),,Seen,HPC,Similarity-Based,0.4,0.735304173,0.567652087
Fan speeds ( 3552 3534 3375 4245 3515 3479 ),E18,Fan speeds ( <*> <*> <*> <*> <*> <*> ),,Seen,HPC,Similarity-Based,0.4,0.739672859,0.56983643
Fan speeds ( 3552 3535 3375 11637 3515 3478 ),E18,Fan speeds ( <*> <*> <*> <*><*> <*> ),,Seen,HPC,Similarity-Based,0.4,0.744108899,0.572054449
Fan speeds ( 3552 3536 3375 4245 3515 3477 ),E18,Fan speeds ( <*> <*> <*> <*> <*> <*> ),,Seen,HPC,Similarity-Based,0.4,0.740492039,0.570246019
Fan speeds ( 3552 3537 3375 4470 3515 3476 ),E18,Fan speeds ( <*> <*> <*> <*> <*> <*> ),,Seen,HPC,Similarity-Based,0.4,0.745361262,0.572680631
Fan speeds ( 3552 3538 3375 4166 3515 3475 ),E18,Fan speeds ( <*> <*> <*> <*> <*> <*> ),,Seen,HPC,Similarity-Based,0.4,0.738715913,0.569357957
Fan speeds ( 3552 3539 3375 4530 3515 3474 ),E18,Fan speeds ( <*> <*> <*> <*> <*> <*> ),,Seen,HPC,Similarity-Based,0.4,0.738964255,0.569482127
Fan speeds ( 3552 3530 3375 4192 3515 3473 ),E18,Fan speeds ( <*> <*> <*> <*> <*> <*> ),,Seen,HPC,Similarity-Based,0.4,0.74590711,0.572953555
Fan speeds ( 3552 3531 3391 4299 3515 3472 ),E18,Fan speeds ( <*> <*> <*> <*> <*> <*> ),,Seen,HPC,Similarity-Based,0.4,0.736199788,0.568099894
Fan speeds ( 3534 3532 3375 4272 3497 3471 ),E18,Fan speeds ( <*> <*> <*> <*> <*> <*> ),,Seen,HPC,Similarity-Based,0.4,0.718408904,0.559204452
Fan speeds ( 3534 3533 3375 4470 3497 3470 ),E18,Fan speeds ( <*> <*> <*> <*> <*> <*> ),,Seen,HPC,Similarity-Based,0.4,0.72424391,0.562121955
halt  (command 1982),E19,halt (command <*>),,Seen,HPC,Similarity-Based,0.4,0.715511651,0.557755826
halt  (command 2221),E19,halt (command <*>),,Seen,HPC,Rule-Based,0.4,0,0.2
halt  (command 2992),E19,halt (command <*>),,Seen,HPC,Rule-Based,0.4,0,0.2
halt  (command 2992),E19,halt (command <*>),,Seen,HPC,Rule-Based,0.4,0,0.2
halt  (command 2992),E19,halt (command <*>),,Seen,HPC,Rule-Based,0.4,0,0.2
halt  (command 2992),E19,halt (command <*>),,Seen,HPC,Rule-Based,0.4,0,0.2
halt  (command 2992),E19,halt (command <*>),,Seen,HPC,Rule-Based,0.4,0,0.2
halt  (command 2992),E19,halt (command <*>),,Seen,HPC,Rule-Based,0.4,0,0.2
halt  (command 2992),E19,halt (command <*>),,Seen,HPC,Rule-Based,0.4,0,0.2
halt  (command 2992),E19,halt (command <*>),,Seen,HPC,Rule-Based,0.4,0,0.2
ambient=30,E2,ambient=<*>,,Seen,HPC,Rule-Based,0.4,0,0.2
ambient=26,E2,ambient=<*>,,Seen,HPC,Rule-Based,0.4,0,0.2
ambient=32,E2,ambient=<*>,,Seen,HPC,Rule-Based,0.4,0,0.2
ambient=33,E2,ambient=<*>,,Seen,HPC,Rule-Based,0.4,0,0.2
ambient=28,E2,ambient=<*>,,Seen,HPC,Rule-Based,0.4,0,0.2
ambient=31,E2,ambient=<*>,,Seen,HPC,Rule-Based,0.4,0,0.2
ambient=27,E2,ambient=<*>,,Seen,HPC,Rule-Based,0.4,0,0.2
ambient=34,E2,ambient=<*>,,Seen,HPC,Rule-Based,0.4,0,0.2
ambient=35,E2,ambient=<*>,,Seen,HPC,Rule-Based,0.4,0,0.2
ambient=24,E2,ambient=<*>,,Seen,HPC,Rule-Based,0.4,0,0.2
inconsistent nodesets node-160 0x0001edfe <ok> node-161 0x1001fdfe <ok> node-162 0x1001fdfe <ok> node-163 0x1001fdfe <ok>,E20,inconsistent nodesets node-<*> <*> <ok> node-<*> <*> <ok> node-<*> <*> <ok> node-<*> <*> <*>,,Seen,HPC,Similarity-Based,0.466666667,0.846868259,0.656767463
inconsistent nodesets node-160 0x0001edfe <ok> node-161 0x1001fdfe <ok> node-162 0x1001fdfe <ok> node-163 0x1001fdfe <ok>,E20,inconsistent nodesets node-<*> <*> <ok> node-<*> <*> <ok> node-<*> <*> <ok> node-<*> <*> <*>,,Seen,HPC,Similarity-Based,0.466666667,0.846868259,0.656767463
inconsistent nodesets node-160 0x0001edfe <ok> node-161 0x1001fdfe <ok> node-162 0x1001fdfe <ok> node-163 0x1001fdfe <ok>,E20,inconsistent nodesets node-<*> <*> <ok> node-<*> <*> <ok> node-<*> <*> <ok> node-<*> <*> <*>,,Seen,HPC,Similarity-Based,0.466666667,0.846868259,0.656767463
inconsistent nodesets node-32 0x00000002 <ok> node-34 0x000001fe <ok> node-33 0x000001fe <ok> node-35 0x000001fe <ok>,E20,inconsistent nodesets node-<*> <*> <ok> node-<*> <*> <ok> node-<*> <*> <ok> node-<*> <*> <*>,,Seen,HPC,Similarity-Based,0.466666667,0.754928593,0.61079763
inconsistent nodesets node-32 0x00000002 <ok> node-34 0x000001fe <ok> node-33 0x000001fe <ok> node-35 0x000001fe <ok>,E20,inconsistent nodesets node-<*> <*> <ok> node-<*> <*> <ok> node-<*> <*> <ok> node-<*> <*> <*>,,Seen,HPC,Similarity-Based,0.466666667,0.754928593,0.61079763
inconsistent nodesets node-1 0x000001fc <ok> node-2 0x000001fc <ok> node-7 0x000001fc <ok> node-4 0x000001fc <ok> node-6 0x000001fc <ok> node-5 0x000001fc <ok> node-3 0x000001fc <ok> node-14 0x0003fdfc <ok> node-13 0x0003fdfc <ok> node-12 0x0003fdfc <ok> node-10 0x0003fdfc <ok> node-16 0x0003fdfc <ok> node-15 0x0003fdfc <ok>,E20,inconsistent nodesets node-<*> <*> <ok> node-<*> <*> <ok> node-<*> <*> <ok> node-<*> <*> <ok> node-<*> <*> <ok> node-<*> <*> <ok> node-<*> <*>,,Seen,HPC,Similarity-Based,0.466666667,0.782325016,0.624495841
inconsistent nodesets node-1 0x000001fc <ok> node-2 0x000001fc <ok> node-7 0x000001fc <ok> node-4 0x000001fc <ok> node-6 0x000001fc <ok> node-5 0x000001fc <ok> node-3 0x000001fc <ok> node-14 0x0003fdfc <ok> node-13 0x0003fdfc <ok> node-12 0x0003fdfc <ok> node-10 0x0003fdfc <ok> node-16 0x0003fdfc <ok> node-15 0x0003fdfc <ok>,E20,inconsistent nodesets node-<*> <*> <ok> node-<*> <*> <ok> node-<*> <*> <ok> node-<*> <*> <ok> node-<*> <*> <ok> node-<*> <*> <ok> node-<*> <*>,,Seen,HPC,Similarity-Based,0.466666667,0.782325016,0.624495841
inconsistent nodesets node-31 0x1fffffffe <ok> node-0 0xfffffffe <ok> node-1 0xfffffffe <ok> node-2 0xfffffffe <ok> node-30 0xfffffffe <ok>,E20,inconsistent nodesets node-<*> <*> <ok> node-<*> <*> <ok> node-<*> <*> <ok> node-<*> <*> <ok> node-<*> <*> <*>,,Seen,HPC,Similarity-Based,0.466666667,0.757955214,0.61231094
inconsistent nodesets node-31 0x1fffffffe <ok> node-0 0xfffffffe <ok> node-1 0xfffffffe <ok> node-2 0xfffffffe <ok> node-30 0xfffffffe <ok>,E20,inconsistent nodesets node-<*> <*> <ok> node-<*> <*> <ok> node-<*> <*> <ok> node-<*> <*> <ok> node-<*> <*> <*>,,Seen,HPC,Similarity-Based,0.466666667,0.757955214,0.61231094
inconsistent nodesets node-31 0x1fffffffe <ok> node-0 0xfffffffe <ok> node-1 0xfffffffe <ok> node-2 0xfffffffe <ok> node-30 0xfffffffe <ok>,E20,inconsistent nodesets node-<*> <*> <ok> node-<*> <*> <ok> node-<*> <*> <ok> node-<*> <*> <ok> node-<*> <*> <*>,,Seen,HPC,Similarity-Based,0.466666667,0.757955214,0.61231094
Link error,E21,Link error,,Unseen,HPC,Rule-Based,0.3,0,0.15
Link error,E21,Link error,,Unseen,HPC,Rule-Based,0.3,0,0.15
Link error,E21,Link error,,Unseen,HPC,Rule-Based,0.3,0,0.15
Link error,E21,Link error,,Unseen,HPC,Rule-Based,0.3,0,0.15
Link error,E21,Link error,,Unseen,HPC,Rule-Based,0.3,0,0.15
Link error,E21,Link error,,Unseen,HPC,Rule-Based,0.3,0,0.15
Link error,E21,Link error,,Unseen,HPC,Rule-Based,0.3,0,0.15
Link error,E21,Link error,,Unseen,HPC,Rule-Based,0.3,0,0.15
Link error,E21,Link error,,Unseen,HPC,Rule-Based,0.3,0,0.15
Link error,E21,Link error,,Unseen,HPC,Rule-Based,0.3,0,0.15
Link error on broadcast tree Interconnect-0T00:00:2:1,E22,Link error on broadcast tree <*>,,Unseen,HPC,Rule-Based,0.45,0,0.225
Link error on broadcast tree Interconnect-0T00:00:2:2,E22,Link error on broadcast tree <*>,,Unseen,HPC,Rule-Based,0.45,0,0.225
Link error on broadcast tree Interconnect-0T00:00:2:3,E22,Link error on broadcast tree <*>,,Unseen,HPC,Rule-Based,0.45,0,0.225
Link error on broadcast tree Interconnect-1T00:00:3:6,E22,Link error on <*> <*> <*> <*>,,Unseen,HPC,Rule-Based,0.45,0,0.225
Link error on broadcast tree Interconnect-1T00:00:3:7,E22,Link error on broadcast tree <*>,,Unseen,HPC,Rule-Based,0.45,0,0.225
Link error on broadcast tree Interconnect-1T00:00:3:8,E22,Link error on broadcast tree <*>,,Unseen,HPC,Rule-Based,0.45,0,0.225
Link error on broadcast tree Interconnect-1T00:00:2:0,E22,Link error on broadcast tree <*>,,Unseen,HPC,Rule-Based,0.45,0,0.225
Link error on broadcast tree Interconnect-1T00:00:2:1,E22,Link error on broadcast tree <*>,,Unseen,HPC,Rule-Based,0.45,0,0.225
Link error on broadcast tree Interconnect-1T00:00:2:0,E22,Link error on broadcast tree <*>,,Unseen,HPC,Rule-Based,0.45,0,0.225
Link error on broadcast tree Interconnect-1T00:00:2:1,E22,Link error on broadcast tree <*>,,Unseen,HPC,Rule-Based,0.45,0,0.225
link errors remain current,E23,link errors remain current,,Unseen,HPC,Rule-Based,0.3,0,0.15
link errors remain current,E23,link errors remain current,,Unseen,HPC,Rule-Based,0.3,0,0.15
link errors remain current,E23,link errors remain current,,Unseen,HPC,Rule-Based,0.3,0,0.15
link errors remain current,E23,link errors remain current,,Unseen,HPC,Rule-Based,0.3,0,0.15
link errors remain current,E23,link errors remain current,,Unseen,HPC,Rule-Based,0.3,0,0.15
link errors remain current,E23,link errors remain current,,Unseen,HPC,Rule-Based,0.3,0,0.15
link errors remain current,E23,link errors remain current,,Unseen,HPC,Rule-Based,0.3,0,0.15
link errors remain current,E23,link errors remain current,,Unseen,HPC,Rule-Based,0.3,0,0.15
link errors remain current,E23,link errors remain current,,Unseen,HPC,Rule-Based,0.3,0,0.15
link errors remain current,E23,link errors remain current,,Unseen,HPC,Rule-Based,0.3,0,0.15
Link in reset,E24,Link in reset,,Unseen,HPC,Rule-Based,0.3,0,0.15
Link in reset,E24,Link in reset,,Unseen,HPC,Rule-Based,0.3,0,0.15
Link in reset,E24,Link in reset,,Unseen,HPC,Rule-Based,0.3,0,0.15
Link in reset,E24,Link in reset,,Unseen,HPC,Rule-Based,0.3,0,0.15
Link in reset,E24,Link in reset,,Unseen,HPC,Rule-Based,0.3,0,0.15
Link in reset,E24,Link in reset,,Unseen,HPC,Rule-Based,0.3,0,0.15
Link in reset,E24,Link in reset,,Unseen,HPC,Rule-Based,0.3,0,0.15
Link in reset,E24,Link in reset,,Unseen,HPC,Rule-Based,0.3,0,0.15
Link in reset,E24,Link in reset,,Unseen,HPC,Rule-Based,0.3,0,0.15
Link in reset,E24,Link in reset,,Unseen,HPC,Rule-Based,0.3,0,0.15
Link ok,E25,Link ok,,Unseen,HPC,Rule-Based,0.3,0,0.15
Link ok,E25,Link ok,,Unseen,HPC,Rule-Based,0.3,0,0.15
Link ok,E25,Link ok,,Unseen,HPC,Rule-Based,0.3,0,0.15
Link ok,E25,Link ok,,Unseen,HPC,Rule-Based,0.3,0,0.15
Link ok,E25,Link ok,,Unseen,HPC,Rule-Based,0.3,0,0.15
Link ok,E25,Link ok,,Unseen,HPC,Rule-Based,0.3,0,0.15
Link ok,E25,Link ok,,Unseen,HPC,Rule-Based,0.3,0,0.15
Link ok,E25,Link ok,,Unseen,HPC,Rule-Based,0.3,0,0.15
Link ok,E25,Link ok,,Unseen,HPC,Rule-Based,0.3,0,0.15
Link ok,E25,Link ok,,Unseen,HPC,Rule-Based,0.3,0,0.15
Linkerror event interval expired,E26,Linkerror event interval expired,,Unseen,HPC,Rule-Based,0.3,0,0.15
Linkerror event interval expired,E26,Linkerror event interval expired,,Unseen,HPC,Rule-Based,0.3,0,0.15
Linkerror event interval expired,E26,Linkerror event interval expired,,Unseen,HPC,Rule-Based,0.3,0,0.15
Linkerror event interval expired,E26,Linkerror event interval expired,,Unseen,HPC,Rule-Based,0.3,0,0.15
Linkerror event interval expired,E26,Linkerror event interval expired,,Unseen,HPC,Rule-Based,0.3,0,0.15
Linkerror event interval expired,E26,Linkerror event interval expired,,Unseen,HPC,Rule-Based,0.3,0,0.15
Linkerror event interval expired,E26,Linkerror event interval expired,,Unseen,HPC,Rule-Based,0.3,0,0.15
Linkerror event interval expired,E26,Linkerror event interval expired,,Unseen,HPC,Rule-Based,0.3,0,0.15
Linkerror event interval expired,E26,Linkerror event interval expired,,Unseen,HPC,Rule-Based,0.3,0,0.15
Linkerror event interval expired,E26,Linkerror event interval expired,,Unseen,HPC,Rule-Based,0.3,0,0.15
NIFF: node node-69 detected a failed network connection on network 5.5.224.0 via interface alt0,E27,NIFF: node node-<*> detected a failed network connection on network <*> via interface alt0,,Seen,HPC,Similarity-Based,0.525,0.874454004,0.699727002
NIFF: node node-162 detected a failed network connection on network 5.5.224.0 via interface alt0,E27,NIFF: node node-<*> detected a failed network connection on network <*> via interface alt0,,Seen,HPC,Similarity-Based,0.525,0.847843432,0.686421716
NIFF: node node-162 detected a failed network connection on network 5.5.224.0 via interface alt0,E27,NIFF: node node-<*> detected a failed network connection on network <*> via interface alt0,,Seen,HPC,Similarity-Based,0.525,0.847843432,0.686421716
NIFF: node node-162 detected a failed network connection on network 5.5.224.0 via interface alt0,E27,NIFF: node node-<*> detected a failed network connection on network <*> via interface alt0,,Seen,HPC,Similarity-Based,0.525,0.847843432,0.686421716
NIFF: node node-162 detected a failed network connection on network 5.5.224.0 via interface alt0,E27,NIFF: node node-<*> detected a failed network connection on network <*> via interface alt0,,Seen,HPC,Similarity-Based,0.525,0.847843432,0.686421716
NIFF: node node-162 detected a failed network connection on network 5.5.224.0 via interface alt0,E27,NIFF: node node-<*> detected a failed network connection on network <*> via interface alt0,,Seen,HPC,Similarity-Based,0.525,0.847843432,0.686421716
NIFF: node node-162 detected a failed network connection on network 5.5.224.0 via interface alt0,E27,NIFF: node node-<*> detected a failed network connection on network <*> via interface alt0,,Seen,HPC,Similarity-Based,0.525,0.847843432,0.686421716
NIFF: node node-162 detected a failed network connection on network 5.5.224.0 via interface alt0,E27,NIFF: node node-<*> detected a failed network connection on network <*> via interface alt0,,Seen,HPC,Similarity-Based,0.525,0.847843432,0.686421716
NIFF: node node-162 detected a failed network connection on network 5.5.224.0 via interface alt0,E27,NIFF: node node-<*> detected a failed network connection on network <*> via interface alt0,,Seen,HPC,Similarity-Based,0.525,0.847843432,0.686421716
NIFF: node node-162 detected a failed network connection on network 5.5.224.0 via interface alt0,E27,NIFF: node node-<*> detected a failed network connection on network <*> via interface alt0,,Seen,HPC,Similarity-Based,0.525,0.847843432,0.686421716
NIFF: node node-148 has detected an available network connection on network 5.5.226.0 via interface alt0,E28,NIFF: node node-<*> has detected an available network connection on network <*> via interface,,Seen,HPC,Similarity-Based,0.525,0.88371926,0.70435963
NIFF: node node-26 has detected an available network connection on network 5.5.226.0 via interface alt0,E28,NIFF: node node-<*> has detected an available network connection on network <*> via interface alt0,,Seen,HPC,Similarity-Based,0.525,0.841129036,0.683064518
NIFF: node node-120 has detected an available network connection on network 5.5.226.0 via interface alt0,E28,NIFF: node node-<*> has detected an available network connection on network <*> via interface alt0,,Seen,HPC,Similarity-Based,0.525,0.865371469,0.695185734
NIFF: node node-142 has detected an available network connection on network 0.0.0.0 via interface alt0,E28,NIFF: node node-<*> has detected an available network connection on network <*> via interface alt0,,Seen,HPC,Similarity-Based,0.525,0.90563623,0.715318115
NIFF: node node-73 has detected an available network connection on network 5.5.226.0 via interface alt0,E28,NIFF: node node-<*> has detected an available network connection on network <*> via interface alt0,,Seen,HPC,Similarity-Based,0.525,0.894591417,0.709795709
NIFF: node node-252 has detected an available network connection on network 5.5.226.0 via interface alt0,E28,NIFF: node node-<*> has detected an available network connection on network <*> via interface alt0,,Seen,HPC,Similarity-Based,0.525,0.834242513,0.679621256
NIFF: node node-163 has detected an available network connection on network 0.0.0.0 via interface alt0,E28,NIFF: node node-<*> has detected an available network connection on network <*> via interface alt0,,Seen,HPC,Similarity-Based,0.525,0.891588218,0.708294109
NIFF: node node-186 has detected an available network connection on network 5.5.226.0 via interface alt0,E28,NIFF: node node-<*> has detected an available network connection on network <*> via interface alt0,,Seen,HPC,Similarity-Based,0.525,0.83993243,0.682466215
NIFF: node node-176 has detected an available network connection on network 5.5.226.0 via interface alt0,E28,NIFF: node node-<*> has detected an available network connection on network <*> via interface alt0,,Seen,HPC,Similarity-Based,0.525,0.858659586,0.691829793
NIFF: node node-237 has detected an available network connection on network 5.5.226.0 via interface alt0,E28,ALERT: node node-<*> has detected an available network connection on network <*> via interface alt0,,Seen,HPC,Similarity-Based,0.525,0.865449326,0.695224663
NIFF: node node-129 has detected an available network connection on network 10.128.0.0 via interface ee0,E29,NIFF: node node-<*> has detected an available network connection on network <*> via interface ee0,,Seen,HPC,Similarity-Based,0.525,0.890742205,0.707871102
NIFF: node node-24 has detected an available network connection on network 10.128.0.0 via interface ee0,E29,NIFF: node node-<*> has detected an available network connection on network <*> via interface ee0,,Seen,HPC,Similarity-Based,0.525,0.853606842,0.689303421
NIFF: node node-232 has detected an available network connection on network 10.128.0.0 via interface ee0,E29,NIFF: node node-<*> has detected an available network connection on network <*> via interface ee0,,Seen,HPC,Similarity-Based,0.525,0.824393022,0.674696511
NIFF: node node-17 has detected an available network connection on network 10.128.0.0 via interface ee0,E29,NIFF: node node-<*> has detected an available network connection on network <*> via interface ee0,,Seen,HPC,Similarity-Based,0.525,0.8286198,0.6768099
NIFF: node node-241 has detected an available network connection on network 10.128.0.0 via interface ee0,E29,NIFF: node node-<*> has detected an available network connection on network <*> via interface ee0,,Seen,HPC,Similarity-Based,0.525,0.876392526,0.700696263
NIFF: node node-173 has detected an available network connection on network 10.128.0.0 via interface ee0,E29,NIFF: node node-<*> has detected an available network connection on network <*> via interface ee0,,Seen,HPC,Similarity-Based,0.525,0.866696849,0.695848425
NIFF: node node-189 has detected an available network connection on network 10.128.0.0 via interface ee0,E29,NIFF: node node-<*> has detected an available network connection on network <*> via interface ee0,,Seen,HPC,Similarity-Based,0.525,0.862079179,0.69353959
NIFF: node node-205 has detected an available network connection on network 10.128.0.0 via interface ee0,E29,NIFF: node node-<*> has detected an available network connection on network <*> via interface ee0,,Seen,HPC,Similarity-Based,0.525,0.863903183,0.694451592
NIFF: node node-155 has detected an available network connection on network 10.128.0.0 via interface ee0,E29,NIFF: node node-<*> has detected an available network connection on network <*> via interface ee0,,Seen,HPC,Similarity-Based,0.525,0.887976579,0.70648829
NIFF: node node-75 has detected an available network connection on network 10.128.0.0 via interface ee0,E29,NIFF: node node-<*> has detected an available network connection on network <*> via interface ee0,,Seen,HPC,Similarity-Based,0.525,0.860481077,0.692740538
blocked,E3,blocked,,Unseen,HPC,Rule-Based,0.3,0,0.15
blocked,E3,blocked,,Unseen,HPC,Rule-Based,0.3,0,0.15
blocked,E3,blocked,,Unseen,HPC,Rule-Based,0.3,0,0.15
blocked,E3,blocked,,Unseen,HPC,Rule-Based,0.3,0,0.15
blocked,E3,blocked,,Unseen,HPC,Rule-Based,0.3,0,0.15
blocked,E3,blocked,,Unseen,HPC,Rule-Based,0.3,0,0.15
blocked,E3,blocked,,Unseen,HPC,Rule-Based,0.3,0,0.15
blocked,E3,blocked,,Unseen,HPC,Rule-Based,0.3,0,0.15
blocked,E3,blocked,,Unseen,HPC,Rule-Based,0.3,0,0.15
blocked,E3,blocked,,Unseen,HPC,Rule-Based,0.3,0,0.15
NIFF: node node-130 has detected an available network connection on network 10.96.0.0 via interface scip0,E30,NIFF: node node-<*> has detected an available network connection on network <*> via interface scip0,,Unseen,HPC,Similarity-Based,0.525,0.826292743,0.675646372
NIFF: node node-144 has detected an available network connection on network 10.96.0.0 via interface scip0,E30,NIFF: node node-<*> has detected an available network connection on network <*> via interface <*>,,Unseen,HPC,Similarity-Based,0.525,0.82355321,0.674276605
NIFF: node node-144 has detected an available network connection on network 10.96.0.0 via interface scip0,E30,NIFF: node node-<*> has detected an available network connection on network <*> via interface <*>,,Unseen,HPC,Similarity-Based,0.525,0.82355321,0.674276605
NIFF: node node-144 has detected an available network connection on network 10.96.0.0 via interface scip0,E30,NIFF: node node-<*> has detected an available network connection on network <*> via interface <*>,,Unseen,HPC,Similarity-Based,0.525,0.82355321,0.674276605
NIFF: node node-144 has detected an available network connection on network 10.96.0.0 via interface scip0,E30,NIFF: node node-<*> has detected an available network connection on network <*> via interface <*>,,Unseen,HPC,Similarity-Based,0.525,0.82355321,0.674276605
NIFF: node node-144 has detected an available network connection on network 10.96.0.0 via interface scip0,E30,NIFF: node node-<*> has detected an available network connection on network <*> via interface <*>,,Unseen,HPC,Similarity-Based,0.525,0.82355321,0.674276605
NIFF: node node-144 has detected an available network connection on network 10.96.0.0 via interface scip0,E30,NIFF: node node-<*> has detected an available network connection on network <*> via interface <*>,,Unseen,HPC,Similarity-Based,0.525,0.82355321,0.674276605
NIFF: node node-144 has detected an available network connection on network 10.96.0.0 via interface scip0,E30,NIFF: node node-<*> has detected an available network connection on network <*> via interface <*>,,Unseen,HPC,Similarity-Based,0.525,0.82355321,0.674276605
NIFF: node node-144 has detected an available network connection on network 10.96.0.0 via interface scip0,E30,NIFF: node node-<*> has detected an available network connection on network <*> via interface <*>,,Unseen,HPC,Similarity-Based,0.525,0.82355321,0.674276605
NIFF: node node-144 has detected an available network connection on network 10.96.0.0 via interface scip0,E30,NIFF: node node-<*> has detected an available network connection on network <*> via interface <*>,,Unseen,HPC,Similarity-Based,0.525,0.82355321,0.674276605
normal,E31,normal,,Unseen,HPC,Rule-Based,0.3,0,0.15
normal,E31,normal,,Unseen,HPC,Rule-Based,0.3,0,0.15
normal,E31,normal,,Unseen,HPC,Rule-Based,0.3,0,0.15
normal,E31,normal,,Unseen,HPC,Rule-Based,0.3,0,0.15
normal,E31,normal,,Unseen,HPC,Rule-Based,0.3,0,0.15
normal,E31,normal,,Unseen,HPC,Rule-Based,0.3,0,0.15
normal,E31,normal,,Unseen,HPC,Rule-Based,0.3,0,0.15
normal,E31,normal,,Unseen,HPC,Rule-Based,0.3,0,0.15
normal,E31,normal,,Unseen,HPC,Rule-Based,0.3,0,0.15
normal,E31,normal,,Unseen,HPC,Rule-Based,0.3,0,0.15
not responding,E32,responding,,Unseen,HPC,Rule-Based,0.3,0,0.15
not responding,E32,responding,,Unseen,HPC,Rule-Based,0.3,0,0.15
not responding,E32,responding,,Unseen,HPC,Rule-Based,0.3,0,0.15
not responding,E32,responding,,Unseen,HPC,Rule-Based,0.3,0,0.15
not responding,E32,responding,,Unseen,HPC,Rule-Based,0.3,0,0.15
not responding,E32,responding,,Unseen,HPC,Rule-Based,0.3,0,0.15
not responding,E32,responding,,Unseen,HPC,Rule-Based,0.3,0,0.15
not responding,E32,responding,,Unseen,HPC,Rule-Based,0.3,0,0.15
not responding,E32,responding,,Unseen,HPC,Rule-Based,0.3,0,0.15
not responding,E32,responding,,Unseen,HPC,Rule-Based,0.3,0,0.15
not-responding,E33,not-responding,,Unseen,HPC,Rule-Based,0.3,0,0.15
not-responding,E33,not-responding,,Unseen,HPC,Rule-Based,0.3,0,0.15
not-responding,E33,not-responding,,Unseen,HPC,Rule-Based,0.3,0,0.15
not-responding,E33,not-responding,,Unseen,HPC,Rule-Based,0.3,0,0.15
not-responding,E33,not-responding,,Unseen,HPC,Rule-Based,0.3,0,0.15
not-responding,E33,not-responding,,Unseen,HPC,Rule-Based,0.3,0,0.15
not-responding,E33,not-responding,,Unseen,HPC,Rule-Based,0.3,0,0.15
not-responding,E33,not-responding,,Unseen,HPC,Rule-Based,0.3,0,0.15
not-responding,E33,not-responding,,Unseen,HPC,Rule-Based,0.3,0,0.15
not-responding,E33,not-responding,,Unseen,HPC,Rule-Based,0.3,0,0.15
power/control problem,E34,power/control problem,,Unseen,HPC,Rule-Based,0.5,0,0.25
power/control problem,E34,power/control problem,,Unseen,HPC,Rule-Based,0.5,0,0.25
power/control problem,E34,power/control problem,,Unseen,HPC,Rule-Based,0.5,0,0.25
power/control problem,E34,power/control problem,,Unseen,HPC,Rule-Based,0.5,0,0.25
power/control problem,E34,power/control problem,,Unseen,HPC,Rule-Based,0.5,0,0.25
power/control problem,E34,power/control problem,,Unseen,HPC,Rule-Based,0.5,0,0.25
power/control problem,E34,power/control problem,,Unseen,HPC,Rule-Based,0.5,0,0.25
power/control problem,E34,power/control problem,,Unseen,HPC,Rule-Based,0.5,0,0.25
power/control problem,E34,power/control problem,,Unseen,HPC,Rule-Based,0.5,0,0.25
power/control problem,E34,power/control problem,,Unseen,HPC,Rule-Based,0.5,0,0.25
psu failure\ ambient=28,E35,psu failure\ <*>,,Unseen,HPC,Rule-Based,0.4,0,0.2
psu failure\ ambient=28,E35,psu failure\ <*>,,Unseen,HPC,Rule-Based,0.4,0,0.2
psu failure\ ambient=28,E35,psu failure\ <*>,,Unseen,HPC,Rule-Based,0.4,0,0.2
psu failure\ ambient=28,E35,psu failure\ <*>,,Unseen,HPC,Rule-Based,0.4,0,0.2
psu failure\ ambient=31,E35,psu failure\ <*>,,Unseen,HPC,Rule-Based,0.4,0,0.2
psu failure\ ambient=31,E35,psu failure\ <*>,,Unseen,HPC,Rule-Based,0.4,0,0.2
psu failure\ ambient=31,E35,psu failure\ <*>,,Unseen,HPC,Rule-Based,0.4,0,0.2
psu failure\ ambient=31,E35,psu failure\ <*>,,Unseen,HPC,Rule-Based,0.4,0,0.2
psu failure\ ambient=31,E35,psu failure\ <*>,,Unseen,HPC,Rule-Based,0.4,0,0.2
psu failure\ ambient=31,E35,psu failure\ <*>,,Unseen,HPC,Rule-Based,0.4,0,0.2
risBoot  (command 1903),E36,risBoot (command <*>),,Seen,HPC,Similarity-Based,0.4,0.733759715,0.566879858
risBoot  (command 1903),E36,risBoot (command <*>),,Seen,HPC,Similarity-Based,0.4,0.733759715,0.566879858
risBoot  (command 1903),E36,risBoot (command <*>),,Seen,HPC,Similarity-Based,0.4,0.733759715,0.566879858
risBoot  (command 1903),E36,risBoot (command <*>),,Seen,HPC,Similarity-Based,0.4,0.733759715,0.566879858
risBoot  (command 1903),E36,risBoot (command <*>),,Seen,HPC,Similarity-Based,0.4,0.733759715,0.566879858
risBoot  (command 1903),E36,risBoot (command <*>),,Seen,HPC,Similarity-Based,0.4,0.733759715,0.566879858
risBoot  (command 1903),E36,risBoot (command <*>),,Seen,HPC,Similarity-Based,0.4,0.733759715,0.566879858
risBoot  (command 1903),E36,risBoot (command <*>),,Seen,HPC,Similarity-Based,0.4,0.733759715,0.566879858
risBoot  (command 1903),E36,risBoot (command <*>),,Seen,HPC,Similarity-Based,0.4,0.733759715,0.566879858
risBoot  (command 1903),E36,risBoot (command <*>),,Seen,HPC,Similarity-Based,0.4,0.733759715,0.566879858
risBoot (command 1903) Error: Timed out while waiting for SRM prompt: <ABORT code completed>,E37,risBoot (command <*>) Error: Timed out while waiting for SRM prompt: <ABORT code completed>,,Seen,HPC,Similarity-Based,0.4,0.918660825,0.659330413
risBoot (command 1903) Error: Timed out while waiting for SRM prompt: <ABORT code completed>,E37,risBoot (command <*>) Error: Timed out while waiting for SRM prompt: <ABORT code completed>,,Seen,HPC,Similarity-Based,0.4,0.918660825,0.659330413
risBoot (command 1903) Error: Timed out while waiting for SRM prompt: <ABORT code completed>,E37,risBoot (command <*>) Error: Timed out while waiting for SRM prompt: <ABORT code completed>,,Seen,HPC,Similarity-Based,0.4,0.918660825,0.659330413
risBoot (command 1903) Error: Timed out while waiting for SRM prompt: <ABORT code completed>,E37,risBoot (command <*>) Error: Timed out while waiting for SRM prompt: <ABORT code completed>,,Seen,HPC,Similarity-Based,0.4,0.918660825,0.659330413
risBoot (command 1903) Error: Timed out while waiting for SRM prompt: <ABORT code completed>,E37,risBoot (command <*>) Error: Timed out while waiting for SRM prompt: <ABORT code completed>,,Seen,HPC,Similarity-Based,0.4,0.918660825,0.659330413
risBoot (command 1903) Error: Timed out while waiting for SRM prompt: <ABORT code completed>,E37,risBoot (command <*>) Error: Timed out while waiting for SRM prompt: <ABORT code completed>,,Seen,HPC,Similarity-Based,0.4,0.918660825,0.659330413
risBoot (command 1903) Error: Timed out while waiting for SRM prompt: <ABORT code completed>,E37,risBoot (command <*>) Error: Timed out while waiting for SRM prompt: <ABORT code completed>,,Seen,HPC,Similarity-Based,0.4,0.918660825,0.659330413
risBoot (command 1903) Error: Timed out while waiting for SRM prompt: <ABORT code completed>,E37,risBoot (command <*>) Error: Timed out while waiting for SRM prompt: <ABORT code completed>,,Seen,HPC,Similarity-Based,0.4,0.918660825,0.659330413
risBoot (command 1903) Error: Timed out while waiting for SRM prompt: <ABORT code completed>,E37,risBoot (command <*>) Error: Timed out while waiting for SRM prompt: <ABORT code completed>,,Seen,HPC,Similarity-Based,0.4,0.918660825,0.659330413
risBoot (command 1903) Error: Timed out while waiting for SRM prompt: <ABORT code completed>,E37,risBoot (command <*>) Error: Timed out while waiting for SRM prompt: <ABORT code completed>,,Seen,HPC,Similarity-Based,0.4,0.918660825,0.659330413
running,E38,running,,Unseen,HPC,Rule-Based,0.3,0,0.15
running,E38,running,,Unseen,HPC,Rule-Based,0.3,0,0.15
running,E38,running,,Unseen,HPC,Rule-Based,0.3,0,0.15
running,E38,running,,Unseen,HPC,Rule-Based,0.3,0,0.15
running,E38,running,,Unseen,HPC,Rule-Based,0.3,0,0.15
running,E38,running,,Unseen,HPC,Rule-Based,0.3,0,0.15
running,E38,running,,Unseen,HPC,Rule-Based,0.3,0,0.15
running,E38,running,,Unseen,HPC,Rule-Based,0.3,0,0.15
running,E38,running,,Unseen,HPC,Rule-Based,0.3,0,0.15
running,E38,running,,Unseen,HPC,Rule-Based,0.3,0,0.15
ServerFileSystem: An ServerFileSystem domain panic has occurred on storage442,E39,ServerFileSystem: An ServerFileSystem domain panic has occurred on <*>,,Seen,HPC,Similarity-Based,0.4,0.87879518,0.63939759
ServerFileSystem: An ServerFileSystem domain panic has occurred on storage443,E39,ServerFileSystem: An ServerFileSystem domain panic has occurred on <*>,,Seen,HPC,Similarity-Based,0.4,0.875627457,0.637813728
ServerFileSystem: An ServerFileSystem domain panic has occurred on storage444,E39,ServerFileSystem: An ServerFileSystem domain panic has occurred on <*>,,Seen,HPC,Similarity-Based,0.4,0.872773561,0.636386781
ServerFileSystem: An ServerFileSystem domain panic has occurred on storage445,E39,ServerFileSystem: An ServerFileSystem domain panic has occurred on <*>,,Seen,HPC,Similarity-Based,0.4,0.870071796,0.635035898
ServerFileSystem: An ServerFileSystem domain panic has occurred on storage446,E39,ServerFileSystem: An ServerFileSystem domain panic has occurred on <*>,,Seen,HPC,Similarity-Based,0.4,0.872944455,0.636472227
ServerFileSystem: An ServerFileSystem domain panic has occurred on storage447,E39,ServerFileSystem: An ServerFileSystem domain panic has occurred on <*>,,Seen,HPC,Similarity-Based,0.4,0.871237386,0.635618693
ServerFileSystem: An ServerFileSystem domain panic has occurred on storage448,E39,ServerFileSystem: An ServerFileSystem domain panic has occurred on <*>,,Seen,HPC,Similarity-Based,0.4,0.87142011,0.635710055
ServerFileSystem: An ServerFileSystem domain panic has occurred on storage449,E39,ServerFileSystem: An ServerFileSystem domain panic has occurred on <*>,,Seen,HPC,Similarity-Based,0.4,0.87005366,0.63502683
ServerFileSystem: An ServerFileSystem domain panic has occurred on storage450,E39,ServerFileSystem: An ServerFileSystem domain panic has occurred on <*>,,Seen,HPC,Similarity-Based,0.4,0.77317029,0.586585145
ServerFileSystem: An ServerFileSystem domain panic has occurred on storage451,E39,ServerFileSystem: An ServerFileSystem domain panic has occurred on <*>,,Seen,HPC,Similarity-Based,0.4,0.780036801,0.5900184
boot  (command 1911),E4,boot (command <*>),,Unseen,HPC,Rule-Based,0.4,0,0.2
boot  (command 1910),E4,boot (command <*>),,Unseen,HPC,Rule-Based,0.4,0,0.2
boot  (command 1978),E4,boot (command <*>),,Unseen,HPC,Rule-Based,0.4,0,0.2
boot  (command 1967),E4,boot (command <*>),,Unseen,HPC,Rule-Based,0.4,0,0.2
boot  (command 1999),E4,boot (command <*>),,Unseen,HPC,Rule-Based,0.4,0,0.2
boot  (command 1981),E4,boot (command <*>),,Unseen,HPC,Rule-Based,0.4,0,0.2
boot  (command 1973),E4,boot (command <*>),,Unseen,HPC,Rule-Based,0.4,0,0.2
boot  (command 2152),E4,boot (command <*>),,Unseen,HPC,Rule-Based,0.4,0,0.2
boot  (command 2141),E4,boot (command <*>),,Unseen,HPC,Rule-Based,0.4,0,0.2
boot  (command 2110),E4,boot (command <*>),,Unseen,HPC,Rule-Based,0.4,0,0.2
ServerFileSystem: ServerFileSystem domain root14_local is full,E40,ServerFileSystem: ServerFileSystem domain <*> is full,,Seen,HPC,Similarity-Based,0.4,0.776497892,0.588248946
ServerFileSystem: ServerFileSystem domain root10_local is full,E40,ServerFileSystem: ServerFileSystem domain <*> is full,,Seen,HPC,Similarity-Based,0.4,0.735596855,0.567798428
ServerFileSystem: ServerFileSystem domain root22_local is full,E40,ServerFileSystem: ServerFileSystem domain <*> is full,,Seen,HPC,Similarity-Based,0.4,0.723594853,0.561797427
ServerFileSystem: ServerFileSystem domain root13_local is full,E40,ServerFileSystem: ServerFileSystem domain <*> is full,,Seen,HPC,Similarity-Based,0.4,0.723065821,0.561532911
ServerFileSystem: ServerFileSystem domain root26_tmp is full,E40,ServerFileSystem domain <*> is full,,Seen,HPC,Rule-Based,0.4,0,0.2
ServerFileSystem: ServerFileSystem domain root7_local is full,E40,ServerFileSystem: ServerFileSystem domain <*> is full,,Seen,HPC,Similarity-Based,0.4,0.718010646,0.559005323
ServerFileSystem: ServerFileSystem domain root1_local is full,E40,ServerFileSystem: ServerFileSystem domain <*> is full,,Seen,HPC,Similarity-Based,0.4,0.738314009,0.569157004
ServerFileSystem: ServerFileSystem domain root22_local is full,E40,ServerFileSystem: ServerFileSystem domain <*> is full,,Seen,HPC,Similarity-Based,0.4,0.723594853,0.561797427
ServerFileSystem: ServerFileSystem domain root3_local is full,E40,ServerFileSystem: ServerFileSystem domain <*> is full,,Seen,HPC,Similarity-Based,0.4,0.734365322,0.567182661
ServerFileSystem: ServerFileSystem domain root25_local is full,E40,ServerFileSystem: ServerFileSystem domain <*> is full,,Seen,HPC,Similarity-Based,0.4,0.710695205,0.555347603
starting,E41,starting,,Unseen,HPC,Rule-Based,0.3,0,0.15
starting,E41,starting,,Unseen,HPC,Rule-Based,0.3,0,0.15
starting,E41,starting,,Unseen,HPC,Rule-Based,0.3,0,0.15
starting,E41,starting,,Unseen,HPC,Rule-Based,0.3,0,0.15
starting,E41,starting,,Unseen,HPC,Rule-Based,0.3,0,0.15
starting,E41,starting,,Unseen,HPC,Rule-Based,0.3,0,0.15
starting,E41,starting,,Unseen,HPC,Rule-Based,0.3,0,0.15
starting,E41,starting,,Unseen,HPC,Rule-Based,0.3,0,0.15
starting,E41,starting,,Unseen,HPC,Rule-Based,0.3,0,0.15
starting,E41,starting,,Unseen,HPC,Rule-Based,0.3,0,0.15
Targeting domains:node-D3 and nodes:node-[104-127] child of command 1963,E42,Targeting domains:node-<*> and nodes:node-<*> child of command <*>,,Unseen,HPC,Similarity-Based,0.433333333,0.731184481,0.582258907
Targeting domains:node-D3 and nodes:node-[104-127] child of command 1964,E42,Targeting domains:node-<*> and nodes:node-<*> child of command <*>,,Unseen,HPC,Similarity-Based,0.433333333,0.720862473,0.577097903
Targeting domains:node-D4 and nodes:node-[136-159] child of command 1964,E42,Targeting domains:node-<*> and nodes:node-<*> child of command <*>,,Unseen,HPC,Similarity-Based,0.433333333,0.756520249,0.594926791
Targeting domains:node-D4 and nodes:node-[136-159] child of command 1965,E42,Targeting domains:node-<*> and nodes:node-<*> child of command <*>,,Unseen,HPC,Similarity-Based,0.433333333,0.761566974,0.597450154
Targeting domains:node-D4 and nodes:node-[128-135] child of command 2401,E42,Targeting domains:node-<*> and nodes:node-<*> child of command <*>,,Unseen,HPC,Similarity-Based,0.433333333,0.7282393,0.580786317
Targeting domains:node-D4 and nodes:node-[128-135] child of command 2401,E42,Targeting domains:node-<*> and nodes:node-<*> child of command <*>,,Unseen,HPC,Similarity-Based,0.433333333,0.7282393,0.580786317
Targeting domains:node-D4 and nodes:node-[128-135] child of command 2401,E42,Targeting domains:node-<*> and nodes:node-<*> child of command <*>,,Unseen,HPC,Similarity-Based,0.433333333,0.7282393,0.580786317
Targeting domains:node-D0 and nodes:node-[8-31] child of command 2489,E42,Targeting domains:node-<*> and nodes:node-<*> child of command <*>,,Unseen,HPC,Similarity-Based,0.433333333,0.755949414,0.594641374
Targeting domains:node-D0 and nodes:node-[8-31] child of command 2490,E42,Targeting domains:node-<*> and nodes:node-<*> child of command <*>,,Unseen,HPC,Similarity-Based,0.433333333,0.749702667,0.591518
Targeting domains:node-D2 and nodes:node-[64-95] child of command 3488,E42,Targeting domains:node-<*> and nodes:node-<*> child of command <*>,,Unseen,HPC,Similarity-Based,0.433333333,0.749484914,0.591409124
Targeting domains:node-D7 and nodes:node-[224\ 228\ 232],E43,Targeting domains:node-<*> nodes:node-<*>,,Seen,HPC,Similarity-Based,0.433333333,0.779180505,0.606256919
Targeting domains:node-D7 and nodes:node-[224\ 228\ 232],E43,Targeting domains:node-<*> nodes:node-<*>,,Seen,HPC,Similarity-Based,0.433333333,0.779180505,0.606256919
Targeting domains:node-D7 and nodes:node-[224\ 228\ 232],E43,Targeting domains:node-<*> nodes:node-<*>,,Seen,HPC,Similarity-Based,0.433333333,0.779180505,0.606256919
Targeting domains:node-D7 and nodes:node-[224\ 228\ 232],E43,Targeting domains:node-<*> nodes:node-<*>,,Seen,HPC,Similarity-Based,0.433333333,0.779180505,0.606256919
Targeting domains:node-D0 and nodes:node-0,E43,Targeting domains:<*> and nodes:<*>,,Seen,HPC,Rule-Based,0.433333333,0,0.216666667
Targeting domains:node-D0 and nodes:node-1,E43,Targeting domains:<*> and nodes:<*>,,Seen,HPC,Rule-Based,0.433333333,0,0.216666667
Targeting domains:node-D0 and nodes:node-2,E43,Targeting domains:<*> and nodes:<*>,,Seen,HPC,Rule-Based,0.433333333,0,0.216666667
Targeting domains:node-D[0\ 5] and nodes:node-[27\ 191],E43,Targeting domains:node-<*> and nodes:node-<*>,,Seen,HPC,Similarity-Based,0.4,0.743716354,0.571858177
Targeting domains:node-D[0\ 5] and nodes:node-[27\ 191],E43,Targeting domains:node-<*> and nodes:node-<*>,,Seen,HPC,Similarity-Based,0.4,0.743716354,0.571858177
Targeting domains:node-D[0\ 5] and nodes:node-[27\ 191],E43,Targeting domains:node-<*> and nodes:node-<*>,,Seen,HPC,Similarity-Based,0.4,0.743716354,0.571858177
Temperature (41C) exceeds warning threshold,E44,Temperature (<*>) exceeds warning threshold,,Seen,HPC,Similarity-Based,0.4,0.806438305,0.603219152
Temperature (41C) exceeds warning threshold,E44,Temperature (<*>) exceeds warning threshold,,Seen,HPC,Similarity-Based,0.4,0.806438305,0.603219152
Temperature (41C) exceeds warning threshold,E44,Temperature (<*>) exceeds warning threshold,,Seen,HPC,Similarity-Based,0.4,0.806438305,0.603219152
Temperature (41C) exceeds warning threshold,E44,Temperature (<*>) exceeds warning threshold,,Seen,HPC,Similarity-Based,0.4,0.806438305,0.603219152
Temperature (41C) exceeds warning threshold,E44,Temperature (<*>) exceeds warning threshold,,Seen,HPC,Similarity-Based,0.4,0.806438305,0.603219152
Temperature (41C) exceeds warning threshold,E44,Temperature (<*>) exceeds warning threshold,,Seen,HPC,Similarity-Based,0.4,0.806438305,0.603219152
Temperature (41C) exceeds warning threshold,E44,Temperature (<*>) exceeds warning threshold,,Seen,HPC,Similarity-Based,0.4,0.806438305,0.603219152
Temperature (41C) exceeds warning threshold,E44,Temperature (<*>) exceeds warning threshold,,Seen,HPC,Similarity-Based,0.4,0.806438305,0.603219152
Temperature (41C) exceeds warning threshold,E44,Temperature (<*>) exceeds warning threshold,,Seen,HPC,Similarity-Based,0.4,0.806438305,0.603219152
Temperature (41C) exceeds warning threshold,E45,Temperature (<*>) exceeds warning threshold,,Seen,HPC,Similarity-Based,0.4,0.806438305,0.603219152
wait  (command 1975),E45,wait (command <*>),,Seen,HPC,Similarity-Based,0.4,0.71200005,0.556000025
wait  (command 1973),E45,wait (command <*>),,Seen,HPC,Similarity-Based,0.4,0.70151823,0.550759115
wait  (command 2057),E45,wait (command <*>),,Seen,HPC,Rule-Based,0.4,0,0.2
wait  (command 2154),E45,wait (command <*>),,Seen,HPC,Rule-Based,0.4,0,0.2
wait  (command 2217),E45,wait (command <*>),,Seen,HPC,Rule-Based,0.4,0,0.2
wait  (command 2217),E45,wait (command <*>),,Seen,HPC,Rule-Based,0.4,0,0.2
wait  (command 2201),E45,wait (command <*>),,Seen,HPC,Rule-Based,0.4,0,0.2
wait  (command 2199),E45,wait (command <*>),,Seen,HPC,Rule-Based,0.4,0,0.2
wait  (command 2189),E45,wait (command <*>),,Seen,HPC,Rule-Based,0.4,0,0.2
wait  (command 2302),E45,wait (command <*>),,Seen,HPC,Rule-Based,0.4,0,0.2
warning,E46,warning,,Unseen,HPC,Rule-Based,0.3,0,0.15
warning,E46,warning,,Unseen,HPC,Rule-Based,0.3,0,0.15
warning,E46,warning,,Unseen,HPC,Rule-Based,0.3,0,0.15
warning,E46,warning,,Unseen,HPC,Rule-Based,0.3,0,0.15
warning,E46,warning,,Unseen,HPC,Rule-Based,0.3,0,0.15
warning,E46,warning,,Unseen,HPC,Rule-Based,0.3,0,0.15
warning,E46,warning,,Unseen,HPC,Rule-Based,0.3,0,0.15
warning,E46,warning,,Unseen,HPC,Rule-Based,0.3,0,0.15
warning,E46,warning,,Unseen,HPC,Rule-Based,0.3,0,0.15
warning,E46,warning,,Unseen,HPC,Rule-Based,0.3,0,0.15
boot (command 2092) Error: HALT asserted\  cannot continue,E5,boot (command <*>) Error: HALT asserted\ cannot continue,,Seen,HPC,Similarity-Based,0.4,0.85464727,0.627323635
boot (command 2092) Error: HALT asserted\  cannot continue,E5,boot (command <*>) Error: HALT asserted\ cannot continue,,Seen,HPC,Similarity-Based,0.4,0.85464727,0.627323635
boot (command 2092) Error: HALT asserted\  cannot continue,E5,boot (command <*>) Error: HALT asserted\ cannot continue,,Seen,HPC,Similarity-Based,0.4,0.85464727,0.627323635
boot (command 2092) Error: HALT asserted\  cannot continue,E5,boot (command <*>) Error: HALT asserted\ cannot continue,,Seen,HPC,Similarity-Based,0.4,0.85464727,0.627323635
boot (command 2092) Error: HALT asserted\  cannot continue,E5,boot (command <*>) Error: HALT asserted\ cannot continue,,Seen,HPC,Similarity-Based,0.4,0.85464727,0.627323635
boot (command 2092) Error: HALT asserted\  cannot continue,E5,boot (command <*>) Error: HALT asserted\ cannot continue,,Seen,HPC,Similarity-Based,0.4,0.85464727,0.627323635
boot (command 2092) Error: HALT asserted\  cannot continue,E5,boot (command <*>) Error: HALT asserted\ cannot continue,,Seen,HPC,Similarity-Based,0.4,0.85464727,0.627323635
boot (command 2092) Error: HALT asserted\  cannot continue,E5,boot (command <*>) Error: HALT asserted\ cannot continue,,Seen,HPC,Similarity-Based,0.4,0.85464727,0.627323635
boot (command 2092) Error: HALT asserted\  cannot continue,E5,boot (command <*>) Error: HALT asserted\ cannot continue,,Seen,HPC,Similarity-Based,0.4,0.85464727,0.627323635
boot (command 2092) Error: HALT asserted\  cannot continue,E5,boot (command <*>) Error: HALT asserted\ cannot continue,,Seen,HPC,Similarity-Based,0.4,0.85464727,0.627323635
bootGenvmunix  (command 1903),E6,bootGenvmunix (command <*>),,Seen,HPC,Similarity-Based,0.4,0.773337765,0.586668882
bootGenvmunix  (command 4185),E6,bootGenvmunix (command <*>),,Seen,HPC,Similarity-Based,0.4,0.720326058,0.560163029
bootGenvmunix  (command 4185),E6,bootGenvmunix (command <*>),,Seen,HPC,Similarity-Based,0.4,0.720326058,0.560163029
bootGenvmunix  (command 4185),E6,bootGenvmunix (command <*>),,Seen,HPC,Similarity-Based,0.4,0.720326058,0.560163029
bootGenvmunix  (command 4185),E6,bootGenvmunix (command <*>),,Seen,HPC,Similarity-Based,0.4,0.720326058,0.560163029
bootGenvmunix  (command 4185),E6,bootGenvmunix (command <*>),,Seen,HPC,Similarity-Based,0.4,0.720326058,0.560163029
bootGenvmunix  (command 4185),E6,bootGenvmunix (command <*>),,Seen,HPC,Similarity-Based,0.4,0.720326058,0.560163029
bootGenvmunix  (command 4185),E6,bootGenvmunix (command <*>),,Seen,HPC,Similarity-Based,0.4,0.720326058,0.560163029
bootGenvmunix  (command 4185),E6,bootGenvmunix (command <*>),,Seen,HPC,Similarity-Based,0.4,0.720326058,0.560163029
bootGenvmunix  (command 4185),E6,bootGenvmunix (command <*>),,Seen,HPC,Similarity-Based,0.4,0.720326058,0.560163029
closing,E7,closing,,Unseen,HPC,Rule-Based,0.3,0,0.15
closing,E7,closing,,Unseen,HPC,Rule-Based,0.3,0,0.15
closing,E7,closing,,Unseen,HPC,Rule-Based,0.3,0,0.15
closing,E7,closing,,Unseen,HPC,Rule-Based,0.3,0,0.15
closing,E7,closing,,Unseen,HPC,Rule-Based,0.3,0,0.15
closing,E7,closing,,Unseen,HPC,Rule-Based,0.3,0,0.15
closing,E7,closing,,Unseen,HPC,Rule-Based,0.3,0,0.15
closing,E7,closing,,Unseen,HPC,Rule-Based,0.3,0,0.15
closing,E7,closing,,Unseen,HPC,Rule-Based,0.3,0,0.15
closing,E7,closing,,Unseen,HPC,Rule-Based,0.3,0,0.15
clusterAddMember  (command 1902),E8,clusterAddMember (command <*>),,Seen,HPC,Similarity-Based,0.4,0.797899419,0.598949709
clusterAddMember  (command 1900),E8,clusterAddMember (command <*>),,Seen,HPC,Similarity-Based,0.4,0.788200025,0.594100012
clusterAddMember  (command 1900),E8,clusterAddMember (command <*>),,Seen,HPC,Similarity-Based,0.4,0.788200025,0.594100012
clusterAddMember  (command 1900),E8,clusterAddMember (command <*>),,Seen,HPC,Similarity-Based,0.4,0.788200025,0.594100012
clusterAddMember  (command 1900),E8,clusterAddMember (command <*>),,Seen,HPC,Similarity-Based,0.4,0.788200025,0.594100012
clusterAddMember  (command 1900),E8,clusterAddMember (command <*>),,Seen,HPC,Similarity-Based,0.4,0.788200025,0.594100012
clusterAddMember  (command 1900),E8,clusterAddMember (command <*>),,Seen,HPC,Similarity-Based,0.4,0.788200025,0.594100012
clusterAddMember  (command 1900),E8,clusterAddMember (command <*>),,Seen,HPC,Similarity-Based,0.4,0.788200025,0.594100012
clusterAddMember  (command 1900),E8,clusterAddMember (command <*>),,Seen,HPC,Similarity-Based,0.4,0.788200025,0.594100012
clusterAddMember  (command 1900),E8,clusterAddMember (command <*>),,Seen,HPC,Similarity-Based,0.4,0.788200025,0.594100012
ClusterFileSystem: ServerFileSystem domain cluster_root_backup is no longer served by node node-96,E9,ClusterFileSystem: ServerFileSystem domain <*> is no longer served by node node-<*>,,Seen,HPC,Similarity-Based,0.4,0.91133967,0.655669835
ClusterFileSystem: ServerFileSystem domain root_domain is no longer served by node node-160,E9,ClusterFileSystem: ServerFileSystem domain <*> is no longer served by node node-<*>,,Seen,HPC,Similarity-Based,0.4,0.786973198,0.593486599
ClusterFileSystem: ServerFileSystem domain root3_domain is no longer served by node node-128,E9,ClusterFileSystem: ServerFileSystem domain <*> is no longer served by node node-<*>,,Seen,HPC,Similarity-Based,0.433333333,0.795547753,0.614440543
ClusterFileSystem: ServerFileSystem domain root9_domain is no longer served by node node-224,E9,ClusterFileSystem: ServerFileSystem domain <*> is no longer served by node node-<*>,,Seen,HPC,Similarity-Based,0.433333333,0.774205698,0.603769516
ClusterFileSystem: ServerFileSystem domain root10_domain is no longer served by node node-224,E9,ClusterFileSystem: ServerFileSystem domain <*> is no longer served by node node-<*>,,Seen,HPC,Similarity-Based,0.433333333,0.764431168,0.598882251
ClusterFileSystem: ServerFileSystem domain root28_domain is no longer served by node node-96,E9,ClusterFileSystem: ServerFileSystem domain <*> is no longer served by node node-<*>,,Seen,HPC,Similarity-Based,0.433333333,0.81319456,0.623263947
ClusterFileSystem: ServerFileSystem domain root30_domain is no longer served by node node-0,E9,ClusterFileSystem: ServerFileSystem domain <*> is no longer served by node node-<*>,,Seen,HPC,Similarity-Based,0.433333333,0.750219506,0.59177642
ClusterFileSystem: ServerFileSystem domain root26_domain is no longer served by node node-57,E9,ClusterFileSystem: ServerFileSystem domain <*> is no longer served by node node-<*>,,Seen,HPC,Similarity-Based,0.433333333,0.777936641,0.605634987
ClusterFileSystem: ServerFileSystem domain root29_local is no longer served by node node-28,E9,ClusterFileSystem: ServerFileSystem domain <*> is no longer served by node node-<*>,,Seen,HPC,Similarity-Based,0.433333333,0.72937257,0.581352952
ClusterFileSystem: ServerFileSystem domain root12_domain is no longer served by node node-11,E9,ClusterFileSystem: ServerFileSystem domain <*> is no longer served by node node-<*>,,Seen,HPC,Similarity-Based,0.433333333,0.766795539,0.600064436
Accepted password for fztu from 119.137.62.142 port 49116 ssh2,E1,Accepted password for <*> from <*> port <*> ssh2,,Unseen,OPENSSH,Rule-Based,0.525,0,0.2625
Accepted password for fztu from 119.137.62.142 port 49116 ssh2,E1,Accepted password for <*> from <*> port <*> ssh<*>,,Unseen,OPENSSH,Rule-Based,0.525,0,0.2625
Accepted password for fztu from 119.137.62.142 port 49116 ssh2,E1,Accepted password for <*> from <*> port <*> ssh<*>,,Unseen,OPENSSH,Rule-Based,0.525,0,0.2625
Accepted password for fztu from 119.137.62.142 port 49116 ssh2,E1,Accepted password for <*> from <*> port <*> ssh<*>,,Unseen,OPENSSH,Rule-Based,0.525,0,0.2625
Accepted password for fztu from 119.137.62.142 port 49116 ssh2,E1,Accepted password for <*> from <*> port <*> ssh<*>,,Unseen,OPENSSH,Rule-Based,0.525,0,0.2625
Accepted password for fztu from 119.137.62.142 port 49116 ssh2,E1,Accepted password for <*> from <*> port <*> ssh<*>,,Unseen,OPENSSH,Rule-Based,0.525,0,0.2625
Accepted password for fztu from 119.137.62.142 port 49116 ssh2,E1,Accepted password for <*> from <*> port <*> ssh<*>,,Unseen,OPENSSH,Rule-Based,0.525,0,0.2625
Accepted password for fztu from 119.137.62.142 port 49116 ssh2,E1,Accepted password for <*> from <*> port <*> ssh<*>,,Unseen,OPENSSH,Rule-Based,0.525,0,0.2625
Accepted password for fztu from 119.137.62.142 port 49116 ssh2,E1,Accepted password for <*> from <*> port <*> ssh<*>,,Unseen,OPENSSH,Rule-Based,0.525,0,0.2625
Accepted password for fztu from 119.137.62.142 port 49116 ssh2,E1,Accepted password for <*> from <*> port <*> ssh<*>,,Unseen,OPENSSH,Rule-Based,0.525,0,0.2625
Failed password for invalid user webmaster from 173.234.31.186 port 38926 ssh2,E10,Failed password for invalid user <*> from <*> port <*> ssh2,,Seen,OPENSSH,Similarity-Based,0.525,0.744855181,0.634927591
Failed password for invalid user test9 from 52.80.34.196 port 36060 ssh2,E10,Failed password for invalid user <*> from <*> port <*> ssh2,,Seen,OPENSSH,Similarity-Based,0.525,0.764056108,0.644528054
Failed password for invalid user webmaster from 173.234.31.186 port 39257 ssh2,E10,Failed password for invalid user <*> from <*> port <*> ssh2,,Seen,OPENSSH,Similarity-Based,0.525,0.751395482,0.638197741
Failed password for invalid user chen from 202.100.179.208 port 32484 ssh2,E10,Failed password for invalid user <*> from <*> port <*> ssh2,,Seen,OPENSSH,Similarity-Based,0.525,0.75348705,0.639243525
Failed password for invalid user pgadmin from 112.95.230.3 port 54087 ssh2,E10,Failed password for invalid user <*> from <*> port <*> ssh<*>,,Seen,OPENSSH,Rule-Based,0.525,0,0.2625
Failed password for invalid user utsims from 112.95.230.3 port 41506 ssh2,E10,Failed password for invalid user <*> from <*> port <*> ssh2,,Seen,OPENSSH,Similarity-Based,0.525,0.734151744,0.629575872
Failed password for invalid user inspur from 183.136.162.51 port 55204 ssh2,E10,Failed password for invalid user <*> from <*> port <*> ssh2,,Seen,OPENSSH,Similarity-Based,0.525,0.758723579,0.641861789
Failed password for invalid user support from 195.154.37.122 port 56539 ssh2,E10,Failed password for invalid user <*> from <*> port <*> ssh2,,Seen,OPENSSH,Similarity-Based,0.525,0.748039833,0.636519917
Failed password for invalid user test from 52.80.34.196 port 36060 ssh2,E10,Failed password for invalid user <*> from <*> port <*> ssh2,,Seen,OPENSSH,Similarity-Based,0.525,0.749699441,0.63734972
Failed password for invalid user support from 103.207.39.165 port 58158 ssh2,E10,Failed password for invalid user <*> from <*> port <*> ssh2,,Seen,OPENSSH,Similarity-Based,0.525,0.754043988,0.639521994
fatal: Write failed: Connection reset by peer [preauth],E11,fatal: Write failed: Connection reset by peer [<*>],,Seen,OPENSSH,Rule-Based,0.3,0,0.15
fatal: Write failed: Connection reset by peer [preauth],E11,fatal: Write failed: Connection reset by peer [<*>],,Seen,OPENSSH,Rule-Based,0.3,0,0.15
fatal: Write failed: Connection reset by peer [preauth],E11,fatal: Write failed: Connection reset by peer [<*>],,Seen,OPENSSH,Rule-Based,0.3,0,0.15
fatal: Write failed: Connection reset by peer [preauth],E11,fatal: Write failed: Connection reset by peer [<*>],,Seen,OPENSSH,Rule-Based,0.3,0,0.15
fatal: Write failed: Connection reset by peer [preauth],E11,fatal: Write failed: Connection reset by peer [<*>],,Seen,OPENSSH,Rule-Based,0.3,0,0.15
fatal: Write failed: Connection reset by peer [preauth],E11,fatal: Write failed: Connection reset by peer [<*>],,Seen,OPENSSH,Rule-Based,0.3,0,0.15
fatal: Write failed: Connection reset by peer [preauth],E11,fatal: Write failed: Connection reset by peer [<*>],,Seen,OPENSSH,Rule-Based,0.3,0,0.15
fatal: Write failed: Connection reset by peer [preauth],E11,fatal: Write failed: Connection reset by peer [<*>],,Seen,OPENSSH,Rule-Based,0.3,0,0.15
fatal: Write failed: Connection reset by peer [preauth],E11,fatal: Write failed: Connection reset by peer [<*>],,Seen,OPENSSH,Rule-Based,0.3,0,0.15
fatal: Write failed: Connection reset by peer [preauth],E11,fatal: Write failed: Connection reset by peer [<*>],,Seen,OPENSSH,Rule-Based,0.3,0,0.15
input_userauth_request: invalid user webmaster [preauth],E12,input_userauth_request: invalid user <*> [preauth],,Unseen,OPENSSH,Similarity-Based,0.3,0.785288006,0.542644003
input_userauth_request: invalid user test9 [preauth],E12,input_userauth_request: invalid user <*> [preauth],,Unseen,OPENSSH,Similarity-Based,0.4,0.852013781,0.626006891
input_userauth_request: invalid user webmaster [preauth],E12,input_userauth_request: invalid user <*> [preauth],,Unseen,OPENSSH,Similarity-Based,0.3,0.785288006,0.542644003
input_userauth_request: invalid user chen [preauth],E12,input_userauth_request: invalid user <*> [preauth],,Unseen,OPENSSH,Similarity-Based,0.3,0.763955965,0.531977983
input_userauth_request: invalid user pgadmin [preauth],E12,input\_userauth\_request: invalid user <*> [preauth],,Unseen,OPENSSH,Rule-Based,0.3,0,0.15
input_userauth_request: invalid user utsims [preauth],E12,input_userauth_request: invalid user <*> [preauth],,Unseen,OPENSSH,Similarity-Based,0.3,0.79581398,0.54790699
input_userauth_request: invalid user inspur [preauth],E12,input_userauth_request: invalid user <*> [preauth],,Unseen,OPENSSH,Similarity-Based,0.3,0.81869108,0.55934554
input_userauth_request: invalid user support [preauth],E12,input_userauth_request: invalid user <*> [preauth],,Unseen,OPENSSH,Similarity-Based,0.3,0.847733786,0.573866893
input_userauth_request: invalid user test [preauth],E12,input_userauth_request: invalid user <*> [preauth],,Unseen,OPENSSH,Similarity-Based,0.3,0.861342789,0.580671395
input_userauth_request: invalid user support [preauth],E12,input_userauth_request: invalid user <*> [preauth],,Unseen,OPENSSH,Similarity-Based,0.3,0.847733786,0.573866893
Invalid user webmaster from 173.234.31.186,E13,Invalid user <*> from <*>,,Seen,OPENSSH,Rule-Based,0.55,0,0.275
Invalid user test9 from 52.80.34.196,E13,Invalid user <*> from <*>,,Seen,OPENSSH,Rule-Based,0.533333333,0,0.266666667
Invalid user webmaster from 173.234.31.186,E13,Invalid user <*> from <*>,,Seen,OPENSSH,Rule-Based,0.55,0,0.275
Invalid user chen from 202.100.179.208,E13,Invalid user <*> from <*>,,Seen,OPENSSH,Rule-Based,0.55,0,0.275
Invalid user pgadmin from 112.95.230.3,E13,Invalid user <*> from <*>,,Seen,OPENSSH,Rule-Based,0.55,0,0.275
Invalid user utsims from 112.95.230.3,E13,Invalid user <*> from <*>,,Seen,OPENSSH,Rule-Based,0.55,0,0.275
Invalid user inspur from 183.136.162.51,E13,Invalid user <*> from <*>,,Seen,OPENSSH,Rule-Based,0.55,0,0.275
Invalid user support from 195.154.37.122,E13,Invalid user support from <*>,,Seen,OPENSSH,Rule-Based,0.55,0,0.275
Invalid user test from 52.80.34.196,E13,Invalid user <*> from <*>,,Seen,OPENSSH,Rule-Based,0.55,0,0.275
Invalid user support from 103.207.39.165,E13,Invalid user support from <*>,,Seen,OPENSSH,Rule-Based,0.55,0,0.275
message repeated 5 times: [ Failed password for root from 5.36.59.76 port 42393 ssh2],E14,Failed password for root from <*> port <*> ssh2,,Unseen,OPENSSH,Similarity-Based,0.525,0.726944561,0.62597228
message repeated 5 times: [ Failed password for root from 5.36.59.76 port 42393 ssh2],E14,Failed password for root from <*> port <*> ssh2,,Unseen,OPENSSH,Similarity-Based,0.525,0.726944561,0.62597228
message repeated 5 times: [ Failed password for root from 5.36.59.76 port 42393 ssh2],E14,Failed password for root from <*> port <*> ssh2,,Unseen,OPENSSH,Similarity-Based,0.525,0.726944561,0.62597228
message repeated 5 times: [ Failed password for root from 5.36.59.76 port 42393 ssh2],E14,Failed password for root from <*> port <*> ssh2,,Unseen,OPENSSH,Similarity-Based,0.525,0.726944561,0.62597228
message repeated 5 times: [ Failed password for root from 5.36.59.76 port 42393 ssh2],E14,Failed password for root from <*> port <*> ssh2,,Unseen,OPENSSH,Similarity-Based,0.525,0.726944561,0.62597228
message repeated 5 times: [ Failed password for root from 106.5.5.195 port 50719 ssh2],E14,Failed password for <*> from <*> port <*> ssh2,,Unseen,OPENSSH,Similarity-Based,0.525,0.727669662,0.626334831
message repeated 5 times: [ Failed password for root from 106.5.5.195 port 50719 ssh2],E14,Failed password for <*> from <*> port <*> ssh2,,Unseen,OPENSSH,Similarity-Based,0.525,0.727669662,0.626334831
message repeated 5 times: [ Failed password for root from 106.5.5.195 port 50719 ssh2],E14,Failed password for <*> from <*> port <*> ssh2,,Unseen,OPENSSH,Similarity-Based,0.525,0.727669662,0.626334831
message repeated 5 times: [ Failed password for root from 106.5.5.195 port 50719 ssh2],E14,Failed password for <*> from <*> port <*> ssh2,,Unseen,OPENSSH,Similarity-Based,0.525,0.727669662,0.626334831
message repeated 5 times: [ Failed password for root from 106.5.5.195 port 50719 ssh2],E14,Failed password for <*> from <*> port <*> ssh2,,Unseen,OPENSSH,Similarity-Based,0.525,0.727669662,0.626334831
PAM 1 more authentication failure; logname= uid=0 euid=0 tty=ssh ruser= rhost=5.188.10.180,E15,PAM <*> more authentication failure; logname= uid=<*> euid=<*> tty=ssh ruser= rhost=<*>,,Seen,OPENSSH,Similarity-Based,0.533333333,0.862146227,0.69773978
PAM 1 more authentication failure; logname= uid=0 euid=0 tty=ssh ruser= rhost=5.188.10.180,E15,PAM <*> more authentication failure; logname= uid=<*> euid=<*> tty=ssh ruser= rhost=<*>,,Seen,OPENSSH,Similarity-Based,0.533333333,0.862146227,0.69773978
PAM 1 more authentication failure; logname= uid=0 euid=0 tty=ssh ruser= rhost=5.188.10.180,E15,PAM <*> more authentication failure; logname= uid=<*> euid=<*> tty=ssh ruser= rhost=<*>,,Seen,OPENSSH,Similarity-Based,0.533333333,0.862146227,0.69773978
PAM 1 more authentication failure; logname= uid=0 euid=0 tty=ssh ruser= rhost=5.188.10.180,E15,PAM <*> more authentication failure; logname= uid=<*> euid=<*> tty=ssh ruser= rhost=<*>,,Seen,OPENSSH,Similarity-Based,0.533333333,0.862146227,0.69773978
PAM 1 more authentication failure; logname= uid=0 euid=0 tty=ssh ruser= rhost=5.188.10.180,E15,PAM <*> more authentication failure; logname= uid=<*> euid=<*> tty=ssh ruser= rhost=<*>,,Seen,OPENSSH,Similarity-Based,0.533333333,0.862146227,0.69773978
PAM 1 more authentication failure; logname= uid=0 euid=0 tty=ssh ruser= rhost=185.190.58.151,E15,PAM <*> more authentication failure; logname= uid=<*> euid=<*> tty=ssh ruser= rhost=<*>,,Seen,OPENSSH,Similarity-Based,0.533333333,0.86363408,0.698483707
PAM 1 more authentication failure; logname= uid=0 euid=0 tty=ssh ruser= rhost=185.190.58.151,E15,PAM <*> more authentication failure; logname= uid=<*> euid=<*> tty=ssh ruser= rhost=<*>,,Seen,OPENSSH,Similarity-Based,0.533333333,0.86363408,0.698483707
PAM 1 more authentication failure; logname= uid=0 euid=0 tty=ssh ruser= rhost=185.190.58.151,E15,PAM <*> more authentication failure; logname= uid=<*> euid=<*> tty=ssh ruser= rhost=<*>,,Seen,OPENSSH,Similarity-Based,0.533333333,0.86363408,0.698483707
PAM 1 more authentication failure; logname= uid=0 euid=0 tty=ssh ruser= rhost=185.190.58.151,E15,PAM <*> more authentication failure; logname= uid=<*> euid=<*> tty=ssh ruser= rhost=<*>,,Seen,OPENSSH,Similarity-Based,0.533333333,0.86363408,0.698483707
PAM 1 more authentication failure; logname= uid=0 euid=0 tty=ssh ruser= rhost=185.190.58.151,E15,PAM <*> more authentication failure; logname= uid=<*> euid=<*> tty=ssh ruser= rhost=<*>,,Seen,OPENSSH,Similarity-Based,0.533333333,0.86363408,0.698483707
PAM 4 more authentication failures; logname= uid=0 euid=0 tty=ssh ruser= rhost=5.188.10.180,E16,PAM <*> more authentication failures; logname= uid=<*> euid=<*> tty=ssh ruser= rhost=<*>,,Seen,OPENSSH,Similarity-Based,0.533333333,0.843168516,0.688250925
PAM 4 more authentication failures; logname= uid=0 euid=0 tty=ssh ruser= rhost=5.188.10.180,E16,PAM <*> more authentication failures; logname= uid=<*> euid=<*> tty=ssh ruser= rhost=<*>,,Seen,OPENSSH,Similarity-Based,0.533333333,0.843168516,0.688250925
PAM 4 more authentication failures; logname= uid=0 euid=0 tty=ssh ruser= rhost=5.188.10.180,E16,PAM <*> more authentication failures; logname= uid=<*> euid=<*> tty=ssh ruser= rhost=<*>,,Seen,OPENSSH,Similarity-Based,0.533333333,0.843168516,0.688250925
PAM 4 more authentication failures; logname= uid=0 euid=0 tty=ssh ruser= rhost=5.188.10.180,E16,PAM <*> more authentication failures; logname= uid=<*> euid=<*> tty=ssh ruser= rhost=<*>,,Seen,OPENSSH,Similarity-Based,0.533333333,0.843168516,0.688250925
PAM 2 more authentication failures; logname= uid=0 euid=0 tty=ssh ruser= rhost=185.190.58.151,E16,PAM <*> more authentication failures; logname= uid=<*> euid=<*> tty=ssh ruser= rhost=<*>,,Seen,OPENSSH,Similarity-Based,0.533333333,0.868505375,0.700919354
PAM 2 more authentication failures; logname= uid=0 euid=0 tty=ssh ruser= rhost=185.190.58.151,E16,PAM <*> more authentication failures; logname= uid=<*> euid=<*> tty=ssh ruser= rhost=<*>,,Seen,OPENSSH,Similarity-Based,0.533333333,0.868505375,0.700919354
PAM 4 more authentication failures; logname= uid=0 euid=0 tty=ssh ruser= rhost=185.190.58.151,E16,PAM <*> more authentication failures; logname= uid=<*> euid=<*> tty=ssh ruser= rhost=<*>,,Seen,OPENSSH,Similarity-Based,0.533333333,0.845227843,0.689280588
PAM 4 more authentication failures; logname= uid=0 euid=0 tty=ssh ruser= rhost=185.190.58.151,E16,PAM <*> more authentication failures; logname= uid=<*> euid=<*> tty=ssh ruser= rhost=<*>,,Seen,OPENSSH,Similarity-Based,0.533333333,0.845227843,0.689280588
PAM 5 more authentication failures; logname= uid=0 euid=0 tty=ssh ruser= rhost=119.4.203.64,E16,PAM <*> <5> more authentication failures; logname= uid=<*> euid=<*> tty=ssh ruser= rhost=<*>,,Seen,OPENSSH,Similarity-Based,0.533333333,0.846899865,0.690116599
PAM 5 more authentication failures; logname= uid=0 euid=0 tty=ssh ruser= rhost=119.4.203.64,E16,PAM <*> <5> more authentication failures; logname= uid=<*> euid=<*> tty=ssh ruser= rhost=<*>,,Seen,OPENSSH,Similarity-Based,0.533333333,0.846899865,0.690116599
PAM 5 more authentication failures; logname= uid=0 euid=0 tty=ssh ruser= rhost=5.36.59.76.dynamic-dsl-ip.omantel.net.om  user=root,E17,PAM <*> more authentication failures; logname= uid=<*> euid=<*> tty=ssh ruser= rhost=<*> user=<*>,,Unseen,OPENSSH,Similarity-Based,0.533333333,0.76095475,0.647144042
PAM 5 more authentication failures; logname= uid=0 euid=0 tty=ssh ruser= rhost=5.36.59.76.dynamic-dsl-ip.omantel.net.om  user=root,E17,PAM <*> more authentication failures; logname= uid=<*> euid=<*> tty=ssh ruser= rhost=<*> user=<*>,,Unseen,OPENSSH,Similarity-Based,0.533333333,0.76095475,0.647144042
PAM 5 more authentication failures; logname= uid=0 euid=0 tty=ssh ruser= rhost=5.36.59.76.dynamic-dsl-ip.omantel.net.om  user=root,E17,PAM <*> more authentication failures; logname= uid=<*> euid=<*> tty=ssh ruser= rhost=<*> user=<*>,,Unseen,OPENSSH,Similarity-Based,0.533333333,0.76095475,0.647144042
PAM 5 more authentication failures; logname= uid=0 euid=0 tty=ssh ruser= rhost=5.36.59.76.dynamic-dsl-ip.omantel.net.om  user=root,E17,PAM <*> more authentication failures; logname= uid=<*> euid=<*> tty=ssh ruser= rhost=<*> user=<*>,,Unseen,OPENSSH,Similarity-Based,0.533333333,0.76095475,0.647144042
PAM 5 more authentication failures; logname= uid=0 euid=0 tty=ssh ruser= rhost=5.36.59.76.dynamic-dsl-ip.omantel.net.om  user=root,E17,PAM <*> more authentication failures; logname= uid=<*> euid=<*> tty=ssh ruser= rhost=<*> user=<*>,,Unseen,OPENSSH,Similarity-Based,0.533333333,0.76095475,0.647144042
PAM 5 more authentication failures; logname= uid=0 euid=0 tty=ssh ruser= rhost=106.5.5.195  user=root,E17,PAM <*> more authentication failures; logname= uid=<*> euid=<*> tty=ssh ruser= rhost=<*> user=<*>,,Unseen,OPENSSH,Similarity-Based,0.533333333,0.899618461,0.716475897
PAM 5 more authentication failures; logname= uid=0 euid=0 tty=ssh ruser= rhost=106.5.5.195  user=root,E17,PAM <*> more authentication failures; logname= uid=<*> euid=<*> tty=ssh ruser= rhost=<*> user=<*>,,Unseen,OPENSSH,Similarity-Based,0.533333333,0.899618461,0.716475897
PAM 5 more authentication failures; logname= uid=0 euid=0 tty=ssh ruser= rhost=106.5.5.195  user=root,E17,PAM <*> more authentication failures; logname= uid=<*> euid=<*> tty=ssh ruser= rhost=<*> user=<*>,,Unseen,OPENSSH,Similarity-Based,0.533333333,0.899618461,0.716475897
PAM 5 more authentication failures; logname= uid=0 euid=0 tty=ssh ruser= rhost=106.5.5.195  user=root,E17,PAM <*> more authentication failures; logname= uid=<*> euid=<*> tty=ssh ruser= rhost=<*> user=<*>,,Unseen,OPENSSH,Similarity-Based,0.533333333,0.899618461,0.716475897
PAM 5 more authentication failures; logname= uid=0 euid=0 tty=ssh ruser= rhost=106.5.5.195  user=root,E17,PAM <*> more authentication failures; logname= uid=<*> euid=<*> tty=ssh ruser= rhost=<*> user=<*>,,Unseen,OPENSSH,Similarity-Based,0.533333333,0.899618461,0.716475897
PAM service(sshd) ignoring max retries; 6 > 3,E18,PAM service(sshd) ignoring max retries; <*> > <*>,,Seen,OPENSSH,Similarity-Based,0.4,0.839649526,0.619824763
PAM service(sshd) ignoring max retries; 6 > 3,E18,PAM service(sshd) ignoring max retries; <*> > <*>,,Seen,OPENSSH,Similarity-Based,0.4,0.839649526,0.619824763
PAM service(sshd) ignoring max retries; 5 > 3,E18,PAM service(sshd) ignoring max retries; <*> > <*>,,Seen,OPENSSH,Similarity-Based,0.4,0.837060078,0.618530039
PAM service(sshd) ignoring max retries; 5 > 3,E18,PAM service(sshd) ignoring max retries; <*> > <*>,,Seen,OPENSSH,Similarity-Based,0.4,0.837060078,0.618530039
PAM service(sshd) ignoring max retries; 5 > 3,E18,PAM service(sshd) ignoring max retries; <*> > <*>,,Seen,OPENSSH,Similarity-Based,0.4,0.837060078,0.618530039
PAM service(sshd) ignoring max retries; 5 > 3,E18,PAM service(sshd) ignoring max retries; <*> > <*>,,Seen,OPENSSH,Similarity-Based,0.4,0.837060078,0.618530039
PAM service(sshd) ignoring max retries; 6 > 3,E18,PAM service(sshd) ignoring max retries; <*> > <*>,,Seen,OPENSSH,Similarity-Based,0.4,0.839649526,0.619824763
PAM service(sshd) ignoring max retries; 5 > 3,E18,PAM service(sshd) ignoring max retries; <*> > <*>,,Seen,OPENSSH,Similarity-Based,0.4,0.837060078,0.618530039
PAM service(sshd) ignoring max retries; 5 > 3,E18,PAM service(sshd) ignoring max retries; <*> > <*>,,Seen,OPENSSH,Similarity-Based,0.4,0.837060078,0.618530039
PAM service(sshd) ignoring max retries; 6 > 3,E18,PAM service(sshd) ignoring max retries; <*> > <*>,,Seen,OPENSSH,Similarity-Based,0.4,0.839649526,0.619824763
pam_unix(sshd:auth): authentication failure; logname= uid=0 euid=0 tty=ssh ruser= rhost=173.234.31.186,E19,pam_unix(<*>auth): authentication failure; logname= uid=<*> euid=<*> tty=<*> ruser= rhost=<*>,,Unseen,OPENSSH,Similarity-Based,0.533333333,0.824073239,0.678703286
pam_unix(sshd:auth): authentication failure; logname= uid=0 euid=0 tty=ssh ruser= rhost=ec2-52-80-34-196.cn-north-1.compute.amazonaws.com.cn,E19,authentication failure; logname= <*>; uid=<*>; euid=<*>; tty=<*>; ruser= <*>; rhost=<*>,,Unseen,OPENSSH,Rule-Based,0.4,0,0.2
pam_unix(sshd:auth): authentication failure; logname= uid=0 euid=0 tty=ssh ruser= rhost=173.234.31.186,E19,pam_unix(<*>auth): authentication failure; logname= uid=<*> euid=<*> tty=<*> ruser= rhost=<*>,,Unseen,OPENSSH,Similarity-Based,0.533333333,0.824073239,0.678703286
pam_unix(sshd:auth): authentication failure; logname= uid=0 euid=0 tty=ssh ruser= rhost=202.100.179.208,E19,pam_unix(<*>auth): authentication failure; logname= uid=<*> euid=<*> tty=<*> ruser= rhost=<*>,,Unseen,OPENSSH,Similarity-Based,0.533333333,0.827427679,0.680380506
pam_unix(sshd:auth): authentication failure; logname= uid=0 euid=0 tty=ssh ruser= rhost=112.95.230.3,E19,pam_unix(<*>auth): authentication failure; logname= uid=<*> euid=<*> tty=<*> ruser= rhost=<*>,,Unseen,OPENSSH,Similarity-Based,0.533333333,0.82404122,0.678687277
pam_unix(sshd:auth): authentication failure; logname= uid=0 euid=0 tty=ssh ruser= rhost=112.95.230.3,E19,pam_unix(<*>auth): authentication failure; logname= uid=<*> euid=<*> tty=<*> ruser= rhost=<*>,,Unseen,OPENSSH,Similarity-Based,0.533333333,0.82404122,0.678687277
pam_unix(sshd:auth): authentication failure; logname= uid=0 euid=0 tty=ssh ruser= rhost=183.136.162.51,E19,pam_unix(<*>auth): authentication failure; logname= uid=<*> euid=<*> tty=<*> ruser= rhost=<*>,,Unseen,OPENSSH,Similarity-Based,0.533333333,0.820632158,0.676982746
pam_unix(sshd:auth): authentication failure; logname= uid=0 euid=0 tty=ssh ruser= rhost=195.154.37.122,E19,pam_unix(<*>auth): authentication failure; logname= uid=<*> euid=<*> tty=<*> ruser= rhost=<*>,,Unseen,OPENSSH,Similarity-Based,0.533333333,0.817311313,0.675322323
pam_unix(sshd:auth): authentication failure; logname= uid=0 euid=0 tty=ssh ruser= rhost=ec2-52-80-34-196.cn-north-1.compute.amazonaws.com.cn,E19,authentication failure; logname= <*>; uid=<*>; euid=<*>; tty=<*>; ruser= <*>; rhost=<*>,,Unseen,OPENSSH,Rule-Based,0.4,0,0.2
pam_unix(sshd:auth): authentication failure; logname= uid=0 euid=0 tty=ssh ruser= rhost=103.207.39.165,E19,pam_unix(<*>auth): authentication failure; logname= uid=<*> euid=<*> tty=<*> ruser= rhost=<*>,,Unseen,OPENSSH,Similarity-Based,0.533333333,0.824606675,0.678970004
Connection closed by 173.234.31.186 [preauth],E2,Connection closed by <*> [preauth],,Seen,OPENSSH,Similarity-Based,0.55,0.812222144,0.681111072
Connection closed by 212.47.254.145 [preauth],E2,Connection closed by <*> [preauth],,Seen,OPENSSH,Similarity-Based,0.55,0.762004168,0.656002084
Connection closed by 173.234.31.186 [preauth],E2,Connection closed by <*> [preauth],,Seen,OPENSSH,Similarity-Based,0.55,0.812222144,0.681111072
Connection closed by 191.210.223.172 [preauth],E2,Connection closed by <*> [preauth],,Seen,OPENSSH,Similarity-Based,0.55,0.76651852,0.65825926
Connection closed by 194.190.163.22 [preauth],E2,Connection closed by <*> [preauth],,Seen,OPENSSH,Similarity-Based,0.55,0.813838656,0.681919328
Connection closed by 194.190.163.22 [preauth],E2,Connection closed by <*> [preauth],,Seen,OPENSSH,Similarity-Based,0.55,0.813838656,0.681919328
Connection closed by 194.190.163.22 [preauth],E2,Connection closed by <*> [preauth],,Seen,OPENSSH,Similarity-Based,0.55,0.813838656,0.681919328
Connection closed by 5.188.10.180 [preauth],E2,Connection closed by <*> [preauth],,Seen,OPENSSH,Similarity-Based,0.55,0.792847915,0.671423958
Connection closed by 5.188.10.180 [preauth],E2,Connection closed by <*> [preauth],,Seen,OPENSSH,Similarity-Based,0.55,0.792847915,0.671423958
Connection closed by 5.188.10.180 [preauth],E2,Connection closed by <*> [preauth],,Seen,OPENSSH,Similarity-Based,0.55,0.792847915,0.671423958
pam_unix(sshd:auth): authentication failure; logname= uid=0 euid=0 tty=ssh ruser= rhost=5.36.59.76.dynamic-dsl-ip.omantel.net.om  user=root,E20,authentication failure; logname= <*>; uid=<*>; euid=<*>; tty=<*>; ruser=<*>; rhost=<*>; user=<*>,,Unseen,OPENSSH,Rule-Based,0.533333333,0,0.266666667
pam_unix(sshd:auth): authentication failure; logname= uid=0 euid=0 tty=ssh ruser= rhost=112.95.230.3  user=root,E20,pam_unix(sshd:auth): authentication failure; logname= uid=<*> euid=<*> tty=ssh ruser= rhost=<*> user=<*>,,Unseen,OPENSSH,Similarity-Based,0.533333333,0.814830007,0.67408167
pam_unix(sshd:auth): authentication failure; logname= uid=0 euid=0 tty=ssh ruser= rhost=112.95.230.3  user=root,E20,pam_unix(sshd:auth): authentication failure; logname= uid=<*> euid=<*> tty=ssh ruser= rhost=<*> user=<*>,,Unseen,OPENSSH,Similarity-Based,0.533333333,0.814830007,0.67408167
pam_unix(sshd:auth): authentication failure; logname= uid=0 euid=0 tty=ssh ruser= rhost=112.95.230.3  user=root,E20,pam_unix(sshd:auth): authentication failure; logname= uid=<*> euid=<*> tty=ssh ruser= rhost=<*> user=<*>,,Unseen,OPENSSH,Similarity-Based,0.533333333,0.814830007,0.67408167
pam_unix(sshd:auth): authentication failure; logname= uid=0 euid=0 tty=ssh ruser= rhost=112.95.230.3  user=root,E20,pam_unix(sshd:auth): authentication failure; logname= uid=<*> euid=<*> tty=ssh ruser= rhost=<*> user=<*>,,Unseen,OPENSSH,Similarity-Based,0.533333333,0.814830007,0.67408167
pam_unix(sshd:auth): authentication failure; logname= uid=0 euid=0 tty=ssh ruser= rhost=112.95.230.3  user=root,E20,pam_unix(sshd:auth): authentication failure; logname= uid=<*> euid=<*> tty=ssh ruser= rhost=<*> user=<*>,,Unseen,OPENSSH,Similarity-Based,0.533333333,0.814830007,0.67408167
pam_unix(sshd:auth): authentication failure; logname= uid=0 euid=0 tty=ssh ruser= rhost=112.95.230.3  user=root,E20,pam_unix(sshd:auth): authentication failure; logname= uid=<*> euid=<*> tty=ssh ruser= rhost=<*> user=<*>,,Unseen,OPENSSH,Similarity-Based,0.533333333,0.814830007,0.67408167
pam_unix(sshd:auth): authentication failure; logname= uid=0 euid=0 tty=ssh ruser= rhost=112.95.230.3  user=root,E20,pam_unix(sshd:auth): authentication failure; logname= uid=<*> euid=<*> tty=ssh ruser= rhost=<*> user=<*>,,Unseen,OPENSSH,Similarity-Based,0.533333333,0.814830007,0.67408167
pam_unix(sshd:auth): authentication failure; logname= uid=0 euid=0 tty=ssh ruser= rhost=112.95.230.3  user=root,E20,pam_unix(sshd:auth): authentication failure; logname= uid=<*> euid=<*> tty=ssh ruser= rhost=<*> user=<*>,,Unseen,OPENSSH,Similarity-Based,0.533333333,0.814830007,0.67408167
pam_unix(sshd:auth): authentication failure; logname= uid=0 euid=0 tty=ssh ruser= rhost=112.95.230.3  user=root,E20,pam_unix(sshd:auth): authentication failure; logname= uid=<*> euid=<*> tty=ssh ruser= rhost=<*> user=<*>,,Unseen,OPENSSH,Similarity-Based,0.533333333,0.814830007,0.67408167
pam_unix(sshd:auth): check pass; user unknown,E21,user unknown,,Unseen,OPENSSH,Rule-Based,0.3,0,0.15
pam_unix(sshd:auth): check pass; user unknown,E21,user unknown,,Unseen,OPENSSH,Rule-Based,0.3,0,0.15
pam_unix(sshd:auth): check pass; user unknown,E21,user unknown,,Unseen,OPENSSH,Rule-Based,0.3,0,0.15
pam_unix(sshd:auth): check pass; user unknown,E21,user unknown,,Unseen,OPENSSH,Rule-Based,0.3,0,0.15
pam_unix(sshd:auth): check pass; user unknown,E21,user unknown,,Unseen,OPENSSH,Rule-Based,0.3,0,0.15
pam_unix(sshd:auth): check pass; user unknown,E21,user unknown,,Unseen,OPENSSH,Rule-Based,0.3,0,0.15
pam_unix(sshd:auth): check pass; user unknown,E21,user unknown,,Unseen,OPENSSH,Rule-Based,0.3,0,0.15
pam_unix(sshd:auth): check pass; user unknown,E21,user unknown,,Unseen,OPENSSH,Rule-Based,0.3,0,0.15
pam_unix(sshd:auth): check pass; user unknown,E21,user unknown,,Unseen,OPENSSH,Rule-Based,0.3,0,0.15
pam_unix(sshd:auth): check pass; user unknown,E21,user unknown,,Unseen,OPENSSH,Rule-Based,0.3,0,0.15
pam_unix(sshd:session): session closed for user fztu,E22,pam_unix(sshd:session): session closed for user <*>,,Seen,OPENSSH,Similarity-Based,0.3,0.801312064,0.550656032
pam_unix(sshd:session): session closed for user fztu,E22,pam_unix(sshd:session): session closed for user <*>,,Seen,OPENSSH,Similarity-Based,0.3,0.801312064,0.550656032
pam_unix(sshd:session): session closed for user fztu,E22,pam_unix(sshd:session): session closed for user <*>,,Seen,OPENSSH,Similarity-Based,0.3,0.801312064,0.550656032
pam_unix(sshd:session): session closed for user fztu,E22,pam_unix(sshd:session): session closed for user <*>,,Seen,OPENSSH,Similarity-Based,0.3,0.801312064,0.550656032
pam_unix(sshd:session): session closed for user fztu,E22,pam_unix(sshd:session): session closed for user <*>,,Seen,OPENSSH,Similarity-Based,0.3,0.801312064,0.550656032
pam_unix(sshd:session): session closed for user fztu,E22,pam_unix(sshd:session): session closed for user <*>,,Seen,OPENSSH,Similarity-Based,0.3,0.801312064,0.550656032
pam_unix(sshd:session): session closed for user fztu,E22,pam_unix(sshd:session): session closed for user <*>,,Seen,OPENSSH,Similarity-Based,0.3,0.801312064,0.550656032
pam_unix(sshd:session): session closed for user fztu,E22,pam_unix(sshd:session): session closed for user <*>,,Seen,OPENSSH,Similarity-Based,0.3,0.801312064,0.550656032
pam_unix(sshd:session): session closed for user fztu,E22,pam_unix(sshd:session): session closed for user <*>,,Seen,OPENSSH,Similarity-Based,0.3,0.801312064,0.550656032
pam_unix(sshd:session): session closed for user fztu,E22,pam_unix(sshd:session): session closed for user <*>,,Seen,OPENSSH,Similarity-Based,0.3,0.801312064,0.550656032
pam_unix(sshd:session): session opened for user fztu by (uid=0),E23,pam_unix(sshd:session): session opened for user <*> by (uid=<*>),,Unseen,OPENSSH,Similarity-Based,0.4,0.726193986,0.563096993
pam_unix(sshd:session): session opened for user fztu by (uid=0),E23,pam_unix(sshd:session): session opened for user <*> by (uid=<*>),,Unseen,OPENSSH,Similarity-Based,0.4,0.726193986,0.563096993
pam_unix(sshd:session): session opened for user fztu by (uid=0),E23,pam_unix(sshd:session): session opened for user <*> by (uid=<*>),,Unseen,OPENSSH,Similarity-Based,0.4,0.726193986,0.563096993
pam_unix(sshd:session): session opened for user fztu by (uid=0),E23,pam_unix(sshd:session): session opened for user <*> by (uid=<*>),,Unseen,OPENSSH,Similarity-Based,0.4,0.726193986,0.563096993
pam_unix(sshd:session): session opened for user fztu by (uid=0),E23,pam_unix(sshd:session): session opened for user <*> by (uid=<*>),,Unseen,OPENSSH,Similarity-Based,0.4,0.726193986,0.563096993
pam_unix(sshd:session): session opened for user fztu by (uid=0),E23,pam_unix(sshd:session): session opened for user <*> by (uid=<*>),,Unseen,OPENSSH,Similarity-Based,0.4,0.726193986,0.563096993
pam_unix(sshd:session): session opened for user fztu by (uid=0),E23,pam_unix(sshd:session): session opened for user <*> by (uid=<*>),,Unseen,OPENSSH,Similarity-Based,0.4,0.726193986,0.563096993
pam_unix(sshd:session): session opened for user fztu by (uid=0),E23,pam_unix(sshd:session): session opened for user <*> by (uid=<*>),,Unseen,OPENSSH,Similarity-Based,0.4,0.726193986,0.563096993
pam_unix(sshd:session): session opened for user fztu by (uid=0),E23,pam_unix(sshd:session): session opened for user <*> by (uid=<*>),,Unseen,OPENSSH,Similarity-Based,0.4,0.726193986,0.563096993
pam_unix(sshd:session): session opened for user fztu by (uid=0),E23,pam_unix(sshd:session): session opened for user <*> by (uid=<*>),,Unseen,OPENSSH,Similarity-Based,0.4,0.726193986,0.563096993
Received disconnect from 52.80.34.196: 11: Bye Bye [preauth],E24,Received disconnect from <*>: <*>: Bye Bye [preauth],,Seen,OPENSSH,Similarity-Based,0.55,0.827368605,0.688684303
Received disconnect from 202.100.179.208: 11: Bye Bye [preauth],E24,Received disconnect from <*>: <*>: Bye Bye [preauth],,Seen,OPENSSH,Similarity-Based,0.55,0.810401683,0.680200841
Received disconnect from 112.95.230.3: 11: Bye Bye [preauth],E24,Received disconnect from <*>: <*>: Bye Bye [preauth],,Seen,OPENSSH,Similarity-Based,0.55,0.827592439,0.688796219
Received disconnect from 112.95.230.3: 11: Bye Bye [preauth],E24,Received disconnect from <*>: <*>: Bye Bye [preauth],,Seen,OPENSSH,Similarity-Based,0.55,0.827592439,0.688796219
Received disconnect from 112.95.230.3: 11: Bye Bye [preauth],E24,Received disconnect from <*>: <*>: Bye Bye [preauth],,Seen,OPENSSH,Similarity-Based,0.55,0.827592439,0.688796219
Received disconnect from 112.95.230.3: 11: Bye Bye [preauth],E24,Received disconnect from <*>: <*>: Bye Bye [preauth],,Seen,OPENSSH,Similarity-Based,0.55,0.827592439,0.688796219
Received disconnect from 112.95.230.3: 11: Bye Bye [preauth],E24,Received disconnect from <*>: <*>: Bye Bye [preauth],,Seen,OPENSSH,Similarity-Based,0.55,0.827592439,0.688796219
Received disconnect from 112.95.230.3: 11: Bye Bye [preauth],E24,Received disconnect from <*>: <*>: Bye Bye [preauth],,Seen,OPENSSH,Similarity-Based,0.55,0.827592439,0.688796219
Received disconnect from 112.95.230.3: 11: Bye Bye [preauth],E24,Received disconnect from <*>: <*>: Bye Bye [preauth],,Seen,OPENSSH,Similarity-Based,0.55,0.827592439,0.688796219
Received disconnect from 112.95.230.3: 11: Bye Bye [preauth],E24,Received disconnect from <*>: <*>: Bye Bye [preauth],,Seen,OPENSSH,Similarity-Based,0.55,0.827592439,0.688796219
Received disconnect from 103.207.39.165: 11: Closed due to user request. [preauth],E25,Received disconnect from <*>: <*>: Closed due to user request. [preauth],,Unseen,OPENSSH,Similarity-Based,0.55,0.777037811,0.663518906
Received disconnect from 103.207.39.165: 11: Closed due to user request. [preauth],E25,Received disconnect from <*>: <*>: Closed due to user request. [preauth],,Unseen,OPENSSH,Similarity-Based,0.55,0.777037811,0.663518906
Received disconnect from 103.207.39.212: 11: Closed due to user request. [preauth],E25,Received disconnect from <*>: <*>: Closed due to user request. [preauth],,Unseen,OPENSSH,Similarity-Based,0.55,0.779826059,0.664913029
Received disconnect from 103.207.39.212: 11: Closed due to user request. [preauth],E25,Received disconnect from <*>: <*>: Closed due to user request. [preauth],,Unseen,OPENSSH,Similarity-Based,0.55,0.779826059,0.664913029
Received disconnect from 103.207.39.212: 11: Closed due to user request. [preauth],E25,Received disconnect from <*>: <*>: Closed due to user request. [preauth],,Unseen,OPENSSH,Similarity-Based,0.55,0.779826059,0.664913029
Received disconnect from 103.207.39.212: 11: Closed due to user request. [preauth],E25,Received disconnect from <*>: <*>: Closed due to user request. [preauth],,Unseen,OPENSSH,Similarity-Based,0.55,0.779826059,0.664913029
Received disconnect from 103.207.39.16: 11: Closed due to user request. [preauth],E25,Received disconnect from <*>: <*>: Closed due to user request. [preauth],,Unseen,OPENSSH,Similarity-Based,0.55,0.780215281,0.665107641
Received disconnect from 103.207.39.16: 11: Closed due to user request. [preauth],E25,Received disconnect from <*>: <*>: Closed due to user request. [preauth],,Unseen,OPENSSH,Similarity-Based,0.55,0.780215281,0.665107641
Received disconnect from 103.207.39.16: 11: Closed due to user request. [preauth],E25,Received disconnect from <*>: <*>: Closed due to user request. [preauth],,Unseen,OPENSSH,Similarity-Based,0.55,0.780215281,0.665107641
Received disconnect from 103.207.39.16: 11: Closed due to user request. [preauth],E25,Received disconnect from <*>: <*>: Closed due to user request. [preauth],,Unseen,OPENSSH,Similarity-Based,0.55,0.780215281,0.665107641
Received disconnect from 119.137.62.142: 11: disconnected by user,E26,Received disconnect from <*>: <*>: disconnected by user,,Seen,OPENSSH,Similarity-Based,0.55,0.772125079,0.661062539
Received disconnect from 119.137.62.142: 11: disconnected by user,E26,Received disconnect from <*>: <*>: disconnected by user,,Seen,OPENSSH,Similarity-Based,0.55,0.772125079,0.661062539
Received disconnect from 119.137.62.142: 11: disconnected by user,E26,Received disconnect from <*>: <*>: disconnected by user,,Seen,OPENSSH,Similarity-Based,0.55,0.772125079,0.661062539
Received disconnect from 119.137.62.142: 11: disconnected by user,E26,Received disconnect from <*>: <*>: disconnected by user,,Seen,OPENSSH,Similarity-Based,0.55,0.772125079,0.661062539
Received disconnect from 119.137.62.142: 11: disconnected by user,E26,Received disconnect from <*>: <*>: disconnected by user,,Seen,OPENSSH,Similarity-Based,0.55,0.772125079,0.661062539
Received disconnect from 119.137.62.142: 11: disconnected by user,E26,Received disconnect from <*>: <*>: disconnected by user,,Seen,OPENSSH,Similarity-Based,0.55,0.772125079,0.661062539
Received disconnect from 119.137.62.142: 11: disconnected by user,E26,Received disconnect from <*>: <*>: disconnected by user,,Seen,OPENSSH,Similarity-Based,0.55,0.772125079,0.661062539
Received disconnect from 119.137.62.142: 11: disconnected by user,E26,Received disconnect from <*>: <*>: disconnected by user,,Seen,OPENSSH,Similarity-Based,0.55,0.772125079,0.661062539
Received disconnect from 119.137.62.142: 11: disconnected by user,E26,Received disconnect from <*>: <*>: disconnected by user,,Seen,OPENSSH,Similarity-Based,0.55,0.772125079,0.661062539
Received disconnect from 119.137.62.142: 11: disconnected by user,E26,Received disconnect from <*>: <*>: disconnected by user,,Seen,OPENSSH,Similarity-Based,0.55,0.772125079,0.661062539
reverse mapping checking getaddrinfo for ns.marryaldkfaczcz.com [173.234.31.186] failed - POSSIBLE BREAK-IN ATTEMPT!,E27,reverse mapping checking getaddrinfo for <*> failed - POSSIBLE BREAK-IN ATTEMPT!,,Unseen,OPENSSH,Rule-Based,0.55,0,0.275
reverse mapping checking getaddrinfo for ns.marryaldkfaczcz.com [173.234.31.186] failed - POSSIBLE BREAK-IN ATTEMPT!,E27,reverse mapping checking getaddrinfo for <*> failed - POSSIBLE BREAK-IN ATTEMPT!,,Unseen,OPENSSH,Rule-Based,0.55,0,0.275
reverse mapping checking getaddrinfo for 191-210-223-172.user.vivozap.com.br [191.210.223.172] failed - POSSIBLE BREAK-IN ATTEMPT!,E27,reverse mapping checking getaddrinfo for <*> [<*>] failed - POSSIBLE BREAK-IN ATTEMPT!,,Unseen,OPENSSH,Rule-Based,0.533333333,0,0.266666667
reverse mapping checking getaddrinfo for 195-154-37-122.rev.poneytelecom.eu [195.154.37.122] failed - POSSIBLE BREAK-IN ATTEMPT!,E27,reverse mapping checking getaddrinfo for <*> [<*>] failed - POSSIBLE BREAK-IN ATTEMPT!,,Unseen,OPENSSH,Rule-Based,0.533333333,0,0.266666667
reverse mapping checking getaddrinfo for 195-154-37-122.rev.poneytelecom.eu [195.154.37.122] failed - POSSIBLE BREAK-IN ATTEMPT!,E27,reverse mapping checking getaddrinfo for <*> [<*>] failed - POSSIBLE BREAK-IN ATTEMPT!,,Unseen,OPENSSH,Rule-Based,0.533333333,0,0.266666667
reverse mapping checking getaddrinfo for customer-187-141-143-180-sta.uninet-ide.com.mx [187.141.143.180] failed - POSSIBLE BREAK-IN ATTEMPT!,E27,reverse mapping checking getaddrinfo for customer-<*>-<*>-<*>-<*>-<*.*> failed - POSSIBLE BREAK-IN ATTEMPT!,,Unseen,OPENSSH,Rule-Based,0.533333333,0,0.266666667
reverse mapping checking getaddrinfo for customer-187-141-143-180-sta.uninet-ide.com.mx [187.141.143.180] failed - POSSIBLE BREAK-IN ATTEMPT!,E27,reverse mapping checking getaddrinfo for customer-<*>-<*>-<*>-<*>-<*.*> failed - POSSIBLE BREAK-IN ATTEMPT!,,Unseen,OPENSSH,Rule-Based,0.533333333,0,0.266666667
reverse mapping checking getaddrinfo for customer-187-141-143-180-sta.uninet-ide.com.mx [187.141.143.180] failed - POSSIBLE BREAK-IN ATTEMPT!,E27,reverse mapping checking getaddrinfo for customer-<*>-<*>-<*>-<*>-<*.*> failed - POSSIBLE BREAK-IN ATTEMPT!,,Unseen,OPENSSH,Rule-Based,0.533333333,0,0.266666667
reverse mapping checking getaddrinfo for customer-187-141-143-180-sta.uninet-ide.com.mx [187.141.143.180] failed - POSSIBLE BREAK-IN ATTEMPT!,E27,reverse mapping checking getaddrinfo for customer-<*>-<*>-<*>-<*>-<*.*> failed - POSSIBLE BREAK-IN ATTEMPT!,,Unseen,OPENSSH,Rule-Based,0.533333333,0,0.266666667
reverse mapping checking getaddrinfo for customer-187-141-143-180-sta.uninet-ide.com.mx [187.141.143.180] failed - POSSIBLE BREAK-IN ATTEMPT!,E27,reverse mapping checking getaddrinfo for customer-<*>-<*>-<*>-<*>-<*.*> failed - POSSIBLE BREAK-IN ATTEMPT!,,Unseen,OPENSSH,Rule-Based,0.533333333,0,0.266666667
Did not receive identification string from 123.235.32.19,E3,Did not receive identification string from <*>,,Unseen,OPENSSH,Rule-Based,0.55,0,0.275
Did not receive identification string from 177.79.82.136,E3,Did not receive identification string from <*>,,Unseen,OPENSSH,Rule-Based,0.55,0,0.275
Did not receive identification string from 195.154.37.122,E3,Did not receive identification string from <*>,,Unseen,OPENSSH,Rule-Based,0.55,0,0.275
Did not receive identification string from 103.207.39.165,E3,Did not receive identification string from <*>,,Unseen,OPENSSH,Rule-Based,0.55,0,0.275
Did not receive identification string from 5.188.10.180,E3,Did not receive identification string from <*>,,Unseen,OPENSSH,Rule-Based,0.55,0,0.275
Did not receive identification string from 103.207.39.212,E3,Did not receive identification string from <*>,,Unseen,OPENSSH,Rule-Based,0.55,0,0.275
Did not receive identification string from 188.132.244.89,E3,Did not receive identification string from <*>,,Unseen,OPENSSH,Rule-Based,0.55,0,0.275
Did not receive identification string from 185.190.58.151,E3,Did not receive identification string from <*>,,Unseen,OPENSSH,Rule-Based,0.55,0,0.275
Did not receive identification string from 103.207.39.16,E3,Did not receive identification string from <*>,,Unseen,OPENSSH,Rule-Based,0.55,0,0.275
Did not receive identification string from 181.214.87.4,E3,Did not receive identification string from <*>,,Unseen,OPENSSH,Rule-Based,0.55,0,0.275
Disconnecting: Too many authentication failures for root [preauth],E4,Disconnecting: Too many authentication failures for <*> [preauth],,Seen,OPENSSH,Similarity-Based,0.3,0.891376265,0.595688132
Disconnecting: Too many authentication failures for root [preauth],E4,Disconnecting: Too many authentication failures for <*> [preauth],,Seen,OPENSSH,Similarity-Based,0.3,0.891376265,0.595688132
Disconnecting: Too many authentication failures for root [preauth],E4,Disconnecting: Too many authentication failures for <*> [preauth],,Seen,OPENSSH,Similarity-Based,0.3,0.891376265,0.595688132
Disconnecting: Too many authentication failures for root [preauth],E4,Disconnecting: Too many authentication failures for <*> [preauth],,Seen,OPENSSH,Similarity-Based,0.3,0.891376265,0.595688132
Disconnecting: Too many authentication failures for root [preauth],E4,Disconnecting: Too many authentication failures for <*> [preauth],,Seen,OPENSSH,Similarity-Based,0.3,0.891376265,0.595688132
Disconnecting: Too many authentication failures for admin [preauth],E4,Disconnecting: Too many authentication failures for <admin> [preauth],,Seen,OPENSSH,Similarity-Based,0.3,0.82477924,0.56238962
Disconnecting: Too many authentication failures for admin [preauth],E4,Disconnecting: Too many authentication failures for <admin> [preauth],,Seen,OPENSSH,Similarity-Based,0.3,0.82477924,0.56238962
Disconnecting: Too many authentication failures for admin [preauth],E4,Disconnecting: Too many authentication failures for <admin> [preauth],,Seen,OPENSSH,Similarity-Based,0.3,0.82477924,0.56238962
Disconnecting: Too many authentication failures for admin [preauth],E4,Disconnecting: Too many authentication failures for <admin> [preauth],,Seen,OPENSSH,Similarity-Based,0.3,0.82477924,0.56238962
Disconnecting: Too many authentication failures for admin [preauth],E4,Disconnecting: Too many authentication failures for <admin> [preauth],,Seen,OPENSSH,Similarity-Based,0.3,0.82477924,0.56238962
error: Received disconnect from 195.154.37.122: 3: com.jcraft.jsch.JSchException: Auth fail [preauth],E6,error: Received disconnect from <*>: <*>: com.jcraft.jsch.JSchException: Auth fail [preauth],,Seen,OPENSSH,Similarity-Based,0.55,0.891422753,0.720711376
error: Received disconnect from 195.154.37.122: 3: com.jcraft.jsch.JSchException: Auth fail [preauth],E6,error: Received disconnect from <*>: <*>: com.jcraft.jsch.JSchException: Auth fail [preauth],,Seen,OPENSSH,Similarity-Based,0.55,0.891422753,0.720711376
error: Received disconnect from 195.154.37.122: 3: com.jcraft.jsch.JSchException: Auth fail [preauth],E6,error: Received disconnect from <*>: <*>: com.jcraft.jsch.JSchException: Auth fail [preauth],,Seen,OPENSSH,Similarity-Based,0.55,0.891422753,0.720711376
error: Received disconnect from 195.154.37.122: 3: com.jcraft.jsch.JSchException: Auth fail [preauth],E6,error: Received disconnect from <*>: <*>: com.jcraft.jsch.JSchException: Auth fail [preauth],,Seen,OPENSSH,Similarity-Based,0.55,0.891422753,0.720711376
error: Received disconnect from 195.154.37.122: 3: com.jcraft.jsch.JSchException: Auth fail [preauth],E6,error: Received disconnect from <*>: <*>: com.jcraft.jsch.JSchException: Auth fail [preauth],,Seen,OPENSSH,Similarity-Based,0.55,0.891422753,0.720711376
error: Received disconnect from 195.154.37.122: 3: com.jcraft.jsch.JSchException: Auth fail [preauth],E6,error: Received disconnect from <*>: <*>: com.jcraft.jsch.JSchException: Auth fail [preauth],,Seen,OPENSSH,Similarity-Based,0.55,0.891422753,0.720711376
error: Received disconnect from 195.154.37.122: 3: com.jcraft.jsch.JSchException: Auth fail [preauth],E6,error: Received disconnect from <*>: <*>: com.jcraft.jsch.JSchException: Auth fail [preauth],,Seen,OPENSSH,Similarity-Based,0.55,0.891422753,0.720711376
error: Received disconnect from 195.154.37.122: 3: com.jcraft.jsch.JSchException: Auth fail [preauth],E6,error: Received disconnect from <*>: <*>: com.jcraft.jsch.JSchException: Auth fail [preauth],,Seen,OPENSSH,Similarity-Based,0.55,0.891422753,0.720711376
error: Received disconnect from 195.154.37.122: 3: com.jcraft.jsch.JSchException: Auth fail [preauth],E6,error: Received disconnect from <*>: <*>: com.jcraft.jsch.JSchException: Auth fail [preauth],,Seen,OPENSSH,Similarity-Based,0.55,0.891422753,0.720711376
error: Received disconnect from 195.154.37.122: 3: com.jcraft.jsch.JSchException: Auth fail [preauth],E6,error: Received disconnect from <*>: <*>: com.jcraft.jsch.JSchException: Auth fail [preauth],,Seen,OPENSSH,Similarity-Based,0.55,0.891422753,0.720711376
error: Received disconnect from 103.99.0.122: 14: No more user authentication methods available. [preauth],E7,error: Received disconnect from <*> : <*> : <*> No more user authentication methods available. [preauth],,Unseen,OPENSSH,Similarity-Based,0.55,0.708470434,0.629235217
error: Received disconnect from 103.99.0.122: 14: No more user authentication methods available. [preauth],E7,error: Received disconnect from <*> : <*> : <*> No more user authentication methods available. [preauth],,Unseen,OPENSSH,Similarity-Based,0.55,0.708470434,0.629235217
error: Received disconnect from 103.99.0.122: 14: No more user authentication methods available. [preauth],E7,error: Received disconnect from <*> : <*> : <*> No more user authentication methods available. [preauth],,Unseen,OPENSSH,Similarity-Based,0.55,0.708470434,0.629235217
error: Received disconnect from 103.99.0.122: 14: No more user authentication methods available. [preauth],E7,error: Received disconnect from <*> : <*> : <*> No more user authentication methods available. [preauth],,Unseen,OPENSSH,Similarity-Based,0.55,0.708470434,0.629235217
error: Received disconnect from 103.99.0.122: 14: No more user authentication methods available. [preauth],E7,error: Received disconnect from <*> : <*> : <*> No more user authentication methods available. [preauth],,Unseen,OPENSSH,Similarity-Based,0.55,0.708470434,0.629235217
error: Received disconnect from 103.99.0.122: 14: No more user authentication methods available. [preauth],E7,error: Received disconnect from <*> : <*> : <*> No more user authentication methods available. [preauth],,Unseen,OPENSSH,Similarity-Based,0.55,0.708470434,0.629235217
error: Received disconnect from 103.99.0.122: 14: No more user authentication methods available. [preauth],E7,error: Received disconnect from <*> : <*> : <*> No more user authentication methods available. [preauth],,Unseen,OPENSSH,Similarity-Based,0.55,0.708470434,0.629235217
error: Received disconnect from 103.99.0.122: 14: No more user authentication methods available. [preauth],E7,error: Received disconnect from <*> : <*> : <*> No more user authentication methods available. [preauth],,Unseen,OPENSSH,Similarity-Based,0.55,0.708470434,0.629235217
error: Received disconnect from 103.99.0.122: 14: No more user authentication methods available. [preauth],E7,error: Received disconnect from <*> : <*> : <*> No more user authentication methods available. [preauth],,Unseen,OPENSSH,Similarity-Based,0.55,0.708470434,0.629235217
error: Received disconnect from 103.99.0.122: 14: No more user authentication methods available. [preauth],E7,error: Received disconnect from <*> : <*> : <*> No more user authentication methods available. [preauth],,Unseen,OPENSSH,Similarity-Based,0.55,0.708470434,0.629235217
Failed none for invalid user 0 from 5.188.10.180 port 49811 ssh2,E8,Failed none for invalid user <*> from <*> port <*> ssh2,,Unseen,OPENSSH,Similarity-Based,0.525,0.738178097,0.631589049
Failed none for invalid user 0 from 5.188.10.180 port 49811 ssh2,E8,Failed none for invalid user <*> from <*> port <*> ssh2,,Unseen,OPENSSH,Similarity-Based,0.525,0.738178097,0.631589049
Failed none for invalid user 0 from 5.188.10.180 port 49811 ssh2,E8,Failed none for invalid user <*> from <*> port <*> ssh2,,Unseen,OPENSSH,Similarity-Based,0.525,0.738178097,0.631589049
Failed none for invalid user admin from 5.188.10.180 port 52631 ssh2,E8,Failed none for invalid user <*> from <*> port <*> ssh2,,Unseen,OPENSSH,Similarity-Based,0.525,0.748795638,0.636897819
Failed none for invalid user admin from 5.188.10.180 port 52631 ssh2,E8,Failed none for invalid user <*> from <*> port <*> ssh2,,Unseen,OPENSSH,Similarity-Based,0.525,0.748795638,0.636897819
Failed none for invalid user 0 from 185.190.58.151 port 55495 ssh2,E8,Failed none for invalid user <*> from <*> port <*> ssh2,,Unseen,OPENSSH,Similarity-Based,0.525,0.733081018,0.629040509
Failed none for invalid user 0 from 185.190.58.151 port 55495 ssh2,E8,Failed none for invalid user <*> from <*> port <*> ssh2,,Unseen,OPENSSH,Similarity-Based,0.525,0.733081018,0.629040509
Failed none for invalid user 0 from 181.214.87.4 port 51889 ssh2,E8,Failed none for invalid user <*> from <*> port <*> ssh2,,Unseen,OPENSSH,Similarity-Based,0.525,0.72841394,0.62670697
Failed none for invalid user 0 from 181.214.87.4 port 51889 ssh2,E8,Failed none for invalid user <*> from <*> port <*> ssh2,,Unseen,OPENSSH,Similarity-Based,0.525,0.72841394,0.62670697
Failed none for invalid user 0 from 181.214.87.4 port 51889 ssh2,E8,Failed none for invalid user <*> from <*> port <*> ssh2,,Unseen,OPENSSH,Similarity-Based,0.525,0.72841394,0.62670697
Failed password for root from 5.36.59.76 port 42393 ssh2,E9,Failed password for root from <*> port <*> ssh2,,Seen,OPENSSH,Similarity-Based,0.525,0.784107566,0.654553783
Failed password for root from 112.95.230.3 port 45378 ssh2,E9,Failed password for root from <*> port <*> ssh2,,Seen,OPENSSH,Similarity-Based,0.525,0.762651456,0.643825728
Failed password for root from 112.95.230.3 port 47068 ssh2,E9,Failed password for root from <*> port <*> ssh2,,Seen,OPENSSH,Similarity-Based,0.525,0.748104687,0.636552343
Failed password for root from 112.95.230.3 port 49188 ssh2,E9,Failed password for root from <*> port <*> ssh2,,Seen,OPENSSH,Similarity-Based,0.525,0.825227117,0.675113558
Failed password for root from 112.95.230.3 port 50999 ssh2,E9,Failed password for root from <*> port <*> ssh2,,Seen,OPENSSH,Similarity-Based,0.525,0.776791116,0.650895558
Failed password for root from 112.95.230.3 port 52660 ssh2,E9,Failed password for root from <*> port <*> ssh2,,Seen,OPENSSH,Similarity-Based,0.525,0.760319464,0.642659732
Failed password for root from 112.95.230.3 port 55618 ssh2,E9,Failed password for root from <*> port <*> ssh2,,Seen,OPENSSH,Similarity-Based,0.525,0.775495924,0.650247962
Failed password for root from 112.95.230.3 port 57138 ssh2,E9,Failed password for root from <*> port <*> ssh2,,Seen,OPENSSH,Similarity-Based,0.525,0.780572105,0.652786053
Failed password for root from 112.95.230.3 port 58304 ssh2,E9,Failed password for root from <*> port <*> ssh2,,Seen,OPENSSH,Similarity-Based,0.525,0.759055842,0.642027921
Failed password for root from 112.95.230.3 port 59849 ssh2,E9,Failed password for root from <*> port <*> ssh2,,Seen,OPENSSH,Similarity-Based,0.525,0.791492871,0.658246436
183.62.156.108:22 open through proxy socks.cse.cuhk.edu.hk:5070 SOCKS5,E1,<*>:<*> open through proxy <*>:<*> SOCKS5,,Seen,Proxifier,Similarity-Based,0.6,0.824968119,0.712484059
183.62.156.108:22 open through proxy socks.cse.cuhk.edu.hk:5070 SOCKS5,E1,<*>:<*> open through proxy <*>:<*> SOCKS5,,Seen,Proxifier,Similarity-Based,0.6,0.824968119,0.712484059
183.62.156.108:22 open through proxy socks.cse.cuhk.edu.hk:5070 SOCKS5,E1,<*>:<*> open through proxy <*>:<*> SOCKS5,,Seen,Proxifier,Similarity-Based,0.6,0.824968119,0.712484059
183.62.156.108:22 open through proxy socks.cse.cuhk.edu.hk:5070 SOCKS5,E1,<*>:<*> open through proxy <*>:<*> SOCKS5,,Seen,Proxifier,Similarity-Based,0.6,0.824968119,0.712484059
183.62.156.108:22 open through proxy socks.cse.cuhk.edu.hk:5070 SOCKS5,E1,<*>:<*> open through proxy <*>:<*> SOCKS5,,Seen,Proxifier,Similarity-Based,0.6,0.824968119,0.712484059
183.62.156.108:22 open through proxy socks.cse.cuhk.edu.hk:5070 SOCKS5,E1,<*>:<*> open through proxy <*>:<*> SOCKS5,,Seen,Proxifier,Similarity-Based,0.6,0.824968119,0.712484059
183.62.156.108:22 open through proxy socks.cse.cuhk.edu.hk:5070 SOCKS5,E1,<*>:<*> open through proxy <*>:<*> SOCKS5,,Seen,Proxifier,Similarity-Based,0.6,0.824968119,0.712484059
183.62.156.108:22 open through proxy socks.cse.cuhk.edu.hk:5070 SOCKS5,E1,<*>:<*> open through proxy <*>:<*> SOCKS5,,Seen,Proxifier,Similarity-Based,0.6,0.824968119,0.712484059
183.62.156.108:22 open through proxy socks.cse.cuhk.edu.hk:5070 SOCKS5,E1,<*>:<*> open through proxy <*>:<*> SOCKS5,,Seen,Proxifier,Similarity-Based,0.6,0.824968119,0.712484059
183.62.156.108:22 open through proxy socks.cse.cuhk.edu.hk:5070 SOCKS5,E1,<*>:<*> open through proxy <*>:<*> SOCKS5,,Seen,Proxifier,Similarity-Based,0.6,0.824968119,0.712484059
proxy.cse.cuhk.edu.hk:5070 open through proxy proxy.cse.cuhk.edu.hk:5070 HTTPS,E2,*:<*> open through proxy <*> :<*> HTTPS,,Unseen,Proxifier,Similarity-Based,0.55,0.806954883,0.678477441
proxy.cse.cuhk.edu.hk:5070 open through proxy proxy.cse.cuhk.edu.hk:5070 HTTPS,E2,*:<*> open through proxy <*> :<*> HTTPS,,Unseen,Proxifier,Similarity-Based,0.55,0.806954883,0.678477441
proxy.cse.cuhk.edu.hk:5070 open through proxy proxy.cse.cuhk.edu.hk:5070 HTTPS,E2,*:<*> open through proxy <*> :<*> HTTPS,,Unseen,Proxifier,Similarity-Based,0.55,0.806954883,0.678477441
proxy.cse.cuhk.edu.hk:5070 open through proxy proxy.cse.cuhk.edu.hk:5070 HTTPS,E2,*:<*> open through proxy <*> :<*> HTTPS,,Unseen,Proxifier,Similarity-Based,0.55,0.806954883,0.678477441
proxy.cse.cuhk.edu.hk:5070 open through proxy proxy.cse.cuhk.edu.hk:5070 HTTPS,E2,*:<*> open through proxy <*> :<*> HTTPS,,Unseen,Proxifier,Similarity-Based,0.55,0.806954883,0.678477441
proxy.cse.cuhk.edu.hk:5070 open through proxy proxy.cse.cuhk.edu.hk:5070 HTTPS,E2,*:<*> open through proxy <*> :<*> HTTPS,,Unseen,Proxifier,Similarity-Based,0.55,0.806954883,0.678477441
proxy.cse.cuhk.edu.hk:5070 open through proxy proxy.cse.cuhk.edu.hk:5070 HTTPS,E2,*:<*> open through proxy <*> :<*> HTTPS,,Unseen,Proxifier,Similarity-Based,0.55,0.806954883,0.678477441
proxy.cse.cuhk.edu.hk:5070 open through proxy proxy.cse.cuhk.edu.hk:5070 HTTPS,E2,*:<*> open through proxy <*> :<*> HTTPS,,Unseen,Proxifier,Similarity-Based,0.55,0.806954883,0.678477441
proxy.cse.cuhk.edu.hk:5070 open through proxy proxy.cse.cuhk.edu.hk:5070 HTTPS,E2,*:<*> open through proxy <*> :<*> HTTPS,,Unseen,Proxifier,Similarity-Based,0.55,0.806954883,0.678477441
proxy.cse.cuhk.edu.hk:5070 open through proxy proxy.cse.cuhk.edu.hk:5070 HTTPS,E2,*:<*> open through proxy <*> :<*> HTTPS,,Unseen,Proxifier,Similarity-Based,0.55,0.806954883,0.678477441
223.167.104.147:80 error : Could not connect to proxy proxy.cse.cuhk.edu.hk:5070 - Could not resolve proxy.cse.cuhk.edu.hk error 11001,E3,<*>:<*>:<*> error : Could not connect to proxy <*>:<*> - Could not resolve <*> error <*>,,Seen,Proxifier,Similarity-Based,0.6,0.950747671,0.775373836
mtalk.google.com:5228 error : Could not connect to proxy proxy.cse.cuhk.edu.hk:5070 - Could not resolve proxy.cse.cuhk.edu.hk error 11001,E3,<*>:<*>:<*> error : Could not connect to proxy <*>:<*> - Could not resolve <*> error <*>,,Seen,Proxifier,Similarity-Based,0.533333333,0.788296137,0.660814735
www.google.com:443 error : Could not connect to proxy proxy.cse.cuhk.edu.hk:5070 - Could not resolve proxy.cse.cuhk.edu.hk error 11001,E3,<*>:<*> error : Could not connect to proxy <*>:<*> - Could not resolve <*> error <*>,,Seen,Proxifier,Similarity-Based,0.533333333,0.796586101,0.664959717
awqiizxequsixgr:80 error : Could not connect to proxy proxy.cse.cuhk.edu.hk:5070 - Could not resolve proxy.cse.cuhk.edu.hk error 11001,E3,<*>:<*>:<*> error : Could not connect to proxy <*>:<*> - Could not resolve <*> error <*>,,Seen,Proxifier,Similarity-Based,0.533333333,0.831937149,0.682635241
www.baidu.com:80 error : Could not connect to proxy proxy.cse.cuhk.edu.hk:5070 - Could not resolve proxy.cse.cuhk.edu.hk error 11001,E3,<*>:<*>:error : Could not connect to proxy <*>:<*> - Could not resolve <*> error <*>,,Seen,Proxifier,Similarity-Based,0.533333333,0.815433927,0.67438363
c.baidu.com:80 error : Could not connect to proxy proxy.cse.cuhk.edu.hk:5070 - Could not resolve proxy.cse.cuhk.edu.hk error 11001,E3,<*>:<*>:<*> error : Could not connect to proxy <*>:<*> - Could not resolve <*> error <*>,,Seen,Proxifier,Similarity-Based,0.533333333,0.841521343,0.687427338
s1.bdstatic.com:80 error : Could not connect to proxy proxy.cse.cuhk.edu.hk:5070 - Could not resolve proxy.cse.cuhk.edu.hk error 11001,E3,<*>:<*>:<*> error : Could not connect to proxy <*>:<*> - Could not resolve <*> error <*>,,Seen,Proxifier,Similarity-Based,0.533333333,0.757401312,0.645367323
s1.bdstatic.com:80 error : Could not connect to proxy proxy.cse.cuhk.edu.hk:5070 - Could not resolve proxy.cse.cuhk.edu.hk error 11001,E3,<*>:<*>:<*> error : Could not connect to proxy <*>:<*> - Could not resolve <*> error <*>,,Seen,Proxifier,Similarity-Based,0.533333333,0.757401312,0.645367323
ss.bdimg.com:80 error : Could not connect to proxy proxy.cse.cuhk.edu.hk:5070 - Could not resolve proxy.cse.cuhk.edu.hk error 11001,E3,<*>:<*>:<*> error : Could not connect to proxy <*>:<*> - Could not resolve <*> error <*>,,Seen,Proxifier,Similarity-Based,0.533333333,0.824708686,0.67902101
ss.bdimg.com:80 error : Could not connect to proxy proxy.cse.cuhk.edu.hk:5070 - Could not resolve proxy.cse.cuhk.edu.hk error 11001,E3,<*>:<*>:<*> error : Could not connect to proxy <*>:<*> - Could not resolve <*> error <*>,,Seen,Proxifier,Similarity-Based,0.533333333,0.824708686,0.67902101
qa.sockets.stackexchange.com:443 error : Could not connect to proxy proxy.cse.cuhk.edu.hk:5070 - connection attempt failed with error 10061,E4,*:<*> error : Could not connect to proxy <*> :<*> - connection attempt failed with error <*>,,Unseen,Proxifier,Similarity-Based,0.533333333,0.749122265,0.641227799
13.client-channel.google.com:443 error : Could not connect to proxy proxy.cse.cuhk.edu.hk:5070 - connection attempt failed with error 10061,E4,*:<*> error : Could not connect to proxy <*> :<*> - connection attempt failed with error <*>,,Unseen,Proxifier,Similarity-Based,0.533333333,0.759512064,0.646422699
13.client-channel.google.com:443 error : Could not connect to proxy proxy.cse.cuhk.edu.hk:5070 - connection attempt failed with error 10061,E4,*:<*> error : Could not connect to proxy <*> :<*> - connection attempt failed with error <*>,,Unseen,Proxifier,Similarity-Based,0.533333333,0.759512064,0.646422699
13.client-channel.google.com:443 error : Could not connect to proxy proxy.cse.cuhk.edu.hk:5070 - connection attempt failed with error 10061,E4,*:<*> error : Could not connect to proxy <*> :<*> - connection attempt failed with error <*>,,Unseen,Proxifier,Similarity-Based,0.533333333,0.759512064,0.646422699
www.google.com:443 error : Could not connect to proxy proxy.cse.cuhk.edu.hk:5070 - connection attempt failed with error 10061,E4,*:<*> error : Could not connect to proxy <*> :<*> - connection attempt failed with error <*>,,Unseen,Proxifier,Similarity-Based,0.533333333,0.776715825,0.655024579
client-cf.dropbox.com:443 error : Could not connect to proxy proxy.cse.cuhk.edu.hk:5070 - connection attempt failed with error 10061,E4,client-<*>:<*> error : Could not connect to proxy <*> :<*> - connection attempt failed with error <*>,,Unseen,Proxifier,Rule-Based,0.533333333,0,0.266666667
qa.sockets.stackexchange.com:443 error : Could not connect to proxy proxy.cse.cuhk.edu.hk:5070 - connection attempt failed with error 10061,E4,*:<*> error : Could not connect to proxy <*> :<*> - connection attempt failed with error <*>,,Unseen,Proxifier,Similarity-Based,0.533333333,0.749122265,0.641227799
16.client-channel.google.com:443 error : Could not connect to proxy proxy.cse.cuhk.edu.hk:5070 - connection attempt failed with error 10061,E4,*:<*> error : Could not connect to proxy <*> :<*> - connection attempt failed with error <*>,,Unseen,Proxifier,Similarity-Based,0.533333333,0.756815639,0.645074486
bolt.dropbox.com:443 error : Could not connect to proxy proxy.cse.cuhk.edu.hk:5070 - connection attempt failed with error 10061,E4,bolt.<*>:<*> error : Could not connect to proxy <*> :<*> - connection attempt failed with error <*>,,Unseen,Proxifier,Rule-Based,0.533333333,0,0.266666667
bolt.dropbox.com:443 error : Could not connect to proxy proxy.cse.cuhk.edu.hk:5070 - connection attempt failed with error 10061,E4,bolt.<*>:<*> error : Could not connect to proxy <*> :<*> - connection attempt failed with error <*>,,Unseen,Proxifier,Rule-Based,0.533333333,0,0.266666667
"formi.baidu.com:843 error : Could not connect through proxy proxy.cse.cuhk.edu.hk:5070 - Proxy server cannot establish a connection with the target, status code 403",E5,"<*>:<*> error : Could not connect through proxy <*>:<*> - Proxy server cannot establish a connection with the target, status code <*>",,Unseen,Proxifier,Similarity-Based,0.533333333,0.711377425,0.622355379
"127.0.0.1:135 error : Could not connect through proxy proxy.cse.cuhk.edu.hk:5070 - Proxy server cannot establish a connection with the target, status code 403",E5,"127.0.0.1:<*> error : Could not connect through proxy <*> - Proxy server cannot establish a connection with the target, status code <*>",,Unseen,Proxifier,Similarity-Based,0.6,0.842440946,0.721220473
"127.0.0.1:135 error : Could not connect through proxy proxy.cse.cuhk.edu.hk:5070 - Proxy server cannot establish a connection with the target, status code 403",E5,"127.0.0.1:<*> error : Could not connect through proxy <*> - Proxy server cannot establish a connection with the target, status code <*>",,Unseen,Proxifier,Similarity-Based,0.6,0.842440946,0.721220473
"203.205.129.102:8080 error : Could not connect through proxy proxy.cse.cuhk.edu.hk:5070 - Proxy server cannot establish a connection with the target, status code 403",E5,"<*>:<*> error : Could not connect through proxy <*> :<*> - Proxy server cannot establish a connection with the target, status code <*>",,Unseen,Proxifier,Similarity-Based,0.6,0.848254959,0.72412748
"mtalk.google.com:5228 error : Could not connect through proxy proxy.cse.cuhk.edu.hk:5070 - Proxy server cannot establish a connection with the target, status code 403",E5,"<*>:<*> error : Could not connect through proxy <*>:<*> - Proxy server cannot establish a connection with the target, status code <*>",,Unseen,Proxifier,Similarity-Based,0.533333333,0.729755739,0.631544536
"update.hicloud.com:8180 error : Could not connect through proxy proxy.cse.cuhk.edu.hk:5070 - Proxy server cannot establish a connection with the target, status code 403",E5,"update.<*>:<*> error : Could not connect through proxy <*> - Proxy server cannot establish a connection with the target, status code <*>",,Unseen,Proxifier,Rule-Based,0.533333333,0,0.266666667
"local-p2p.qq.com:443 error : Could not connect through proxy proxy.cse.cuhk.edu.hk:5070 - Proxy server cannot establish a connection with the target, status code 503",E5,"<*>:<*> error : Could not connect through proxy <*> :<*> - Proxy server cannot establish a connection with the target, status code <*>",,Unseen,Proxifier,Similarity-Based,0.533333333,0.720207939,0.626770636
"local-p2p.qq.com:443 error : Could not connect through proxy proxy.cse.cuhk.edu.hk:5070 - Proxy server cannot establish a connection with the target, status code 503",E5,"<*>:<*> error : Could not connect through proxy <*> :<*> - Proxy server cannot establish a connection with the target, status code <*>",,Unseen,Proxifier,Similarity-Based,0.533333333,0.720207939,0.626770636
"mtalk.google.com:5228 error : Could not connect through proxy proxy.cse.cuhk.edu.hk:5070 - Proxy server cannot establish a connection with the target, status code 403",E5,"<*>:<*> error : Could not connect through proxy <*>:<*> - Proxy server cannot establish a connection with the target, status code <*>",,Unseen,Proxifier,Similarity-Based,0.533333333,0.729755739,0.631544536
"qd-update.qq.com:8080 error : Could not connect through proxy proxy.cse.cuhk.edu.hk:5070 - Proxy server cannot establish a connection with the target, status code 403",E5,"qd-update.<*>:<*> error : Could not connect through proxy <*> - Proxy server cannot establish a connection with the target, status code <*>",,Unseen,Proxifier,Rule-Based,0.533333333,0,0.266666667
tcpconn4.tencent.com:80 error : Could not connect through proxy proxy.cse.cuhk.edu.hk:5070 - Proxy closed the connection unexpectedly.,E6,*:<*> error : Could not connect through proxy <*> :<*> - Proxy closed the connection unexpectedly.,,Unseen,Proxifier,Similarity-Based,0.55,0.734652086,0.642326043
86.99.222.235:443 error : Could not connect through proxy proxy.cse.cuhk.edu.hk:5070 - Proxy closed the connection unexpectedly.,E6,<*>:<*> error : Could not connect through proxy <*> :<*> - Proxy closed the connection unexpectedly.,,Unseen,Proxifier,Similarity-Based,0.633333333,0.853424045,0.743378689
config.pinyin.sogou.com:80 error : Could not connect through proxy proxy.cse.cuhk.edu.hk:5070 - Proxy closed the connection unexpectedly.,E6,<*>:<*> error : Could not connect through proxy <*>:<*> - Proxy closed the connection unexpectedly.,,Unseen,Proxifier,Rule-Based,0.55,0,0.275
tcpconn4.tencent.com:80 error : Could not connect through proxy proxy.cse.cuhk.edu.hk:5070 - Proxy closed the connection unexpectedly.,E6,*:<*> error : Could not connect through proxy <*> :<*> - Proxy closed the connection unexpectedly.,,Unseen,Proxifier,Similarity-Based,0.55,0.734652086,0.642326043
config.pinyin.sogou.com:80 error : Could not connect through proxy proxy.cse.cuhk.edu.hk:5070 - Proxy closed the connection unexpectedly.,E6,<*>:<*> error : Could not connect through proxy <*>:<*> - Proxy closed the connection unexpectedly.,,Unseen,Proxifier,Rule-Based,0.55,0,0.275
86.99.222.235:443 error : Could not connect through proxy proxy.cse.cuhk.edu.hk:5070 - Proxy closed the connection unexpectedly.,E6,<*>:<*> error : Could not connect through proxy <*> :<*> - Proxy closed the connection unexpectedly.,,Unseen,Proxifier,Similarity-Based,0.633333333,0.853424045,0.743378689
tcpconn4.tencent.com:80 error : Could not connect through proxy proxy.cse.cuhk.edu.hk:5070 - Proxy closed the connection unexpectedly.,E6,*:<*> error : Could not connect through proxy <*> :<*> - Proxy closed the connection unexpectedly.,,Unseen,Proxifier,Similarity-Based,0.55,0.734652086,0.642326043
86.99.222.235:443 error : Could not connect through proxy proxy.cse.cuhk.edu.hk:5070 - Proxy closed the connection unexpectedly.,E6,<*>:<*> error : Could not connect through proxy <*> :<*> - Proxy closed the connection unexpectedly.,,Unseen,Proxifier,Similarity-Based,0.633333333,0.853424045,0.743378689
config.pinyin.sogou.com:80 error : Could not connect through proxy proxy.cse.cuhk.edu.hk:5070 - Proxy closed the connection unexpectedly.,E6,<*>:<*> error : Could not connect through proxy <*>:<*> - Proxy closed the connection unexpectedly.,,Unseen,Proxifier,Rule-Based,0.55,0,0.275
86.99.222.235:443 error : Could not connect through proxy proxy.cse.cuhk.edu.hk:5070 - Proxy closed the connection unexpectedly.,E6,<*>:<*> error : Could not connect through proxy <*> :<*> - Proxy closed the connection unexpectedly.,,Unseen,Proxifier,Similarity-Based,0.633333333,0.853424045,0.743378689
tcpconn6.tencent.com:443 error : A connection request was canceled before the completion.,E7,<*>:<*> error : A connection request was canceled before the completion.,,Seen,Proxifier,Rule-Based,0.55,0,0.275
oimagec7.ydstatic.com:80 error : A connection request was canceled before the completion.,E7,<*>:<*> error : A connection request was canceled before the completion.,,Seen,Proxifier,Rule-Based,0.55,0,0.275
oimagea5.ydstatic.com:80 error : A connection request was canceled before the completion.,E7,<*>:<*> error : A connection request was canceled before the completion.,,Seen,Proxifier,Rule-Based,0.55,0,0.275
oimagea5.ydstatic.com:80 error : A connection request was canceled before the completion.,E7,<*>:<*> error : A connection request was canceled before the completion.,,Seen,Proxifier,Rule-Based,0.55,0,0.275
oimagea5.ydstatic.com:80 error : A connection request was canceled before the completion.,E7,<*>:<*> error : A connection request was canceled before the completion.,,Seen,Proxifier,Rule-Based,0.55,0,0.275
oimagea5.ydstatic.com:80 error : A connection request was canceled before the completion.,E7,<*>:<*> error : A connection request was canceled before the completion.,,Seen,Proxifier,Rule-Based,0.55,0,0.275
oimagea5.ydstatic.com:80 error : A connection request was canceled before the completion.,E7,<*>:<*> error : A connection request was canceled before the completion.,,Seen,Proxifier,Rule-Based,0.55,0,0.275
oimagea5.ydstatic.com:80 error : A connection request was canceled before the completion.,E7,<*>:<*> error : A connection request was canceled before the completion.,,Seen,Proxifier,Rule-Based,0.55,0,0.275
oimagea5.ydstatic.com:80 error : A connection request was canceled before the completion.,E7,<*>:<*> error : A connection request was canceled before the completion.,,Seen,Proxifier,Rule-Based,0.55,0,0.275
oimageb3.ydstatic.com:80 error : A connection request was canceled before the completion.,E7,<*>:<*> error : A connection request was canceled before the completion.,,Seen,Proxifier,Rule-Based,0.55,0,0.275
"proxy.cse.cuhk.edu.hk:5070 close, 0 bytes sent, 0 bytes received, lifetime 00:01",E8,": <*>:<*> close, 0 bytes sent, 0 bytes received, lifetime <*>",,Seen,Proxifier,Similarity-Based,0.533333333,0.731345389,0.632339361
"proxy.cse.cuhk.edu.hk:5070 close, 403 bytes sent, 426 bytes received, lifetime <1 sec",E8,"*:<*> close, <* bytes sent, <* bytes received, lifetime <* sec>",,Seen,Proxifier,Similarity-Based,0.533333333,0.719408352,0.626370843
"proxy.cse.cuhk.edu.hk:5070 close, 451 bytes sent, 18846 bytes (18.4 KB) received, lifetime <1 sec",E8,"proxy.<*>:<*> close, <*> bytes sent, <*> bytes received, lifetime <* sec",,Seen,Proxifier,Rule-Based,0.533333333,0,0.266666667
"proxy.cse.cuhk.edu.hk:5070 close, 445 bytes sent, 5174 bytes (5.05 KB) received, lifetime <1 sec",E8,"proxy.<*>:<*> close, <*> bytes sent, <*> bytes (<*>.<*> KB) received, lifetime <* sec",,Seen,Proxifier,Rule-Based,0.533333333,0,0.266666667
"proxy.cse.cuhk.edu.hk:5070 close, 1190 bytes (1.16 KB) sent, 1671 bytes (1.63 KB) received, lifetime 00:02",E8,": <*>:<*> close, <*> bytes (<*>.<*> KB) sent, <*> bytes (<*>.<*> KB) received, lifetime <*>",,Seen,Proxifier,Rule-Based,0.533333333,0,0.266666667
"proxy.cse.cuhk.edu.hk:5070 close, 0 bytes sent, 0 bytes received, lifetime <1 sec",E8,"proxy.<*>:<*> close, <* bytes sent>, <* bytes received>, lifetime <* sec>",,Seen,Proxifier,Rule-Based,0.533333333,0,0.266666667
"proxy.cse.cuhk.edu.hk:5070 close, 1165 bytes (1.13 KB) sent, 3098 bytes (3.02 KB) received, lifetime 00:01",E8,": <*>:<*> close, <*> bytes (<*>.<*> KB) sent, <*> bytes (<*>.<*> KB) received, lifetime <*>",,Seen,Proxifier,Rule-Based,0.533333333,0,0.266666667
"proxy.cse.cuhk.edu.hk:5070 close, 850 bytes sent, 10547 bytes (10.2 KB) received, lifetime 00:02",E8,": <*>:<*> close, <*> bytes sent, <*> bytes (<*>) received, lifetime <*>",,Seen,Proxifier,Rule-Based,0.533333333,0,0.266666667
"proxy.cse.cuhk.edu.hk:5070 close, 408 bytes sent, 421 bytes received, lifetime 00:03",E8,": <*>:<*> close, <*> bytes sent, <*> bytes received, lifetime <*>",,Seen,Proxifier,Rule-Based,0.533333333,0,0.266666667
"proxy.cse.cuhk.edu.hk:5070 close, 19904 bytes (19.4 KB) sent, 27629 bytes (26.9 KB) received, lifetime 02:19",E8,": <*>:<*> close, <*> bytes (<*>.<*> KB) sent, <*> bytes (<*>.<*> KB) received, lifetime <*>",,Seen,Proxifier,Rule-Based,0.533333333,0,0.266666667
******* GOODBYE /10.10.34.12:35276 ********,E1,******* GOODBYE <*> :<*> ********,,Unseen,Zookeeper,Rule-Based,0.6,0,0.3
******* GOODBYE /10.10.34.11:52264 ********,E1,******* GOODBYE <*> :<*> ********,,Unseen,Zookeeper,Rule-Based,0.6,0,0.3
******* GOODBYE /10.10.34.11:52308 ********,E1,******* GOODBYE <*>:*** <*> ********,,Unseen,Zookeeper,Rule-Based,0.6,0,0.3
******* GOODBYE /10.10.34.12:59060 ********,E1,******* GOODBYE <*> :<*> ********,,Unseen,Zookeeper,Rule-Based,0.6,0,0.3
******* GOODBYE /10.10.34.12:59103 ********,E1,******* GOODBYE <*> : <*> ********,,Unseen,Zookeeper,Rule-Based,0.6,0,0.3
******* GOODBYE /10.10.34.13:57247 ********,E1,******* GOODBYE <*> : <*> ********,,Unseen,Zookeeper,Rule-Based,0.6,0,0.3
******* GOODBYE /10.10.34.13:57319 ********,E1,******* GOODBYE <*> : <*> ********,,Unseen,Zookeeper,Rule-Based,0.6,0,0.3
******* GOODBYE /10.10.34.11:52476 ********,E1,******* GOODBYE <*> :<*> ********,,Unseen,Zookeeper,Rule-Based,0.6,0,0.3
******* GOODBYE /10.10.34.12:59203 ********,E1,******* GOODBYE <*> :<*> ********,,Unseen,Zookeeper,Rule-Based,0.6,0,0.3
******* GOODBYE /10.10.34.12:59211 ********,E1,******* GOODBYE <*> :<*> ********,,Unseen,Zookeeper,Rule-Based,0.6,0,0.3
Closed socket connection for client /10.10.34.18:42772 which had sessionid 0x14ed93111f20005,E10,Closed socket connection for client <*>:<*> which had sessionid <*>,,Unseen,Zookeeper,Similarity-Based,0.6,0.82076855,0.710384275
Closed socket connection for client /10.10.34.12:45542 which had sessionid 0x14ed93111f20002,E10,Closed socket connection for client <*>:<*> which had sessionid <*>,,Unseen,Zookeeper,Similarity-Based,0.6,0.816541952,0.708270976
Closed socket connection for client /10.10.34.13:37106 which had sessionid 0x14ed93111f20010,E10,Closed socket connection for client <*>:<*> which had sessionid <*>,,Unseen,Zookeeper,Similarity-Based,0.6,0.823624201,0.711812101
Closed socket connection for client /10.10.34.11:49557 which had sessionid 0x14ed93111f20048,E10,Closed socket connection for client <*>:<*> which had sessionid <*>,,Unseen,Zookeeper,Similarity-Based,0.6,0.81903446,0.70951723
Closed socket connection for client /10.10.34.29:39382 which had sessionid 0x14ed93111f2005d,E10,Closed socket connection for client <*>:<*> which had sessionid <*>,,Unseen,Zookeeper,Similarity-Based,0.6,0.81625491,0.708127455
Closed socket connection for client /10.10.34.11:50940 which had sessionid 0x14ed93111f20099,E10,Closed socket connection for client <*>:<*> which had sessionid <*>,,Unseen,Zookeeper,Similarity-Based,0.6,0.814873938,0.707436969
Closed socket connection for client /10.10.34.11:52893 which had sessionid 0x14ed93111f2009b,E10,Closed socket connection for client <*>:<*> which had sessionid <*>,,Unseen,Zookeeper,Similarity-Based,0.6,0.819903015,0.709951508
Closed socket connection for client /10.10.34.12:45682 which had sessionid 0x14ed93111f200cd,E10,Closed socket connection for client <*>:<*> which had sessionid <*>,,Unseen,Zookeeper,Similarity-Based,0.6,0.818598541,0.70929927
Closed socket connection for client /10.10.34.12:45697 which had sessionid 0x14ed93111f200d6,E10,Closed socket connection for client <*>:<*> which had sessionid <*>,,Unseen,Zookeeper,Similarity-Based,0.6,0.82364109,0.711820545
Closed socket connection for client /10.10.34.11:54983 which had sessionid 0x14ed93111f200f0,E10,Closed socket connection for client <*>:<*> which had sessionid <*>,,Unseen,Zookeeper,Similarity-Based,0.6,0.814316642,0.707158321
"Connection broken for id 188978561024, my id = 1, error =",E11,"Connection broken for id <*>, my id = <*>, error =",,Seen,Zookeeper,Similarity-Based,0.4,0.795714621,0.59785731
"Connection broken for id 188978561024, my id = 1, error =",E11,"Connection broken for id <*>, my id = <*>, error =",,Seen,Zookeeper,Similarity-Based,0.4,0.795714621,0.59785731
"Connection broken for id 188978561024, my id = 1, error =",E11,"Connection broken for id <*>, my id = <*>, error =",,Seen,Zookeeper,Similarity-Based,0.4,0.795714621,0.59785731
"Connection broken for id 188978561024, my id = 1, error =",E11,"Connection broken for id <*>, my id = <*>, error =",,Seen,Zookeeper,Similarity-Based,0.4,0.795714621,0.59785731
"Connection broken for id 188978561024, my id = 1, error =",E11,"Connection broken for id <*>, my id = <*>, error =",,Seen,Zookeeper,Similarity-Based,0.4,0.795714621,0.59785731
"Connection broken for id 188978561024, my id = 1, error =",E11,"Connection broken for id <*>, my id = <*>, error =",,Seen,Zookeeper,Similarity-Based,0.4,0.795714621,0.59785731
"Connection broken for id 188978561024, my id = 1, error =",E11,"Connection broken for id <*>, my id = <*>, error =",,Seen,Zookeeper,Similarity-Based,0.4,0.795714621,0.59785731
"Connection broken for id 188978561024, my id = 1, error =",E11,"Connection broken for id <*>, my id = <*>, error =",,Seen,Zookeeper,Similarity-Based,0.4,0.795714621,0.59785731
"Connection broken for id 188978561024, my id = 1, error =",E11,"Connection broken for id <*>, my id = <*>, error =",,Seen,Zookeeper,Similarity-Based,0.4,0.795714621,0.59785731
"Connection broken for id 188978561024, my id = 1, error =",E11,"Connection broken for id <*>, my id = <*>, error =",,Seen,Zookeeper,Similarity-Based,0.4,0.795714621,0.59785731
Connection request from old client /10.10.34.19:33442; will be dropped if server is in r-o mode,E12,Connection request from old client <*>:<*>; will be dropped if server is in r-o mode,,Seen,Zookeeper,Similarity-Based,0.6,0.861872426,0.730936213
Connection request from old client /10.10.34.20:56418; will be dropped if server is in r-o mode,E12,Connection request from old client <*>:<*>; will be dropped if server is in r-o mode,,Seen,Zookeeper,Similarity-Based,0.6,0.853665728,0.726832864
Connection request from old client /10.10.34.42:34164; will be dropped if server is in r-o mode,E12,Connection request from old client <*>:<*>; will be dropped if server is in r-o mode,,Seen,Zookeeper,Similarity-Based,0.6,0.861752076,0.730876038
Connection request from old client /10.10.34.11:54411; will be dropped if server is in r-o mode,E12,Connection request from old client <*>:<*>; will be dropped if server is in r-o mode,,Seen,Zookeeper,Similarity-Based,0.6,0.853176163,0.726588081
Connection request from old client /10.10.34.13:37454; will be dropped if server is in r-o mode,E12,Connection request from old client <*>:<*>; will be dropped if server is in r-o mode,,Seen,Zookeeper,Similarity-Based,0.6,0.859603728,0.729801864
Connection request from old client /10.10.34.12:45728; will be dropped if server is in r-o mode,E12,Connection request from old client <*>:<*>; will be dropped if server is in r-o mode,,Seen,Zookeeper,Similarity-Based,0.6,0.860585649,0.730292825
Connection request from old client /10.10.34.13:38053; will be dropped if server is in r-o mode,E12,Connection request from old client <*>:<*>; will be dropped if server is in r-o mode,,Seen,Zookeeper,Similarity-Based,0.6,0.853405629,0.726702814
Connection request from old client /10.10.34.13:38079; will be dropped if server is in r-o mode,E12,Connection request from old client <*>:<*>; will be dropped if server is in r-o mode,,Seen,Zookeeper,Similarity-Based,0.6,0.857253785,0.728626892
Connection request from old client /10.10.34.11:40489; will be dropped if server is in r-o mode,E12,Connection request from old client <*>:<*>; will be dropped if server is in r-o mode,,Seen,Zookeeper,Similarity-Based,0.6,0.815108027,0.707554013
Connection request from old client /10.10.34.40:40996; will be dropped if server is in r-o mode,E12,Connection request from old client <*>:<*>; will be dropped if server is in r-o mode,,Seen,Zookeeper,Similarity-Based,0.6,0.855562974,0.727781487
Established session 0x14ed93111f20027 with negotiated timeout 10000 for client /10.10.34.13:37177,E13,Established session <*> with negotiated timeout <*> for client <*>:***:<*>,,Seen,Zookeeper,Similarity-Based,0.575,0.81416022,0.69458011
Established session 0x14ed93111f2002b with negotiated timeout 10000 for client /10.10.34.22:47073,E13,Established session <*> with negotiated timeout <*> for client <*>:***:<*>,,Seen,Zookeeper,Similarity-Based,0.575,0.813515861,0.69425793
Established session 0x14ed93111f2005b with negotiated timeout 10000 for client /10.10.34.28:52117,E13,Established session <*> with negotiated timeout <*> for client <*>:***:<*>,,Seen,Zookeeper,Similarity-Based,0.575,0.829279376,0.702139688
Established session 0x14ed93111f2005f with negotiated timeout 10000 for client /10.10.34.36:32876,E13,Established session <*> with negotiated timeout <*> for client <*>:*<*>,,Seen,Zookeeper,Similarity-Based,0.575,0.824767494,0.699883747
Established session 0x14ed93111f20079 with negotiated timeout 20000 for client /10.10.34.11:49800,E13,Established session <*> with negotiated timeout <*> for client <*>:***:<*>,,Seen,Zookeeper,Similarity-Based,0.575,0.808038372,0.691519186
Established session 0x14ed93111f2007c with negotiated timeout 10000 for client /10.10.34.11:50276,E13,Established session <*> with negotiated timeout <*> for client <*>:***:<*>,,Seen,Zookeeper,Similarity-Based,0.575,0.812241388,0.693620694
Established session 0x14ed93111f20082 with negotiated timeout 10000 for client /10.10.34.11:50301,E13,Established session <*> with negotiated timeout <*> for client <*>:***:<*>,,Seen,Zookeeper,Similarity-Based,0.575,0.801889529,0.688444765
Established session 0x14ed93111f200df with negotiated timeout 10000 for client /10.10.34.13:37467,E13,Established session <*> with negotiated timeout <*> for client <*>:***:<*>,,Seen,Zookeeper,Similarity-Based,0.575,0.824535422,0.699767711
Established session 0x14ede63a5a7004b with negotiated timeout 10000 for client /10.10.34.11:40489,E13,Established session <*> with negotiated timeout <*> for client <*>:***:<*>,,Seen,Zookeeper,Similarity-Based,0.575,0.799400899,0.68720045
Established session 0x14edfaa86f60013 with negotiated timeout 10000 for client /10.10.34.27:44600,E13,Established session <*> with negotiated timeout <*> for client <*>:***:<*>,,Seen,Zookeeper,Similarity-Based,0.575,0.803752852,0.689376426
Exception causing close of session 0x0 due to java.io.IOException: ZooKeeperServer not running,E14,Exception causing close of session <*> due to java.io.IOException: ZooKeeperServer not running,,Seen,Zookeeper,Similarity-Based,0.45,0.931274783,0.690637391
Exception causing close of session 0x0 due to java.io.IOException: ZooKeeperServer not running,E14,Exception causing close of session <*> due to java.io.IOException: ZooKeeperServer not running,,Seen,Zookeeper,Similarity-Based,0.45,0.931274783,0.690637391
Exception causing close of session 0x0 due to java.io.IOException: ZooKeeperServer not running,E14,Exception causing close of session <*> due to java.io.IOException: ZooKeeperServer not running,,Seen,Zookeeper,Similarity-Based,0.45,0.931274783,0.690637391
Exception causing close of session 0x0 due to java.io.IOException: ZooKeeperServer not running,E14,Exception causing close of session <*> due to java.io.IOException: ZooKeeperServer not running,,Seen,Zookeeper,Similarity-Based,0.45,0.931274783,0.690637391
Exception causing close of session 0x0 due to java.io.IOException: ZooKeeperServer not running,E14,Exception causing close of session <*> due to java.io.IOException: ZooKeeperServer not running,,Seen,Zookeeper,Similarity-Based,0.45,0.931274783,0.690637391
Exception causing close of session 0x0 due to java.io.IOException: ZooKeeperServer not running,E14,Exception causing close of session <*> due to java.io.IOException: ZooKeeperServer not running,,Seen,Zookeeper,Similarity-Based,0.45,0.931274783,0.690637391
Exception causing close of session 0x0 due to java.io.IOException: ZooKeeperServer not running,E14,Exception causing close of session <*> due to java.io.IOException: ZooKeeperServer not running,,Seen,Zookeeper,Similarity-Based,0.45,0.931274783,0.690637391
Exception causing close of session 0x0 due to java.io.IOException: ZooKeeperServer not running,E14,Exception causing close of session <*> due to java.io.IOException: ZooKeeperServer not running,,Seen,Zookeeper,Similarity-Based,0.45,0.931274783,0.690637391
Exception causing close of session 0x0 due to java.io.IOException: ZooKeeperServer not running,E14,Exception causing close of session <*> due to java.io.IOException: ZooKeeperServer not running,,Seen,Zookeeper,Similarity-Based,0.45,0.931274783,0.690637391
Exception causing close of session 0x0 due to java.io.IOException: ZooKeeperServer not running,E14,Exception causing close of session <*> due to java.io.IOException: ZooKeeperServer not running,,Seen,Zookeeper,Similarity-Based,0.45,0.931274783,0.690637391
"Expiring session 0x24ede63a01b003b, timeout of 10000ms exceeded",E15,"Expiring session <*>, timeout of <*> exceeded",,Seen,Zookeeper,Similarity-Based,0.466666667,0.81669512,0.641680893
"Expiring session 0x34ede65503f0036, timeout of 10000ms exceeded",E15,"Expiring session <*>, timeout of <*> exceeded",,Seen,Zookeeper,Similarity-Based,0.466666667,0.809791024,0.638228845
"Expiring session 0x34ede65503f005c, timeout of 10000ms exceeded",E15,"Expiring session <*>, timeout of <*> exceeded",,Seen,Zookeeper,Similarity-Based,0.466666667,0.818940064,0.642803366
"Expiring session 0x24ede63a01b0062, timeout of 10000ms exceeded",E15,"Expiring session <*>, timeout of <*> exceeded",,Seen,Zookeeper,Similarity-Based,0.466666667,0.814196112,0.640431389
"Expiring session 0x14ed93111f20020, timeout of 10000ms exceeded",E15,"Expiring session <*>, timeout of <*> exceeded",,Seen,Zookeeper,Similarity-Based,0.466666667,0.791751958,0.629209312
"Expiring session 0x24ed93119420033, timeout of 10000ms exceeded",E15,"Expiring session <*>, timeout of <*> exceeded",,Seen,Zookeeper,Similarity-Based,0.466666667,0.80772628,0.637196473
"Expiring session 0x24ed9311942002a, timeout of 10000ms exceeded",E15,"Expiring session <*>, timeout of <*> exceeded",,Seen,Zookeeper,Similarity-Based,0.466666667,0.802315832,0.63449125
"Expiring session 0x34ed9ac1c1e002b, timeout of 10000ms exceeded",E15,"Expiring session <*>, timeout of <*> exceeded",,Seen,Zookeeper,Similarity-Based,0.466666667,0.806607715,0.636637191
"Expiring session 0x34ed9ac1c1e0033, timeout of 10000ms exceeded",E15,"Expiring session <*>, timeout of <*> exceeded",,Seen,Zookeeper,Similarity-Based,0.466666667,0.803367481,0.635017074
"Expiring session 0x14ed93111f20068, timeout of 20000ms exceeded",E15,"Expiring session <*>, timeout of <*> exceeded",,Seen,Zookeeper,Similarity-Based,0.466666667,0.787676962,0.627171815
First is 0x0,E16,First is <*>,,Seen,Zookeeper,Rule-Based,0.45,0,0.225
First is 0x0,E16,First is <*>,,Seen,Zookeeper,Rule-Based,0.45,0,0.225
First is 0x0,E16,First is <*>,,Seen,Zookeeper,Rule-Based,0.45,0,0.225
First is 0x0,E16,First is <*>,,Seen,Zookeeper,Rule-Based,0.45,0,0.225
First is 0x0,E16,First is <*>,,Seen,Zookeeper,Rule-Based,0.45,0,0.225
First is 0x0,E16,First is <*>,,Seen,Zookeeper,Rule-Based,0.45,0,0.225
First is 0x0,E16,First is <*>,,Seen,Zookeeper,Rule-Based,0.45,0,0.225
First is 0x0,E16,First is <*>,,Seen,Zookeeper,Rule-Based,0.45,0,0.225
First is 0x0,E16,First is <*>,,Seen,Zookeeper,Rule-Based,0.45,0,0.225
First is 0x0,E16,First is <*>,,Seen,Zookeeper,Rule-Based,0.45,0,0.225
Follower sid: 3 : info : org.apache.zookeeper.server.quorum.QuorumPeer$QuorumServer@33557fe4,E17,Follower sid: <*> : info : org.apache.zookeeper.server.quorum.QuorumPeer$QuorumServer@<*>,,Seen,Zookeeper,Similarity-Based,0.433333333,0.92119758,0.677265457
Follower sid: 3 : info : org.apache.zookeeper.server.quorum.QuorumPeer$QuorumServer@33557fe4,E17,Follower sid: <*> : info : org.apache.zookeeper.server.quorum.QuorumPeer$QuorumServer@<*>,,Seen,Zookeeper,Similarity-Based,0.433333333,0.92119758,0.677265457
Follower sid: 3 : info : org.apache.zookeeper.server.quorum.QuorumPeer$QuorumServer@33557fe4,E17,Follower sid: <*> : info : org.apache.zookeeper.server.quorum.QuorumPeer$QuorumServer@<*>,,Seen,Zookeeper,Similarity-Based,0.433333333,0.92119758,0.677265457
Follower sid: 3 : info : org.apache.zookeeper.server.quorum.QuorumPeer$QuorumServer@33557fe4,E17,Follower sid: <*> : info : org.apache.zookeeper.server.quorum.QuorumPeer$QuorumServer@<*>,,Seen,Zookeeper,Similarity-Based,0.433333333,0.92119758,0.677265457
Follower sid: 3 : info : org.apache.zookeeper.server.quorum.QuorumPeer$QuorumServer@33557fe4,E17,Follower sid: <*> : info : org.apache.zookeeper.server.quorum.QuorumPeer$QuorumServer@<*>,,Seen,Zookeeper,Similarity-Based,0.433333333,0.92119758,0.677265457
Follower sid: 3 : info : org.apache.zookeeper.server.quorum.QuorumPeer$QuorumServer@33557fe4,E17,Follower sid: <*> : info : org.apache.zookeeper.server.quorum.QuorumPeer$QuorumServer@<*>,,Seen,Zookeeper,Similarity-Based,0.433333333,0.92119758,0.677265457
Follower sid: 3 : info : org.apache.zookeeper.server.quorum.QuorumPeer$QuorumServer@33557fe4,E17,Follower sid: <*> : info : org.apache.zookeeper.server.quorum.QuorumPeer$QuorumServer@<*>,,Seen,Zookeeper,Similarity-Based,0.433333333,0.92119758,0.677265457
Follower sid: 3 : info : org.apache.zookeeper.server.quorum.QuorumPeer$QuorumServer@33557fe4,E17,Follower sid: <*> : info : org.apache.zookeeper.server.quorum.QuorumPeer$QuorumServer@<*>,,Seen,Zookeeper,Similarity-Based,0.433333333,0.92119758,0.677265457
Follower sid: 3 : info : org.apache.zookeeper.server.quorum.QuorumPeer$QuorumServer@33557fe4,E17,Follower sid: <*> : info : org.apache.zookeeper.server.quorum.QuorumPeer$QuorumServer@<*>,,Seen,Zookeeper,Similarity-Based,0.433333333,0.92119758,0.677265457
Follower sid: 3 : info : org.apache.zookeeper.server.quorum.QuorumPeer$QuorumServer@33557fe4,E17,Follower sid: <*> : info : org.apache.zookeeper.server.quorum.QuorumPeer$QuorumServer@<*>,,Seen,Zookeeper,Similarity-Based,0.433333333,0.92119758,0.677265457
FOLLOWING,E18,FOLLOWING,,Unseen,Zookeeper,Rule-Based,0.3,0,0.15
FOLLOWING,E18,FOLLOWING,,Unseen,Zookeeper,Rule-Based,0.3,0,0.15
FOLLOWING,E18,FOLLOWING,,Unseen,Zookeeper,Rule-Based,0.3,0,0.15
FOLLOWING,E18,FOLLOWING,,Unseen,Zookeeper,Rule-Based,0.3,0,0.15
FOLLOWING,E18,FOLLOWING,,Unseen,Zookeeper,Rule-Based,0.3,0,0.15
FOLLOWING,E18,FOLLOWING,,Unseen,Zookeeper,Rule-Based,0.3,0,0.15
FOLLOWING,E18,FOLLOWING,,Unseen,Zookeeper,Rule-Based,0.3,0,0.15
FOLLOWING,E18,FOLLOWING,,Unseen,Zookeeper,Rule-Based,0.3,0,0.15
FOLLOWING,E18,FOLLOWING,,Unseen,Zookeeper,Rule-Based,0.3,0,0.15
FOLLOWING,E18,FOLLOWING,,Unseen,Zookeeper,Rule-Based,0.3,0,0.15
FOLLOWING - LEADER ELECTION TOOK - 49,E19,FOLLOWING - LEADER ELECTION TOOK - <*>,,Seen,Zookeeper,Rule-Based,0.4,0,0.2
FOLLOWING - LEADER ELECTION TOOK - 238,E19,FOLLOWING - LEADER ELECTION TOOK - <*>,,Seen,Zookeeper,Rule-Based,0.4,0,0.2
FOLLOWING - LEADER ELECTION TOOK - 49,E19,FOLLOWING - LEADER ELECTION TOOK - <*>,,Seen,Zookeeper,Rule-Based,0.4,0,0.2
FOLLOWING - LEADER ELECTION TOOK - 49,E19,FOLLOWING - LEADER ELECTION TOOK - <*>,,Seen,Zookeeper,Rule-Based,0.4,0,0.2
FOLLOWING - LEADER ELECTION TOOK - 49,E19,FOLLOWING - LEADER ELECTION TOOK - <*>,,Seen,Zookeeper,Rule-Based,0.4,0,0.2
FOLLOWING - LEADER ELECTION TOOK - 49,E19,FOLLOWING - LEADER ELECTION TOOK - <*>,,Seen,Zookeeper,Rule-Based,0.4,0,0.2
FOLLOWING - LEADER ELECTION TOOK - 238,E19,FOLLOWING - LEADER ELECTION TOOK - <*>,,Seen,Zookeeper,Rule-Based,0.4,0,0.2
FOLLOWING - LEADER ELECTION TOOK - 238,E19,FOLLOWING - LEADER ELECTION TOOK - <*>,,Seen,Zookeeper,Rule-Based,0.4,0,0.2
FOLLOWING - LEADER ELECTION TOOK - 238,E19,FOLLOWING - LEADER ELECTION TOOK - <*>,,Seen,Zookeeper,Rule-Based,0.4,0,0.2
FOLLOWING - LEADER ELECTION TOOK - 238,E19,FOLLOWING - LEADER ELECTION TOOK - <*>,,Seen,Zookeeper,Rule-Based,0.4,0,0.2
Accepted socket connection from /10.10.34.13:37196,E2,Accepted socket connection from <*>:<*>,,Seen,Zookeeper,Similarity-Based,0.6,0.748132706,0.674066353
Accepted socket connection from /10.10.34.26:56952,E2,Accepted socket connection from <*>:<*>,,Seen,Zookeeper,Similarity-Based,0.6,0.740103885,0.670051942
Accepted socket connection from /10.10.34.30:38562,E2,Accepted socket connection from <*>:<*>,,Seen,Zookeeper,Similarity-Based,0.6,0.746530312,0.673265156
Accepted socket connection from /10.10.34.36:32876,E2,Accepted socket connection from <*>:<*>,,Seen,Zookeeper,Similarity-Based,0.6,0.728632537,0.664316268
Accepted socket connection from /10.10.34.11:45997,E2,Accepted socket connection from <*>:<*>,,Seen,Zookeeper,Similarity-Based,0.6,0.731985818,0.665992909
Accepted socket connection from /10.10.34.11:49346,E2,Accepted socket connection from <*>:<*>,,Seen,Zookeeper,Similarity-Based,0.6,0.729024679,0.664512339
Accepted socket connection from /10.10.34.29:39387,E2,Accepted socket connection from <*>:<*>,,Seen,Zookeeper,Similarity-Based,0.6,0.727252381,0.663626191
Accepted socket connection from /10.10.34.12:34568,E2,Accepted socket connection from <*>:<*>,,Seen,Zookeeper,Similarity-Based,0.6,0.748601454,0.674300727
Accepted socket connection from /10.10.34.11:40061,E2,Accepted socket connection from <*>:<*>,,Seen,Zookeeper,Similarity-Based,0.6,0.741562374,0.670781187
Accepted socket connection from /10.10.34.11:54839,E2,Accepted socket connection from <*>:<*>,,Seen,Zookeeper,Similarity-Based,0.6,0.73105798,0.66552899
Getting a snapshot from leader,E20,Getting a snapshot from leader,,Unseen,Zookeeper,Rule-Based,0.3,0,0.15
Getting a snapshot from leader,E20,Getting a snapshot from leader,,Unseen,Zookeeper,Rule-Based,0.3,0,0.15
Getting a snapshot from leader,E20,Getting a snapshot from leader,,Unseen,Zookeeper,Rule-Based,0.3,0,0.15
Getting a snapshot from leader,E20,Getting a snapshot from leader,,Unseen,Zookeeper,Rule-Based,0.3,0,0.15
Getting a snapshot from leader,E20,Getting a snapshot from leader,,Unseen,Zookeeper,Rule-Based,0.3,0,0.15
Getting a snapshot from leader,E20,Getting a snapshot from leader,,Unseen,Zookeeper,Rule-Based,0.3,0,0.15
Getting a snapshot from leader,E20,Getting a snapshot from leader,,Unseen,Zookeeper,Rule-Based,0.3,0,0.15
Getting a snapshot from leader,E20,Getting a snapshot from leader,,Unseen,Zookeeper,Rule-Based,0.3,0,0.15
Getting a snapshot from leader,E20,Getting a snapshot from leader,,Unseen,Zookeeper,Rule-Based,0.3,0,0.15
Getting a snapshot from leader,E20,Getting a snapshot from leader,,Unseen,Zookeeper,Rule-Based,0.3,0,0.15
Got user-level KeeperException when processing sessionid:0x34ed93485090001 type:create cxid:0x55b8bb0f zxid:0x100000010 txntype:-1 reqpath:n/a Error Path:/home/curi/.zookeeper Error:KeeperErrorCode = NodeExists for /home/curi/.zookeeper,E21,Got user-level KeeperException when processing sessionid:<*> type:create cxid:<*> zxid:<*> txntype:<*> reqpath:<*> Error Path:<*> Error:KeeperErrorCode = NodeExists for <*>,,Seen,Zookeeper,Similarity-Based,0.525,0.950892451,0.737946226
Got user-level KeeperException when processing sessionid:0x34ed93485090001 type:create cxid:0x55b8bb0f zxid:0x100000010 txntype:-1 reqpath:n/a Error Path:/home/curi/.zookeeper Error:KeeperErrorCode = NodeExists for /home/curi/.zookeeper,E21,Got user-level KeeperException when processing sessionid:<*> type:create cxid:<*> zxid:<*> txntype:<*> reqpath:<*> Error Path:<*> Error:KeeperErrorCode = NodeExists for <*>,,Seen,Zookeeper,Similarity-Based,0.525,0.950892451,0.737946226
Got user-level KeeperException when processing sessionid:0x34ed93485090001 type:create cxid:0x55b8bb0f zxid:0x100000010 txntype:-1 reqpath:n/a Error Path:/home/curi/.zookeeper Error:KeeperErrorCode = NodeExists for /home/curi/.zookeeper,E21,Got user-level KeeperException when processing sessionid:<*> type:create cxid:<*> zxid:<*> txntype:<*> reqpath:<*> Error Path:<*> Error:KeeperErrorCode = NodeExists for <*>,,Seen,Zookeeper,Similarity-Based,0.525,0.950892451,0.737946226
Got user-level KeeperException when processing sessionid:0x34ed93485090001 type:create cxid:0x55b8bb0f zxid:0x100000010 txntype:-1 reqpath:n/a Error Path:/home/curi/.zookeeper Error:KeeperErrorCode = NodeExists for /home/curi/.zookeeper,E21,Got user-level KeeperException when processing sessionid:<*> type:create cxid:<*> zxid:<*> txntype:<*> reqpath:<*> Error Path:<*> Error:KeeperErrorCode = NodeExists for <*>,,Seen,Zookeeper,Similarity-Based,0.525,0.950892451,0.737946226
Got user-level KeeperException when processing sessionid:0x34ed93485090001 type:create cxid:0x55b8bb0f zxid:0x100000010 txntype:-1 reqpath:n/a Error Path:/home/curi/.zookeeper Error:KeeperErrorCode = NodeExists for /home/curi/.zookeeper,E21,Got user-level KeeperException when processing sessionid:<*> type:create cxid:<*> zxid:<*> txntype:<*> reqpath:<*> Error Path:<*> Error:KeeperErrorCode = NodeExists for <*>,,Seen,Zookeeper,Similarity-Based,0.525,0.950892451,0.737946226
Got user-level KeeperException when processing sessionid:0x34ed93485090001 type:create cxid:0x55b8bb0f zxid:0x100000010 txntype:-1 reqpath:n/a Error Path:/home/curi/.zookeeper Error:KeeperErrorCode = NodeExists for /home/curi/.zookeeper,E21,Got user-level KeeperException when processing sessionid:<*> type:create cxid:<*> zxid:<*> txntype:<*> reqpath:<*> Error Path:<*> Error:KeeperErrorCode = NodeExists for <*>,,Seen,Zookeeper,Similarity-Based,0.525,0.950892451,0.737946226
Got user-level KeeperException when processing sessionid:0x34ed93485090001 type:create cxid:0x55b8bb0f zxid:0x100000010 txntype:-1 reqpath:n/a Error Path:/home/curi/.zookeeper Error:KeeperErrorCode = NodeExists for /home/curi/.zookeeper,E21,Got user-level KeeperException when processing sessionid:<*> type:create cxid:<*> zxid:<*> txntype:<*> reqpath:<*> Error Path:<*> Error:KeeperErrorCode = NodeExists for <*>,,Seen,Zookeeper,Similarity-Based,0.525,0.950892451,0.737946226
Got user-level KeeperException when processing sessionid:0x34ed93485090001 type:create cxid:0x55b8bb0f zxid:0x100000010 txntype:-1 reqpath:n/a Error Path:/home/curi/.zookeeper Error:KeeperErrorCode = NodeExists for /home/curi/.zookeeper,E21,Got user-level KeeperException when processing sessionid:<*> type:create cxid:<*> zxid:<*> txntype:<*> reqpath:<*> Error Path:<*> Error:KeeperErrorCode = NodeExists for <*>,,Seen,Zookeeper,Similarity-Based,0.525,0.950892451,0.737946226
Got user-level KeeperException when processing sessionid:0x34ed93485090001 type:create cxid:0x55b8bb0f zxid:0x100000010 txntype:-1 reqpath:n/a Error Path:/home/curi/.zookeeper Error:KeeperErrorCode = NodeExists for /home/curi/.zookeeper,E21,Got user-level KeeperException when processing sessionid:<*> type:create cxid:<*> zxid:<*> txntype:<*> reqpath:<*> Error Path:<*> Error:KeeperErrorCode = NodeExists for <*>,,Seen,Zookeeper,Similarity-Based,0.525,0.950892451,0.737946226
Got user-level KeeperException when processing sessionid:0x34ed93485090001 type:create cxid:0x55b8bb0f zxid:0x100000010 txntype:-1 reqpath:n/a Error Path:/home/curi/.zookeeper Error:KeeperErrorCode = NodeExists for /home/curi/.zookeeper,E21,Got user-level KeeperException when processing sessionid:<*> type:create cxid:<*> zxid:<*> txntype:<*> reqpath:<*> Error Path:<*> Error:KeeperErrorCode = NodeExists for <*>,,Seen,Zookeeper,Similarity-Based,0.525,0.950892451,0.737946226
Have quorum of supporters; starting up and setting last processed zxid: 0xb00000000,E22,Have quorum of supporters; starting up and setting last processed zxid: <*>,,Seen,Zookeeper,Similarity-Based,0.45,0.802849656,0.626424828
Have quorum of supporters; starting up and setting last processed zxid: 0xb00000000,E22,Have quorum of supporters; starting up and setting last processed zxid: <*>,,Seen,Zookeeper,Similarity-Based,0.45,0.802849656,0.626424828
Have quorum of supporters; starting up and setting last processed zxid: 0xb00000000,E22,Have quorum of supporters; starting up and setting last processed zxid: <*>,,Seen,Zookeeper,Similarity-Based,0.45,0.802849656,0.626424828
Have quorum of supporters; starting up and setting last processed zxid: 0xb00000000,E22,Have quorum of supporters; starting up and setting last processed zxid: <*>,,Seen,Zookeeper,Similarity-Based,0.45,0.802849656,0.626424828
Have quorum of supporters; starting up and setting last processed zxid: 0xb00000000,E22,Have quorum of supporters; starting up and setting last processed zxid: <*>,,Seen,Zookeeper,Similarity-Based,0.45,0.802849656,0.626424828
Have quorum of supporters; starting up and setting last processed zxid: 0xb00000000,E22,Have quorum of supporters; starting up and setting last processed zxid: <*>,,Seen,Zookeeper,Similarity-Based,0.45,0.802849656,0.626424828
Have quorum of supporters; starting up and setting last processed zxid: 0xb00000000,E22,Have quorum of supporters; starting up and setting last processed zxid: <*>,,Seen,Zookeeper,Similarity-Based,0.45,0.802849656,0.626424828
Have quorum of supporters; starting up and setting last processed zxid: 0xb00000000,E22,Have quorum of supporters; starting up and setting last processed zxid: <*>,,Seen,Zookeeper,Similarity-Based,0.45,0.802849656,0.626424828
Have quorum of supporters; starting up and setting last processed zxid: 0xb00000000,E22,Have quorum of supporters; starting up and setting last processed zxid: <*>,,Seen,Zookeeper,Similarity-Based,0.45,0.802849656,0.626424828
Have quorum of supporters; starting up and setting last processed zxid: 0xb00000000,E22,Have quorum of supporters; starting up and setting last processed zxid: <*>,,Seen,Zookeeper,Similarity-Based,0.45,0.802849656,0.626424828
"Have smaller server identifier, so dropping the connection: (2, 1)",E23,"Have smaller server identifier, so dropping the connection: (<*>, <*>)",,Seen,Zookeeper,Similarity-Based,0.4,0.723680782,0.561840391
"Have smaller server identifier, so dropping the connection: (2, 1)",E23,"Have smaller server identifier, so dropping the connection: (<*>, <*>)",,Seen,Zookeeper,Similarity-Based,0.4,0.723680782,0.561840391
"Have smaller server identifier, so dropping the connection: (2, 1)",E23,"Have smaller server identifier, so dropping the connection: (<*>, <*>)",,Seen,Zookeeper,Similarity-Based,0.4,0.723680782,0.561840391
"Have smaller server identifier, so dropping the connection: (2, 1)",E23,"Have smaller server identifier, so dropping the connection: (<*>, <*>)",,Seen,Zookeeper,Similarity-Based,0.4,0.723680782,0.561840391
"Have smaller server identifier, so dropping the connection: (2, 1)",E23,"Have smaller server identifier, so dropping the connection: (<*>, <*>)",,Seen,Zookeeper,Similarity-Based,0.4,0.723680782,0.561840391
"Have smaller server identifier, so dropping the connection: (2, 1)",E23,"Have smaller server identifier, so dropping the connection: (<*>, <*>)",,Seen,Zookeeper,Similarity-Based,0.4,0.723680782,0.561840391
"Have smaller server identifier, so dropping the connection: (2, 1)",E23,"Have smaller server identifier, so dropping the connection: (<*>, <*>)",,Seen,Zookeeper,Similarity-Based,0.4,0.723680782,0.561840391
"Have smaller server identifier, so dropping the connection: (2, 1)",E23,"Have smaller server identifier, so dropping the connection: (<*>, <*>)",,Seen,Zookeeper,Similarity-Based,0.4,0.723680782,0.561840391
"Have smaller server identifier, so dropping the connection: (2, 1)",E23,"Have smaller server identifier, so dropping the connection: (<*>, <*>)",,Seen,Zookeeper,Similarity-Based,0.4,0.723680782,0.561840391
"Have smaller server identifier, so dropping the connection: (2, 1)",E23,"Have smaller server identifier, so dropping the connection: (<*>, <*>)",,Seen,Zookeeper,Similarity-Based,0.4,0.723680782,0.561840391
Interrupted while waiting for message on queue,E24,Interrupted while waiting for message on queue,,Unseen,Zookeeper,Rule-Based,0.3,0,0.15
Interrupted while waiting for message on queue,E24,Interrupted while waiting for message on queue,,Unseen,Zookeeper,Rule-Based,0.3,0,0.15
Interrupted while waiting for message on queue,E24,Interrupted while waiting for message on queue,,Unseen,Zookeeper,Rule-Based,0.3,0,0.15
Interrupted while waiting for message on queue,E24,Interrupted while waiting for message on queue,,Unseen,Zookeeper,Rule-Based,0.3,0,0.15
Interrupted while waiting for message on queue,E24,Interrupted while waiting for message on queue,,Unseen,Zookeeper,Rule-Based,0.3,0,0.15
Interrupted while waiting for message on queue,E24,Interrupted while waiting for message on queue,,Unseen,Zookeeper,Rule-Based,0.3,0,0.15
Interrupted while waiting for message on queue,E24,Interrupted while waiting for message on queue,,Unseen,Zookeeper,Rule-Based,0.3,0,0.15
Interrupted while waiting for message on queue,E24,Interrupted while waiting for message on queue,,Unseen,Zookeeper,Rule-Based,0.3,0,0.15
Interrupted while waiting for message on queue,E24,Interrupted while waiting for message on queue,,Unseen,Zookeeper,Rule-Based,0.3,0,0.15
Interrupted while waiting for message on queue,E24,Interrupted while waiting for message on queue,,Unseen,Zookeeper,Rule-Based,0.3,0,0.15
Interrupting SendWorker,E25,Interrupting SendWorker,,Unseen,Zookeeper,Rule-Based,0.3,0,0.15
Interrupting SendWorker,E25,Interrupting SendWorker,,Unseen,Zookeeper,Rule-Based,0.3,0,0.15
Interrupting SendWorker,E25,Interrupting SendWorker,,Unseen,Zookeeper,Rule-Based,0.3,0,0.15
Interrupting SendWorker,E25,Interrupting SendWorker,,Unseen,Zookeeper,Rule-Based,0.3,0,0.15
Interrupting SendWorker,E25,Interrupting SendWorker,,Unseen,Zookeeper,Rule-Based,0.3,0,0.15
Interrupting SendWorker,E25,Interrupting SendWorker,,Unseen,Zookeeper,Rule-Based,0.3,0,0.15
Interrupting SendWorker,E25,Interrupting SendWorker,,Unseen,Zookeeper,Rule-Based,0.3,0,0.15
Interrupting SendWorker,E25,Interrupting SendWorker,,Unseen,Zookeeper,Rule-Based,0.3,0,0.15
Interrupting SendWorker,E25,Interrupting SendWorker,,Unseen,Zookeeper,Rule-Based,0.3,0,0.15
Interrupting SendWorker,E25,Interrupting SendWorker,,Unseen,Zookeeper,Rule-Based,0.3,0,0.15
LOOKING,E26,Looking,,Unseen,Zookeeper,Rule-Based,0.3,0,0.15
LOOKING,E26,Looking,,Unseen,Zookeeper,Rule-Based,0.3,0,0.15
LOOKING,E26,Looking,,Unseen,Zookeeper,Rule-Based,0.3,0,0.15
LOOKING,E26,Looking,,Unseen,Zookeeper,Rule-Based,0.3,0,0.15
LOOKING,E26,Looking,,Unseen,Zookeeper,Rule-Based,0.3,0,0.15
LOOKING,E26,Looking,,Unseen,Zookeeper,Rule-Based,0.3,0,0.15
LOOKING,E26,Looking,,Unseen,Zookeeper,Rule-Based,0.3,0,0.15
LOOKING,E26,Looking,,Unseen,Zookeeper,Rule-Based,0.3,0,0.15
LOOKING,E26,Looking,,Unseen,Zookeeper,Rule-Based,0.3,0,0.15
LOOKING,E26,Looking,,Unseen,Zookeeper,Rule-Based,0.3,0,0.15
maxSessionTimeout set to -1,E27,maxSessionTimeout set to <*>,,Seen,Zookeeper,Rule-Based,0.4,0,0.2
maxSessionTimeout set to -1,E27,maxSessionTimeout set to <*>,,Seen,Zookeeper,Rule-Based,0.4,0,0.2
maxSessionTimeout set to -1,E27,maxSessionTimeout set to <*>,,Seen,Zookeeper,Rule-Based,0.4,0,0.2
maxSessionTimeout set to -1,E27,maxSessionTimeout set to <*>,,Seen,Zookeeper,Rule-Based,0.4,0,0.2
maxSessionTimeout set to -1,E27,maxSessionTimeout set to <*>,,Seen,Zookeeper,Rule-Based,0.4,0,0.2
maxSessionTimeout set to -1,E27,maxSessionTimeout set to <*>,,Seen,Zookeeper,Rule-Based,0.4,0,0.2
maxSessionTimeout set to -1,E27,maxSessionTimeout set to <*>,,Seen,Zookeeper,Rule-Based,0.4,0,0.2
maxSessionTimeout set to -1,E27,maxSessionTimeout set to <*>,,Seen,Zookeeper,Rule-Based,0.4,0,0.2
maxSessionTimeout set to -1,E27,maxSessionTimeout set to <*>,,Seen,Zookeeper,Rule-Based,0.4,0,0.2
maxSessionTimeout set to -1,E27,maxSessionTimeout set to <*>,,Seen,Zookeeper,Rule-Based,0.4,0,0.2
FOLLOWING - LEADER ELECTION TOOK - 238,E19,FOLLOWING - LEADER ELECTION TOOK - <*>,,Seen,Zookeeper,Rule-Based,0.4,0,0.2
FOLLOWING - LEADER ELECTION TOOK - 238,E19,FOLLOWING - LEADER ELECTION TOOK - <*>,,Seen,Zookeeper,Rule-Based,0.4,0,0.2
FOLLOWING - LEADER ELECTION TOOK - 238,E19,FOLLOWING - LEADER ELECTION TOOK - <*>,,Seen,Zookeeper,Rule-Based,0.4,0,0.2
FOLLOWING - LEADER ELECTION TOOK - 238,E19,FOLLOWING - LEADER ELECTION TOOK - <*>,,Seen,Zookeeper,Rule-Based,0.4,0,0.2
FOLLOWING - LEADER ELECTION TOOK - 238,E19,FOLLOWING - LEADER ELECTION TOOK - <*>,,Seen,Zookeeper,Rule-Based,0.4,0,0.2
FOLLOWING - LEADER ELECTION TOOK - 238,E19,FOLLOWING - LEADER ELECTION TOOK - <*>,,Seen,Zookeeper,Rule-Based,0.4,0,0.2
FOLLOWING - LEADER ELECTION TOOK - 238,E19,FOLLOWING - LEADER ELECTION TOOK - <*>,,Seen,Zookeeper,Rule-Based,0.4,0,0.2
FOLLOWING - LEADER ELECTION TOOK - 238,E19,FOLLOWING - LEADER ELECTION TOOK - <*>,,Seen,Zookeeper,Rule-Based,0.4,0,0.2
FOLLOWING - LEADER ELECTION TOOK - 238,E19,FOLLOWING - LEADER ELECTION TOOK - <*>,,Seen,Zookeeper,Rule-Based,0.4,0,0.2
FOLLOWING - LEADER ELECTION TOOK - 238,E19,FOLLOWING - LEADER ELECTION TOOK - <*>,,Seen,Zookeeper,Rule-Based,0.4,0,0.2
minSessionTimeout set to -1,E28,minSessionTimeout set to <*>,,Unseen,Zookeeper,Rule-Based,0.4,0,0.2
minSessionTimeout set to -1,E28,minSessionTimeout set to <*>,,Unseen,Zookeeper,Rule-Based,0.4,0,0.2
minSessionTimeout set to -2,E28,minSessionTimeout set to <*>,,Unseen,Zookeeper,Rule-Based,0.4,0,0.2
minSessionTimeout set to -3,E28,minSessionTimeout set to <*>,,Unseen,Zookeeper,Rule-Based,0.4,0,0.2
minSessionTimeout set to -4,E28,minSessionTimeout set to <*>,,Unseen,Zookeeper,Rule-Based,0.4,0,0.2
minSessionTimeout set to -5,E28,minSessionTimeout set to <*>,,Unseen,Zookeeper,Rule-Based,0.4,0,0.2
minSessionTimeout set to -6,E28,minSessionTimeout set to <*>,,Unseen,Zookeeper,Rule-Based,0.4,0,0.2
minSessionTimeout set to -7,E28,minSessionTimeout set to <*>,,Unseen,Zookeeper,Rule-Based,0.4,0,0.2
minSessionTimeout set to -8,E28,minSessionTimeout set to <*>,,Unseen,Zookeeper,Rule-Based,0.4,0,0.2
minSessionTimeout set to -9,E28,minSessionTimeout set to <*>,,Unseen,Zookeeper,Rule-Based,0.4,0,0.2
My election bind port: 0.0.0.0/0.0.0.0:3888,E29,My election bind port: <*>/<*>:<*>,,Seen,Zookeeper,Similarity-Based,0.666666667,0.841341238,0.754003952
My election bind port: 0.0.0.0/0.0.0.0:3888,E29,My election bind port: <*>/<*>:<*>,,Seen,Zookeeper,Similarity-Based,0.666666667,0.841341238,0.754003952
My election bind port: 0.0.0.0/0.0.0.0:3888,E29,My election bind port: <*>/<*>:<*>,,Seen,Zookeeper,Similarity-Based,0.666666667,0.841341238,0.754003952
My election bind port: 0.0.0.0/0.0.0.0:3888,E29,My election bind port: <*>/<*>:<*>,,Seen,Zookeeper,Similarity-Based,0.666666667,0.841341238,0.754003952
My election bind port: 0.0.0.0/0.0.0.0:3888,E29,My election bind port: <*>/<*>:<*>,,Seen,Zookeeper,Similarity-Based,0.666666667,0.841341238,0.754003952
My election bind port: 0.0.0.0/0.0.0.0:3888,E29,My election bind port: <*>/<*>:<*>,,Seen,Zookeeper,Similarity-Based,0.666666667,0.841341238,0.754003952
My election bind port: 0.0.0.0/0.0.0.0:3888,E29,My election bind port: <*>/<*>:<*>,,Seen,Zookeeper,Similarity-Based,0.666666667,0.841341238,0.754003952
My election bind port: 0.0.0.0/0.0.0.0:3888,E29,My election bind port: <*>/<*>:<*>,,Seen,Zookeeper,Similarity-Based,0.666666667,0.841341238,0.754003952
My election bind port: 0.0.0.0/0.0.0.0:3888,E29,My election bind port: <*>/<*>:<*>,,Seen,Zookeeper,Similarity-Based,0.666666667,0.841341238,0.754003952
My election bind port: 0.0.0.0/0.0.0.0:3888,E29,My election bind port: <*>/<*>:<*>,,Seen,Zookeeper,Similarity-Based,0.666666667,0.841341238,0.754003952
autopurge.purgeInterval set to 0,E3,autopurge.purgeInterval set to <*>,,Seen,Zookeeper,Similarity-Based,0.4,0.75414192,0.57707096
autopurge.purgeInterval set to 0,E3,autopurge.purgeInterval set to <*>,,Seen,Zookeeper,Similarity-Based,0.4,0.75414192,0.57707096
autopurge.purgeInterval set to 0,E3,autopurge.purgeInterval set to <*>,,Seen,Zookeeper,Similarity-Based,0.4,0.75414192,0.57707096
autopurge.purgeInterval set to 0,E3,autopurge.purgeInterval set to <*>,,Seen,Zookeeper,Similarity-Based,0.4,0.75414192,0.57707096
autopurge.purgeInterval set to 0,E3,autopurge.purgeInterval set to <*>,,Seen,Zookeeper,Similarity-Based,0.4,0.75414192,0.57707096
autopurge.purgeInterval set to 0,E3,autopurge.purgeInterval set to <*>,,Seen,Zookeeper,Similarity-Based,0.4,0.75414192,0.57707096
autopurge.purgeInterval set to 0,E3,autopurge.purgeInterval set to <*>,,Seen,Zookeeper,Similarity-Based,0.4,0.75414192,0.57707096
autopurge.purgeInterval set to 0,E3,autopurge.purgeInterval set to <*>,,Seen,Zookeeper,Similarity-Based,0.4,0.75414192,0.57707096
autopurge.purgeInterval set to 0,E3,autopurge.purgeInterval set to <*>,,Seen,Zookeeper,Similarity-Based,0.4,0.75414192,0.57707096
autopurge.purgeInterval set to 0,E3,autopurge.purgeInterval set to <*>,,Seen,Zookeeper,Similarity-Based,0.4,0.75414192,0.57707096
"New election. My id =  1, proposed zxid=0x700000000",E30,"New election. My id = <*>, proposed zxid=<*>",,Seen,Zookeeper,Similarity-Based,0.466666667,0.792937536,0.629802101
"New election. My id =  1, proposed zxid=0x700000000",E30,"New election. My id = <*>, proposed zxid=<*>",,Seen,Zookeeper,Similarity-Based,0.466666667,0.792937536,0.629802101
"New election. My id =  1, proposed zxid=0x700000000",E30,"New election. My id = <*>, proposed zxid=<*>",,Seen,Zookeeper,Similarity-Based,0.466666667,0.792937536,0.629802101
"New election. My id =  1, proposed zxid=0x700000000",E30,"New election. My id = <*>, proposed zxid=<*>",,Seen,Zookeeper,Similarity-Based,0.466666667,0.792937536,0.629802101
"New election. My id =  1, proposed zxid=0x700000000",E30,"New election. My id = <*>, proposed zxid=<*>",,Seen,Zookeeper,Similarity-Based,0.466666667,0.792937536,0.629802101
"New election. My id =  1, proposed zxid=0x700000000",E30,"New election. My id = <*>, proposed zxid=<*>",,Seen,Zookeeper,Similarity-Based,0.466666667,0.792937536,0.629802101
"New election. My id =  1, proposed zxid=0x700000000",E30,"New election. My id = <*>, proposed zxid=<*>",,Seen,Zookeeper,Similarity-Based,0.466666667,0.792937536,0.629802101
"New election. My id =  1, proposed zxid=0x700000000",E30,"New election. My id = <*>, proposed zxid=<*>",,Seen,Zookeeper,Similarity-Based,0.466666667,0.792937536,0.629802101
"New election. My id =  1, proposed zxid=0x700000000",E30,"New election. My id = <*>, proposed zxid=<*>",,Seen,Zookeeper,Similarity-Based,0.466666667,0.792937536,0.629802101
"New election. My id =  1, proposed zxid=0x700000000",E30,"New election. My id = <*>, proposed zxid=<*>",,Seen,Zookeeper,Similarity-Based,0.466666667,0.792937536,0.629802101
Notification time out: 3200,E31,Notification time out: <*>,,Seen,Zookeeper,Similarity-Based,0.4,0.715388471,0.557694235
Notification time out: 60000,E31,Notification time out: <*>,,Seen,Zookeeper,Similarity-Based,0.4,0.720100216,0.560050108
Notification time out: 60000,E31,Notification time out: <*>,,Seen,Zookeeper,Similarity-Based,0.4,0.720100216,0.560050108
Notification time out: 60000,E31,Notification time out: <*>,,Seen,Zookeeper,Similarity-Based,0.4,0.720100216,0.560050108
Notification time out: 60000,E31,Notification time out: <*>,,Seen,Zookeeper,Similarity-Based,0.4,0.720100216,0.560050108
Notification time out: 60000,E31,Notification time out: <*>,,Seen,Zookeeper,Similarity-Based,0.4,0.720100216,0.560050108
Notification time out: 60000,E31,Notification time out: <*>,,Seen,Zookeeper,Similarity-Based,0.4,0.720100216,0.560050108
Notification time out: 60000,E31,Notification time out: <*>,,Seen,Zookeeper,Similarity-Based,0.4,0.720100216,0.560050108
Notification time out: 60000,E31,Notification time out: <*>,,Seen,Zookeeper,Similarity-Based,0.4,0.720100216,0.560050108
Notification time out: 60000,E31,Notification time out: <*>,,Seen,Zookeeper,Similarity-Based,0.4,0.720100216,0.560050108
"Notification: 3 (n.leader), 0x100001564 (n.zxid), 0x3 (n.round), FOLLOWING (n.state), 3 (n.sid), 0x2 (n.peerEPoch), FOLLOWING (my state)",E32,"Notification: <*> (n.leader), <*> (n.zxid), <*> (n.round), FOLLOWING (n.state), <*> (n.sid), <*> (n.peerEPoch), FOLLOWING (my state)",,Seen,Zookeeper,Similarity-Based,0.466666667,0.86935392,0.668010293
"Notification: 3 (n.leader), 0x100001564 (n.zxid), 0x3 (n.round), FOLLOWING (n.state), 3 (n.sid), 0x2 (n.peerEPoch), FOLLOWING (my state)",E32,"Notification: <*> (n.leader), <*> (n.zxid), <*> (n.round), FOLLOWING (n.state), <*> (n.sid), <*> (n.peerEPoch), FOLLOWING (my state)",,Seen,Zookeeper,Similarity-Based,0.466666667,0.86935392,0.668010293
"Notification: 3 (n.leader), 0x100001564 (n.zxid), 0x3 (n.round), FOLLOWING (n.state), 3 (n.sid), 0x2 (n.peerEPoch), FOLLOWING (my state)",E32,"Notification: <*> (n.leader), <*> (n.zxid), <*> (n.round), FOLLOWING (n.state), <*> (n.sid), <*> (n.peerEPoch), FOLLOWING (my state)",,Seen,Zookeeper,Similarity-Based,0.466666667,0.86935392,0.668010293
"Notification: 3 (n.leader), 0x100001564 (n.zxid), 0x3 (n.round), FOLLOWING (n.state), 3 (n.sid), 0x2 (n.peerEPoch), FOLLOWING (my state)",E32,"Notification: <*> (n.leader), <*> (n.zxid), <*> (n.round), FOLLOWING (n.state), <*> (n.sid), <*> (n.peerEPoch), FOLLOWING (my state)",,Seen,Zookeeper,Similarity-Based,0.466666667,0.86935392,0.668010293
"Notification: 3 (n.leader), 0x100001564 (n.zxid), 0x3 (n.round), FOLLOWING (n.state), 3 (n.sid), 0x2 (n.peerEPoch), FOLLOWING (my state)",E32,"Notification: <*> (n.leader), <*> (n.zxid), <*> (n.round), FOLLOWING (n.state), <*> (n.sid), <*> (n.peerEPoch), FOLLOWING (my state)",,Seen,Zookeeper,Similarity-Based,0.466666667,0.86935392,0.668010293
"Notification: 3 (n.leader), 0x100001564 (n.zxid), 0x3 (n.round), FOLLOWING (n.state), 3 (n.sid), 0x2 (n.peerEPoch), FOLLOWING (my state)",E32,"Notification: <*> (n.leader), <*> (n.zxid), <*> (n.round), FOLLOWING (n.state), <*> (n.sid), <*> (n.peerEPoch), FOLLOWING (my state)",,Seen,Zookeeper,Similarity-Based,0.466666667,0.86935392,0.668010293
"Notification: 3 (n.leader), 0x100001564 (n.zxid), 0x3 (n.round), FOLLOWING (n.state), 3 (n.sid), 0x2 (n.peerEPoch), FOLLOWING (my state)",E32,"Notification: <*> (n.leader), <*> (n.zxid), <*> (n.round), FOLLOWING (n.state), <*> (n.sid), <*> (n.peerEPoch), FOLLOWING (my state)",,Seen,Zookeeper,Similarity-Based,0.466666667,0.86935392,0.668010293
"Notification: 3 (n.leader), 0x100001564 (n.zxid), 0x3 (n.round), FOLLOWING (n.state), 3 (n.sid), 0x2 (n.peerEPoch), FOLLOWING (my state)",E32,"Notification: <*> (n.leader), <*> (n.zxid), <*> (n.round), FOLLOWING (n.state), <*> (n.sid), <*> (n.peerEPoch), FOLLOWING (my state)",,Seen,Zookeeper,Similarity-Based,0.466666667,0.86935392,0.668010293
"Notification: 3 (n.leader), 0x100001564 (n.zxid), 0x3 (n.round), FOLLOWING (n.state), 3 (n.sid), 0x2 (n.peerEPoch), FOLLOWING (my state)",E32,"Notification: <*> (n.leader), <*> (n.zxid), <*> (n.round), FOLLOWING (n.state), <*> (n.sid), <*> (n.peerEPoch), FOLLOWING (my state)",,Seen,Zookeeper,Similarity-Based,0.466666667,0.86935392,0.668010293
"Notification: 3 (n.leader), 0x100001564 (n.zxid), 0x3 (n.round), FOLLOWING (n.state), 3 (n.sid), 0x2 (n.peerEPoch), FOLLOWING (my state)",E32,"Notification: <*> (n.leader), <*> (n.zxid), <*> (n.round), FOLLOWING (n.state), <*> (n.sid), <*> (n.peerEPoch), FOLLOWING (my state)",,Seen,Zookeeper,Similarity-Based,0.466666667,0.86935392,0.668010293
"Notification: 2 (n.leader), 0xa0000009a (n.zxid), 0x1 (n.round), FOLLOWING (n.state), 1 (n.sid), 0xa (n.peerEPoch), LEADING (my state)",E33,"Notification: <*> (n.leader), <*> (n.zxid), <*> (n.round), FOLLOWING (n.state), <*> (n.sid), <*> (n.peerEPoch), LEADING (my state)",,Seen,Zookeeper,Similarity-Based,0.466666667,0.866218861,0.666442764
"Notification: 2 (n.leader), 0xa0000009a (n.zxid), 0x1 (n.round), FOLLOWING (n.state), 1 (n.sid), 0xa (n.peerEPoch), LEADING (my state)",E33,"Notification: <*> (n.leader), <*> (n.zxid), <*> (n.round), FOLLOWING (n.state), <*> (n.sid), <*> (n.peerEPoch), LEADING (my state)",,Seen,Zookeeper,Similarity-Based,0.466666667,0.866218861,0.666442764
"Notification: 2 (n.leader), 0xa0000009a (n.zxid), 0x1 (n.round), FOLLOWING (n.state), 1 (n.sid), 0xa (n.peerEPoch), LEADING (my state)",E33,"Notification: <*> (n.leader), <*> (n.zxid), <*> (n.round), FOLLOWING (n.state), <*> (n.sid), <*> (n.peerEPoch), LEADING (my state)",,Seen,Zookeeper,Similarity-Based,0.466666667,0.866218861,0.666442764
"Notification: 2 (n.leader), 0xa0000009a (n.zxid), 0x1 (n.round), FOLLOWING (n.state), 1 (n.sid), 0xa (n.peerEPoch), LEADING (my state)",E33,"Notification: <*> (n.leader), <*> (n.zxid), <*> (n.round), FOLLOWING (n.state), <*> (n.sid), <*> (n.peerEPoch), LEADING (my state)",,Seen,Zookeeper,Similarity-Based,0.466666667,0.866218861,0.666442764
"Notification: 2 (n.leader), 0xa0000009a (n.zxid), 0x1 (n.round), FOLLOWING (n.state), 1 (n.sid), 0xa (n.peerEPoch), LEADING (my state)",E33,"Notification: <*> (n.leader), <*> (n.zxid), <*> (n.round), FOLLOWING (n.state), <*> (n.sid), <*> (n.peerEPoch), LEADING (my state)",,Seen,Zookeeper,Similarity-Based,0.466666667,0.866218861,0.666442764
"Notification: 2 (n.leader), 0xa0000009a (n.zxid), 0x1 (n.round), FOLLOWING (n.state), 1 (n.sid), 0xa (n.peerEPoch), LEADING (my state)",E33,"Notification: <*> (n.leader), <*> (n.zxid), <*> (n.round), FOLLOWING (n.state), <*> (n.sid), <*> (n.peerEPoch), LEADING (my state)",,Seen,Zookeeper,Similarity-Based,0.466666667,0.866218861,0.666442764
"Notification: 2 (n.leader), 0xa0000009a (n.zxid), 0x1 (n.round), FOLLOWING (n.state), 1 (n.sid), 0xa (n.peerEPoch), LEADING (my state)",E33,"Notification: <*> (n.leader), <*> (n.zxid), <*> (n.round), FOLLOWING (n.state), <*> (n.sid), <*> (n.peerEPoch), LEADING (my state)",,Seen,Zookeeper,Similarity-Based,0.466666667,0.866218861,0.666442764
"Notification: 2 (n.leader), 0xa0000009a (n.zxid), 0x1 (n.round), FOLLOWING (n.state), 1 (n.sid), 0xa (n.peerEPoch), LEADING (my state)",E33,"Notification: <*> (n.leader), <*> (n.zxid), <*> (n.round), FOLLOWING (n.state), <*> (n.sid), <*> (n.peerEPoch), LEADING (my state)",,Seen,Zookeeper,Similarity-Based,0.466666667,0.866218861,0.666442764
"Notification: 2 (n.leader), 0xa0000009a (n.zxid), 0x1 (n.round), FOLLOWING (n.state), 1 (n.sid), 0xa (n.peerEPoch), LEADING (my state)",E33,"Notification: <*> (n.leader), <*> (n.zxid), <*> (n.round), FOLLOWING (n.state), <*> (n.sid), <*> (n.peerEPoch), LEADING (my state)",,Seen,Zookeeper,Similarity-Based,0.466666667,0.866218861,0.666442764
"Notification: 2 (n.leader), 0xa0000009a (n.zxid), 0x1 (n.round), FOLLOWING (n.state), 1 (n.sid), 0xa (n.peerEPoch), LEADING (my state)",E33,"Notification: <*> (n.leader), <*> (n.zxid), <*> (n.round), FOLLOWING (n.state), <*> (n.sid), <*> (n.peerEPoch), LEADING (my state)",,Seen,Zookeeper,Similarity-Based,0.466666667,0.866218861,0.666442764
"Notification: 3 (n.leader), 0x700000197 (n.zxid), 0x1 (n.round), LEADING (n.state), 3 (n.sid), 0x7 (n.peerEPoch), LOOKING (my state)",E34,"Notification: <*> (n.leader), <*> (n.zxid), <*> (n.round), <*> (n.state), <*> (n.sid), <*> (n.peerEPoch), <*> (my state)",,Unseen,Zookeeper,Similarity-Based,0.466666667,0.865714508,0.666190588
"Notification: 3 (n.leader), 0x700000197 (n.zxid), 0x1 (n.round), LEADING (n.state), 3 (n.sid), 0x7 (n.peerEPoch), LOOKING (my state)",E34,"Notification: <*> (n.leader), <*> (n.zxid), <*> (n.round), <*> (n.state), <*> (n.sid), <*> (n.peerEPoch), <*> (my state)",,Unseen,Zookeeper,Similarity-Based,0.466666667,0.865714508,0.666190588
"Notification: 3 (n.leader), 0x700000197 (n.zxid), 0x1 (n.round), LEADING (n.state), 3 (n.sid), 0x7 (n.peerEPoch), LOOKING (my state)",E34,"Notification: <*> (n.leader), <*> (n.zxid), <*> (n.round), <*> (n.state), <*> (n.sid), <*> (n.peerEPoch), <*> (my state)",,Unseen,Zookeeper,Similarity-Based,0.466666667,0.865714508,0.666190588
"Notification: 3 (n.leader), 0x700000197 (n.zxid), 0x1 (n.round), LEADING (n.state), 3 (n.sid), 0x7 (n.peerEPoch), LOOKING (my state)",E34,"Notification: <*> (n.leader), <*> (n.zxid), <*> (n.round), <*> (n.state), <*> (n.sid), <*> (n.peerEPoch), <*> (my state)",,Unseen,Zookeeper,Similarity-Based,0.466666667,0.865714508,0.666190588
"Notification: 3 (n.leader), 0x700000197 (n.zxid), 0x1 (n.round), LEADING (n.state), 3 (n.sid), 0x7 (n.peerEPoch), LOOKING (my state)",E34,"Notification: <*> (n.leader), <*> (n.zxid), <*> (n.round), <*> (n.state), <*> (n.sid), <*> (n.peerEPoch), <*> (my state)",,Unseen,Zookeeper,Similarity-Based,0.466666667,0.865714508,0.666190588
"Notification: 3 (n.leader), 0x700000197 (n.zxid), 0x1 (n.round), LEADING (n.state), 3 (n.sid), 0x7 (n.peerEPoch), LOOKING (my state)",E34,"Notification: <*> (n.leader), <*> (n.zxid), <*> (n.round), <*> (n.state), <*> (n.sid), <*> (n.peerEPoch), <*> (my state)",,Unseen,Zookeeper,Similarity-Based,0.466666667,0.865714508,0.666190588
"Notification: 3 (n.leader), 0x700000197 (n.zxid), 0x1 (n.round), LEADING (n.state), 3 (n.sid), 0x7 (n.peerEPoch), LOOKING (my state)",E34,"Notification: <*> (n.leader), <*> (n.zxid), <*> (n.round), <*> (n.state), <*> (n.sid), <*> (n.peerEPoch), <*> (my state)",,Unseen,Zookeeper,Similarity-Based,0.466666667,0.865714508,0.666190588
"Notification: 3 (n.leader), 0x700000197 (n.zxid), 0x1 (n.round), LEADING (n.state), 3 (n.sid), 0x7 (n.peerEPoch), LOOKING (my state)",E34,"Notification: <*> (n.leader), <*> (n.zxid), <*> (n.round), <*> (n.state), <*> (n.sid), <*> (n.peerEPoch), <*> (my state)",,Unseen,Zookeeper,Similarity-Based,0.466666667,0.865714508,0.666190588
"Notification: 3 (n.leader), 0x700000197 (n.zxid), 0x1 (n.round), LEADING (n.state), 3 (n.sid), 0x7 (n.peerEPoch), LOOKING (my state)",E34,"Notification: <*> (n.leader), <*> (n.zxid), <*> (n.round), <*> (n.state), <*> (n.sid), <*> (n.peerEPoch), <*> (my state)",,Unseen,Zookeeper,Similarity-Based,0.466666667,0.865714508,0.666190588
"Notification: 3 (n.leader), 0x700000197 (n.zxid), 0x1 (n.round), LEADING (n.state), 3 (n.sid), 0x7 (n.peerEPoch), LOOKING (my state)",E34,"Notification: <*> (n.leader), <*> (n.zxid), <*> (n.round), <*> (n.state), <*> (n.sid), <*> (n.peerEPoch), <*> (my state)",,Unseen,Zookeeper,Similarity-Based,0.466666667,0.865714508,0.666190588
"Notification: 3 (n.leader), 0xb0000007b (n.zxid), 0x2 (n.round), LOOKING (n.state), 3 (n.sid), 0xb (n.peerEPoch), FOLLOWING (my state)",E35,"Notification: <*> (n.leader), <*> (n.zxid), <*> (n.round), LOOKING (n.state), <*> (n.sid), <*> (n.peerEPoch), FOLLOWING (my state)",,Unseen,Zookeeper,Similarity-Based,0.466666667,0.866862588,0.666764627
"Notification: 3 (n.leader), 0xb0000007b (n.zxid), 0x2 (n.round), LOOKING (n.state), 3 (n.sid), 0xb (n.peerEPoch), FOLLOWING (my state)",E35,"Notification: <*> (n.leader), <*> (n.zxid), <*> (n.round), LOOKING (n.state), <*> (n.sid), <*> (n.peerEPoch), FOLLOWING (my state)",,Unseen,Zookeeper,Similarity-Based,0.466666667,0.866862588,0.666764627
"Notification: 3 (n.leader), 0xb0000007b (n.zxid), 0x2 (n.round), LOOKING (n.state), 3 (n.sid), 0xb (n.peerEPoch), FOLLOWING (my state)",E35,"Notification: <*> (n.leader), <*> (n.zxid), <*> (n.round), LOOKING (n.state), <*> (n.sid), <*> (n.peerEPoch), FOLLOWING (my state)",,Unseen,Zookeeper,Similarity-Based,0.466666667,0.866862588,0.666764627
"Notification: 3 (n.leader), 0xb0000007b (n.zxid), 0x2 (n.round), LOOKING (n.state), 3 (n.sid), 0xb (n.peerEPoch), FOLLOWING (my state)",E35,"Notification: <*> (n.leader), <*> (n.zxid), <*> (n.round), LOOKING (n.state), <*> (n.sid), <*> (n.peerEPoch), FOLLOWING (my state)",,Unseen,Zookeeper,Similarity-Based,0.466666667,0.866862588,0.666764627
"Notification: 3 (n.leader), 0xb0000007b (n.zxid), 0x2 (n.round), LOOKING (n.state), 3 (n.sid), 0xb (n.peerEPoch), FOLLOWING (my state)",E35,"Notification: <*> (n.leader), <*> (n.zxid), <*> (n.round), LOOKING (n.state), <*> (n.sid), <*> (n.peerEPoch), FOLLOWING (my state)",,Unseen,Zookeeper,Similarity-Based,0.466666667,0.866862588,0.666764627
"Notification: 3 (n.leader), 0xb0000007b (n.zxid), 0x2 (n.round), LOOKING (n.state), 3 (n.sid), 0xb (n.peerEPoch), FOLLOWING (my state)",E35,"Notification: <*> (n.leader), <*> (n.zxid), <*> (n.round), LOOKING (n.state), <*> (n.sid), <*> (n.peerEPoch), FOLLOWING (my state)",,Unseen,Zookeeper,Similarity-Based,0.466666667,0.866862588,0.666764627
"Notification: 3 (n.leader), 0xb0000007b (n.zxid), 0x2 (n.round), LOOKING (n.state), 3 (n.sid), 0xb (n.peerEPoch), FOLLOWING (my state)",E35,"Notification: <*> (n.leader), <*> (n.zxid), <*> (n.round), LOOKING (n.state), <*> (n.sid), <*> (n.peerEPoch), FOLLOWING (my state)",,Unseen,Zookeeper,Similarity-Based,0.466666667,0.866862588,0.666764627
"Notification: 3 (n.leader), 0xb0000007b (n.zxid), 0x2 (n.round), LOOKING (n.state), 3 (n.sid), 0xb (n.peerEPoch), FOLLOWING (my state)",E35,"Notification: <*> (n.leader), <*> (n.zxid), <*> (n.round), LOOKING (n.state), <*> (n.sid), <*> (n.peerEPoch), FOLLOWING (my state)",,Unseen,Zookeeper,Similarity-Based,0.466666667,0.866862588,0.666764627
"Notification: 3 (n.leader), 0xb0000007b (n.zxid), 0x2 (n.round), LOOKING (n.state), 3 (n.sid), 0xb (n.peerEPoch), FOLLOWING (my state)",E35,"Notification: <*> (n.leader), <*> (n.zxid), <*> (n.round), LOOKING (n.state), <*> (n.sid), <*> (n.peerEPoch), FOLLOWING (my state)",,Unseen,Zookeeper,Similarity-Based,0.466666667,0.866862588,0.666764627
"Notification: 3 (n.leader), 0xb0000007b (n.zxid), 0x2 (n.round), LOOKING (n.state), 3 (n.sid), 0xb (n.peerEPoch), FOLLOWING (my state)",E35,"Notification: <*> (n.leader), <*> (n.zxid), <*> (n.round), LOOKING (n.state), <*> (n.sid), <*> (n.peerEPoch), FOLLOWING (my state)",,Unseen,Zookeeper,Similarity-Based,0.466666667,0.866862588,0.666764627
"Notification: 3 (n.leader), 0x10000006b (n.zxid), 0x2 (n.round), LOOKING (n.state), 3 (n.sid), 0x1 (n.peerEPoch), LEADING (my state)",E36,"Notification: <*> (n.leader), <*> (n.zxid), <*> (n.round), LOOKING (n.state), <*> (n.sid), <*> (n.peerEPoch), LEADING (my state)",,Unseen,Zookeeper,Similarity-Based,0.466666667,0.862981254,0.66482396
"Notification: 1 (n.leader), 0xb0000007b (n.zxid), 0x2 (n.round), LOOKING (n.state), 1 (n.sid), 0xb (n.peerEPoch), LEADING (my state)",E36,"Notification: <*> (n.leader), <*> (n.zxid), <*> (n.round), LOOKING (n.state), <*> (n.sid), <*> (n.peerEPoch), LEADING (my state)",,Unseen,Zookeeper,Similarity-Based,0.466666667,0.866564603,0.666615635
"Notification: 1 (n.leader), 0xb0000007b (n.zxid), 0x2 (n.round), LOOKING (n.state), 1 (n.sid), 0xb (n.peerEPoch), LEADING (my state)",E36,"Notification: <*> (n.leader), <*> (n.zxid), <*> (n.round), LOOKING (n.state), <*> (n.sid), <*> (n.peerEPoch), LEADING (my state)",,Unseen,Zookeeper,Similarity-Based,0.466666667,0.866564603,0.666615635
"Notification: 1 (n.leader), 0xb0000007b (n.zxid), 0x2 (n.round), LOOKING (n.state), 1 (n.sid), 0xb (n.peerEPoch), LEADING (my state)",E36,"Notification: <*> (n.leader), <*> (n.zxid), <*> (n.round), LOOKING (n.state), <*> (n.sid), <*> (n.peerEPoch), LEADING (my state)",,Unseen,Zookeeper,Similarity-Based,0.466666667,0.866564603,0.666615635
"Notification: 1 (n.leader), 0xb0000007b (n.zxid), 0x2 (n.round), LOOKING (n.state), 1 (n.sid), 0xb (n.peerEPoch), LEADING (my state)",E36,"Notification: <*> (n.leader), <*> (n.zxid), <*> (n.round), LOOKING (n.state), <*> (n.sid), <*> (n.peerEPoch), LEADING (my state)",,Unseen,Zookeeper,Similarity-Based,0.466666667,0.866564603,0.666615635
"Notification: 1 (n.leader), 0xb0000007b (n.zxid), 0x2 (n.round), LOOKING (n.state), 1 (n.sid), 0xb (n.peerEPoch), LEADING (my state)",E36,"Notification: <*> (n.leader), <*> (n.zxid), <*> (n.round), LOOKING (n.state), <*> (n.sid), <*> (n.peerEPoch), LEADING (my state)",,Unseen,Zookeeper,Similarity-Based,0.466666667,0.866564603,0.666615635
"Notification: 1 (n.leader), 0xb0000007b (n.zxid), 0x2 (n.round), LOOKING (n.state), 1 (n.sid), 0xb (n.peerEPoch), LEADING (my state)",E36,"Notification: <*> (n.leader), <*> (n.zxid), <*> (n.round), LOOKING (n.state), <*> (n.sid), <*> (n.peerEPoch), LEADING (my state)",,Unseen,Zookeeper,Similarity-Based,0.466666667,0.866564603,0.666615635
"Notification: 1 (n.leader), 0xb0000007b (n.zxid), 0x2 (n.round), LOOKING (n.state), 1 (n.sid), 0xb (n.peerEPoch), LEADING (my state)",E36,"Notification: <*> (n.leader), <*> (n.zxid), <*> (n.round), LOOKING (n.state), <*> (n.sid), <*> (n.peerEPoch), LEADING (my state)",,Unseen,Zookeeper,Similarity-Based,0.466666667,0.866564603,0.666615635
"Notification: 1 (n.leader), 0xb0000007b (n.zxid), 0x2 (n.round), LOOKING (n.state), 1 (n.sid), 0xb (n.peerEPoch), LEADING (my state)",E36,"Notification: <*> (n.leader), <*> (n.zxid), <*> (n.round), LOOKING (n.state), <*> (n.sid), <*> (n.peerEPoch), LEADING (my state)",,Unseen,Zookeeper,Similarity-Based,0.466666667,0.866564603,0.666615635
"Notification: 1 (n.leader), 0xb0000007b (n.zxid), 0x2 (n.round), LOOKING (n.state), 1 (n.sid), 0xb (n.peerEPoch), LEADING (my state)",E36,"Notification: <*> (n.leader), <*> (n.zxid), <*> (n.round), LOOKING (n.state), <*> (n.sid), <*> (n.peerEPoch), LEADING (my state)",,Unseen,Zookeeper,Similarity-Based,0.466666667,0.866564603,0.666615635
"Notification: 2 (n.leader), 0xb00000084 (n.zxid), 0x2 (n.round), LOOKING (n.state), 1 (n.sid), 0xb (n.peerEPoch), LOOKING (my state)",E37,"Notification: <*> (n.leader), <*> (n.zxid), <*> (n.round), LOOKING (n.state), <*> (n.sid), <*> (n.peerEPoch), LOOKING (my state)",,Seen,Zookeeper,Similarity-Based,0.466666667,0.86439755,0.665532109
"Notification: 3 (n.leader), 0x0 (n.zxid), 0x1 (n.round), LOOKING (n.state), 3 (n.sid), 0x0 (n.peerEPoch), LOOKING (my state)",E37,"Notification: <*> (n.leader), <*> (n.zxid), <*> (n.round), LOOKING (n.state), <*> (n.sid), <*> (n.peerEPoch), LOOKING (my state)",,Seen,Zookeeper,Similarity-Based,0.466666667,0.856039143,0.661352905
"Notification: 3 (n.leader), 0x0 (n.zxid), 0x1 (n.round), LOOKING (n.state), 3 (n.sid), 0x0 (n.peerEPoch), LOOKING (my state)",E37,"Notification: <*> (n.leader), <*> (n.zxid), <*> (n.round), LOOKING (n.state), <*> (n.sid), <*> (n.peerEPoch), LOOKING (my state)",,Seen,Zookeeper,Similarity-Based,0.466666667,0.856039143,0.661352905
"Notification: 3 (n.leader), 0x10000006b (n.zxid), 0x2 (n.round), LOOKING (n.state), 3 (n.sid), 0x1 (n.peerEPoch), LOOKING (my state)",E37,"Notification: <*> (n.leader), <*> (n.zxid), <*> (n.round), LOOKING (n.state), <*> (n.sid), <*> (n.peerEPoch), LOOKING (my state)",,Seen,Zookeeper,Similarity-Based,0.466666667,0.859363667,0.663015167
"Notification: 3 (n.leader), 0x700000197 (n.zxid), 0x1 (n.round), LOOKING (n.state), 3 (n.sid), 0x7 (n.peerEPoch), LOOKING (my state)",E37,"Notification: <*> (n.leader), <*> (n.zxid), <*> (n.round), LOOKING (n.state), <*> (n.sid), <*> (n.peerEPoch), LOOKING (my state)",,Seen,Zookeeper,Similarity-Based,0.466666667,0.86436505,0.665515859
"Notification: 3 (n.leader), 0x700000197 (n.zxid), 0x1 (n.round), LOOKING (n.state), 3 (n.sid), 0x7 (n.peerEPoch), LOOKING (my state)",E37,"Notification: <*> (n.leader), <*> (n.zxid), <*> (n.round), LOOKING (n.state), <*> (n.sid), <*> (n.peerEPoch), LOOKING (my state)",,Seen,Zookeeper,Similarity-Based,0.466666667,0.86436505,0.665515859
"Notification: 3 (n.leader), 0x700000197 (n.zxid), 0x1 (n.round), LOOKING (n.state), 3 (n.sid), 0x7 (n.peerEPoch), LOOKING (my state)",E37,"Notification: <*> (n.leader), <*> (n.zxid), <*> (n.round), LOOKING (n.state), <*> (n.sid), <*> (n.peerEPoch), LOOKING (my state)",,Seen,Zookeeper,Similarity-Based,0.466666667,0.86436505,0.665515859
"Notification: 3 (n.leader), 0x700000197 (n.zxid), 0x1 (n.round), LOOKING (n.state), 3 (n.sid), 0x7 (n.peerEPoch), LOOKING (my state)",E37,"Notification: <*> (n.leader), <*> (n.zxid), <*> (n.round), LOOKING (n.state), <*> (n.sid), <*> (n.peerEPoch), LOOKING (my state)",,Seen,Zookeeper,Similarity-Based,0.466666667,0.86436505,0.665515859
"Notification: 3 (n.leader), 0x700000197 (n.zxid), 0x1 (n.round), LOOKING (n.state), 3 (n.sid), 0x7 (n.peerEPoch), LOOKING (my state)",E37,"Notification: <*> (n.leader), <*> (n.zxid), <*> (n.round), LOOKING (n.state), <*> (n.sid), <*> (n.peerEPoch), LOOKING (my state)",,Seen,Zookeeper,Similarity-Based,0.466666667,0.86436505,0.665515859
"Notification: 3 (n.leader), 0x700000197 (n.zxid), 0x1 (n.round), LOOKING (n.state), 3 (n.sid), 0x7 (n.peerEPoch), LOOKING (my state)",E37,"Notification: <*> (n.leader), <*> (n.zxid), <*> (n.round), LOOKING (n.state), <*> (n.sid), <*> (n.peerEPoch), LOOKING (my state)",,Seen,Zookeeper,Similarity-Based,0.466666667,0.86436505,0.665515859
Processed session termination for sessionid: 0x14ede63a5a70002,E38,Processed session termination for sessionid: <*>,,Seen,Zookeeper,Similarity-Based,0.45,0.803720634,0.626860317
Processed session termination for sessionid: 0x34ede65503f0010,E38,Processed session termination for sessionid: <*>,,Seen,Zookeeper,Similarity-Based,0.45,0.813757182,0.631878591
Processed session termination for sessionid: 0x14ede63a5a70023,E38,Processed session termination for sessionid: <*>,,Seen,Zookeeper,Similarity-Based,0.45,0.805941768,0.627970884
Processed session termination for sessionid: 0x34ede65503f002b,E38,Processed session termination for sessionid: <*>,,Seen,Zookeeper,Similarity-Based,0.45,0.817574475,0.633787238
Processed session termination for sessionid: 0x24ede63a01b003b,E38,Processed session termination for sessionid: <*>,,Seen,Zookeeper,Similarity-Based,0.45,0.813637581,0.631818791
Processed session termination for sessionid: 0x34ede65503f0039,E38,Processed session termination for sessionid: <*>,,Seen,Zookeeper,Similarity-Based,0.45,0.8169805,0.63349025
Processed session termination for sessionid: 0x14ede63a5a7003a,E38,Processed session termination for sessionid: <*>,,Seen,Zookeeper,Similarity-Based,0.45,0.803667497,0.626833749
Processed session termination for sessionid: 0x14ed93111f20005,E38,Processed session termination for sessionid: <*>,,Seen,Zookeeper,Similarity-Based,0.45,0.805227676,0.627613838
Processed session termination for sessionid: 0x24ed93119420008,E38,Processed session termination for sessionid: <*>,,Seen,Zookeeper,Similarity-Based,0.45,0.800293516,0.625146758
Processed session termination for sessionid: 0x14ed93111f20000,E38,Processed session termination for sessionid: <*>,,Seen,Zookeeper,Similarity-Based,0.45,0.796252245,0.623126123
Reading snapshot /var/lib/zookeeper/version-2/snapshot.b00000084,E39,Reading snapshot <*>,,Unseen,Zookeeper,Rule-Based,0.5,0,0.25
Reading snapshot /var/lib/zookeeper/version-2/snapshot.b00000084,E39,Reading snapshot <*>,,Unseen,Zookeeper,Rule-Based,0.5,0,0.25
Reading snapshot /var/lib/zookeeper/version-2/snapshot.b00000084,E39,Reading snapshot <*>,,Unseen,Zookeeper,Rule-Based,0.5,0,0.25
Reading snapshot /var/lib/zookeeper/version-2/snapshot.b00000084,E39,Reading snapshot <*>,,Unseen,Zookeeper,Rule-Based,0.5,0,0.25
Reading snapshot /var/lib/zookeeper/version-2/snapshot.b00000084,E39,Reading snapshot <*>,,Unseen,Zookeeper,Rule-Based,0.5,0,0.25
Reading snapshot /var/lib/zookeeper/version-2/snapshot.b00000084,E39,Reading snapshot <*>,,Unseen,Zookeeper,Rule-Based,0.5,0,0.25
Reading snapshot /var/lib/zookeeper/version-2/snapshot.b00000084,E39,Reading snapshot <*>,,Unseen,Zookeeper,Rule-Based,0.5,0,0.25
Reading snapshot /var/lib/zookeeper/version-2/snapshot.b00000084,E39,Reading snapshot <*>,,Unseen,Zookeeper,Rule-Based,0.5,0,0.25
Reading snapshot /var/lib/zookeeper/version-2/snapshot.b00000084,E39,Reading snapshot <*>,,Unseen,Zookeeper,Rule-Based,0.5,0,0.25
Reading snapshot /var/lib/zookeeper/version-2/snapshot.b00000084,E39,Reading snapshot <*>,,Unseen,Zookeeper,Rule-Based,0.5,0,0.25
autopurge.snapRetainCount set to 3,E4,autopurge.snapRetainCount set to <*>,,Unseen,Zookeeper,Rule-Based,0.4,0,0.2
autopurge.snapRetainCount set to 3,E4,autopurge.snapRetainCount set to <*>,,Unseen,Zookeeper,Rule-Based,0.4,0,0.2
autopurge.snapRetainCount set to 3,E4,autopurge.snapRetainCount set to <*>,,Unseen,Zookeeper,Rule-Based,0.4,0,0.2
autopurge.snapRetainCount set to 3,E4,autopurge.snapRetainCount set to <*>,,Unseen,Zookeeper,Rule-Based,0.4,0,0.2
autopurge.snapRetainCount set to 3,E4,autopurge.snapRetainCount set to <*>,,Unseen,Zookeeper,Rule-Based,0.4,0,0.2
autopurge.snapRetainCount set to 3,E4,autopurge.snapRetainCount set to <*>,,Unseen,Zookeeper,Rule-Based,0.4,0,0.2
autopurge.snapRetainCount set to 3,E4,autopurge.snapRetainCount set to <*>,,Unseen,Zookeeper,Rule-Based,0.4,0,0.2
autopurge.snapRetainCount set to 3,E4,autopurge.snapRetainCount set to <*>,,Unseen,Zookeeper,Rule-Based,0.4,0,0.2
autopurge.snapRetainCount set to 3,E4,autopurge.snapRetainCount set to <*>,,Unseen,Zookeeper,Rule-Based,0.4,0,0.2
autopurge.snapRetainCount set to 3,E4,autopurge.snapRetainCount set to <*>,,Unseen,Zookeeper,Rule-Based,0.4,0,0.2
Received connection request /10.10.34.11:45307,E40,Received connection request from <*>:<*>,,Unseen,Zookeeper,Rule-Based,0.6,0,0.3
Received connection request /10.10.34.13:57707,E40,Received connection request from <*>:<*>,,Unseen,Zookeeper,Rule-Based,0.6,0,0.3
Received connection request /10.10.34.11:45382,E40,Received connection request from <*>:<*>,,Unseen,Zookeeper,Rule-Based,0.6,0,0.3
Received connection request /10.10.34.11:45440,E40,Received connection request from <*>:<*>,,Unseen,Zookeeper,Rule-Based,0.6,0,0.3
Received connection request /10.10.34.13:57895,E40,Received connection request from <*>:<*>,,Unseen,Zookeeper,Rule-Based,0.6,0,0.3
Received connection request /10.10.34.12:47727,E40,Received connection request from <*>:<*>,,Unseen,Zookeeper,Rule-Based,0.6,0,0.3
Received connection request /10.10.34.13:58035,E40,Received connection request from <*>:<*>,,Unseen,Zookeeper,Rule-Based,0.6,0,0.3
Received connection request /10.10.34.12:47838,E40,Received connection request from <*>:<*>,,Unseen,Zookeeper,Rule-Based,0.6,0,0.3
Received connection request /10.10.34.13:58116,E40,Received connection request from <*>:<*>,,Unseen,Zookeeper,Rule-Based,0.6,0,0.3
Received connection request /10.10.34.11:45957,E40,Received connection request from <*>:<*>,,Unseen,Zookeeper,Rule-Based,0.6,0,0.3
Revalidating client: 0x14f05578bd80018,E41,revalidating client: <*>,,Unseen,Zookeeper,Rule-Based,0.45,0,0.225
Revalidating client: 0x14f05578bd80013,E41,revalidating client: <*>,,Unseen,Zookeeper,Rule-Based,0.45,0,0.225
Revalidating client: 0x24f0557806a001c,E41,revalidating client: <*>,,Unseen,Zookeeper,Rule-Based,0.45,0,0.225
Revalidating client: 0x24f0557806a001c,E41,revalidating client: <*>,,Unseen,Zookeeper,Rule-Based,0.45,0,0.225
Revalidating client: 0x24f0557806a001c,E41,revalidating client: <*>,,Unseen,Zookeeper,Rule-Based,0.45,0,0.225
Revalidating client: 0x24f0557806a001c,E41,revalidating client: <*>,,Unseen,Zookeeper,Rule-Based,0.45,0,0.225
Revalidating client: 0x24f0557806a001c,E41,revalidating client: <*>,,Unseen,Zookeeper,Rule-Based,0.45,0,0.225
Revalidating client: 0x24f0557806a001c,E41,revalidating client: <*>,,Unseen,Zookeeper,Rule-Based,0.45,0,0.225
Revalidating client: 0x24f0557806a001c,E41,revalidating client: <*>,,Unseen,Zookeeper,Rule-Based,0.45,0,0.225
Revalidating client: 0x24f0557806a001c,E41,revalidating client: <*>,,Unseen,Zookeeper,Rule-Based,0.45,0,0.225
Send worker leaving thread,E42,Send worker leaving thread,,Unseen,Zookeeper,Rule-Based,0.3,0,0.15
Send worker leaving thread,E42,Send worker leaving thread,,Unseen,Zookeeper,Rule-Based,0.3,0,0.15
Send worker leaving thread,E42,Send worker leaving thread,,Unseen,Zookeeper,Rule-Based,0.3,0,0.15
Send worker leaving thread,E42,Send worker leaving thread,,Unseen,Zookeeper,Rule-Based,0.3,0,0.15
Send worker leaving thread,E42,Send worker leaving thread,,Unseen,Zookeeper,Rule-Based,0.3,0,0.15
Send worker leaving thread,E42,Send worker leaving thread,,Unseen,Zookeeper,Rule-Based,0.3,0,0.15
Send worker leaving thread,E42,Send worker leaving thread,,Unseen,Zookeeper,Rule-Based,0.3,0,0.15
Send worker leaving thread,E42,Send worker leaving thread,,Unseen,Zookeeper,Rule-Based,0.3,0,0.15
Send worker leaving thread,E42,Send worker leaving thread,,Unseen,Zookeeper,Rule-Based,0.3,0,0.15
Send worker leaving thread,E42,Send worker leaving thread,,Unseen,Zookeeper,Rule-Based,0.3,0,0.15
Sending DIFF,E43,Sending DIFF,,Unseen,Zookeeper,Rule-Based,0.3,0,0.15
Sending DIFF,E43,Sending DIFF,,Unseen,Zookeeper,Rule-Based,0.3,0,0.15
Sending DIFF,E43,Sending DIFF,,Unseen,Zookeeper,Rule-Based,0.3,0,0.15
Sending DIFF,E43,Sending DIFF,,Unseen,Zookeeper,Rule-Based,0.3,0,0.15
Sending DIFF,E43,Sending DIFF,,Unseen,Zookeeper,Rule-Based,0.3,0,0.15
Sending DIFF,E43,Sending DIFF,,Unseen,Zookeeper,Rule-Based,0.3,0,0.15
Sending DIFF,E43,Sending DIFF,,Unseen,Zookeeper,Rule-Based,0.3,0,0.15
Sending DIFF,E43,Sending DIFF,,Unseen,Zookeeper,Rule-Based,0.3,0,0.15
Sending DIFF,E43,Sending DIFF,,Unseen,Zookeeper,Rule-Based,0.3,0,0.15
Sending DIFF,E43,Sending DIFF,,Unseen,Zookeeper,Rule-Based,0.3,0,0.15
Server environment:user.dir=/,E44,user.dir=<*>,,Unseen,Zookeeper,Rule-Based,0.3,0,0.15
Server environment:host.name=mesos-master-1,E44,Server environment:host.name=<*>,,Unseen,Zookeeper,Rule-Based,0.4,0,0.2
Server environment:java.vendor=Oracle Corporation,E44,Server environment:java.vendor=<*>,,Unseen,Zookeeper,Rule-Based,0.3,0,0.15
"Server environment:zookeeper.version=3.4.5--1, built on 06/10/2013 17:26 GMT",E44,"Server environment:zookeeper.version=<*>, built on <*> <*>",,Unseen,Zookeeper,Rule-Based,0.5,0,0.25
Server environment:user.name=zookeeper,E44,user.name=<*>,,Unseen,Zookeeper,Rule-Based,0.3,0,0.15
Server environment:os.name=Linux,E44,Server environment:os.name=<*>,,Unseen,Zookeeper,Rule-Based,0.3,0,0.15
Server environment:java.vendor=Oracle Corporation,E44,Server environment:java.vendor=<*>,,Unseen,Zookeeper,Rule-Based,0.3,0,0.15
Server environment:java.class.path=/etc/zookeeper/conf:/usr/share/java/jline.jar:/usr/share/java/log4j-1.2.jar:/usr/share/java/xercesImpl.jar:/usr/share/java/xmlParserAPIs.jar:/usr/share/java/netty.jar:/usr/share/java/slf4j-api.jar:/usr/share/java/slf4j-log4j12.jar:/usr/share/java/zookeeper.jar,E44,Server environment:java.class.path=<*>,,Unseen,Zookeeper,Rule-Based,0.5,0,0.25
Server environment:os.name=Linux,E44,Server environment:os.name=<*>,,Unseen,Zookeeper,Rule-Based,0.3,0,0.15
Server environment:user.name=zookeeper,E44,user.name=<*>,,Unseen,Zookeeper,Rule-Based,0.3,0,0.15
shutdown of request processor complete,E45,shutdown of request processor complete,,Unseen,Zookeeper,Rule-Based,0.3,0,0.15
shutdown of request processor complete,E45,shutdown of request processor complete,,Unseen,Zookeeper,Rule-Based,0.3,0,0.15
shutdown of request processor complete,E45,shutdown of request processor complete,,Unseen,Zookeeper,Rule-Based,0.3,0,0.15
shutdown of request processor complete,E45,shutdown of request processor complete,,Unseen,Zookeeper,Rule-Based,0.3,0,0.15
shutdown of request processor complete,E45,shutdown of request processor complete,,Unseen,Zookeeper,Rule-Based,0.3,0,0.15
shutdown of request processor complete,E45,shutdown of request processor complete,,Unseen,Zookeeper,Rule-Based,0.3,0,0.15
shutdown of request processor complete,E45,shutdown of request processor complete,,Unseen,Zookeeper,Rule-Based,0.3,0,0.15
shutdown of request processor complete,E45,shutdown of request processor complete,,Unseen,Zookeeper,Rule-Based,0.3,0,0.15
shutdown of request processor complete,E45,shutdown of request processor complete,,Unseen,Zookeeper,Rule-Based,0.3,0,0.15
shutdown of request processor complete,E45,shutdown of request processor complete,,Unseen,Zookeeper,Rule-Based,0.3,0,0.15
Snapshotting: 0x300000dcd to /var/lib/zookeeper/version-2/snapshot.300000dcd,E46,Snapshotting: <*> to <*>,,Unseen,Zookeeper,Rule-Based,0.533333333,0,0.266666667
Snapshotting: 0x50000062e to /var/lib/zookeeper/version-2/snapshot.50000062e,E46,Snapshotting: <*> to <*>,,Unseen,Zookeeper,Rule-Based,0.533333333,0,0.266666667
Snapshotting: 0x50000062e to /var/lib/zookeeper/version-2/snapshot.50000062e,E46,Snapshotting: <*> to <*>,,Unseen,Zookeeper,Rule-Based,0.533333333,0,0.266666667
Snapshotting: 0x50000062e to /var/lib/zookeeper/version-2/snapshot.50000062e,E46,Snapshotting: <*> to <*>,,Unseen,Zookeeper,Rule-Based,0.533333333,0,0.266666667
Snapshotting: 0x50000062e to /var/lib/zookeeper/version-2/snapshot.50000062e,E46,Snapshotting: <*> to <*>,,Unseen,Zookeeper,Rule-Based,0.533333333,0,0.266666667
Snapshotting: 0x50000062e to /var/lib/zookeeper/version-2/snapshot.50000062e,E46,Snapshotting: <*> to <*>,,Unseen,Zookeeper,Rule-Based,0.533333333,0,0.266666667
Snapshotting: 0x50000062e to /var/lib/zookeeper/version-2/snapshot.50000062e,E46,Snapshotting: <*> to <*>,,Unseen,Zookeeper,Rule-Based,0.533333333,0,0.266666667
Snapshotting: 0x50000062e to /var/lib/zookeeper/version-2/snapshot.50000062e,E46,Snapshotting: <*> to <*>,,Unseen,Zookeeper,Rule-Based,0.533333333,0,0.266666667
Snapshotting: 0x50000062e to /var/lib/zookeeper/version-2/snapshot.50000062e,E46,Snapshotting: <*> to <*>,,Unseen,Zookeeper,Rule-Based,0.533333333,0,0.266666667
Snapshotting: 0x50000062e to /var/lib/zookeeper/version-2/snapshot.50000062e,E46,Snapshotting: <*> to <*>,,Unseen,Zookeeper,Rule-Based,0.533333333,0,0.266666667
Starting quorum peer,E47,Start quorum peer,,Unseen,Zookeeper,Rule-Based,0.3,0,0.15
Starting quorum peer,E47,Start quorum peer,,Unseen,Zookeeper,Rule-Based,0.3,0,0.15
Starting quorum peer,E47,Start quorum peer,,Unseen,Zookeeper,Rule-Based,0.3,0,0.15
Starting quorum peer,E47,Start quorum peer,,Unseen,Zookeeper,Rule-Based,0.3,0,0.15
Starting quorum peer,E47,Start quorum peer,,Unseen,Zookeeper,Rule-Based,0.3,0,0.15
Starting quorum peer,E47,Start quorum peer,,Unseen,Zookeeper,Rule-Based,0.3,0,0.15
Starting quorum peer,E47,Start quorum peer,,Unseen,Zookeeper,Rule-Based,0.3,0,0.15
Starting quorum peer,E47,Start quorum peer,,Unseen,Zookeeper,Rule-Based,0.3,0,0.15
Starting quorum peer,E47,Start quorum peer,,Unseen,Zookeeper,Rule-Based,0.3,0,0.15
Starting quorum peer,E47,Start quorum peer,,Unseen,Zookeeper,Rule-Based,0.3,0,0.15
tickTime set to 2000,E48,tickTime set to <*>,,Unseen,Zookeeper,Rule-Based,0.4,0,0.2
tickTime set to 2000,E48,tickTime set to <*>,,Unseen,Zookeeper,Rule-Based,0.4,0,0.2
tickTime set to 2000,E48,tickTime set to <*>,,Unseen,Zookeeper,Rule-Based,0.4,0,0.2
tickTime set to 2000,E48,tickTime set to <*>,,Unseen,Zookeeper,Rule-Based,0.4,0,0.2
tickTime set to 2000,E48,tickTime set to <*>,,Unseen,Zookeeper,Rule-Based,0.4,0,0.2
tickTime set to 2000,E48,tickTime set to <*>,,Unseen,Zookeeper,Rule-Based,0.4,0,0.2
tickTime set to 2000,E48,tickTime set to <*>,,Unseen,Zookeeper,Rule-Based,0.4,0,0.2
tickTime set to 2000,E48,tickTime set to <*>,,Unseen,Zookeeper,Rule-Based,0.4,0,0.2
tickTime set to 2000,E48,tickTime set to <*>,,Unseen,Zookeeper,Rule-Based,0.4,0,0.2
tickTime set to 2000,E48,tickTime set to <*>,,Unseen,Zookeeper,Rule-Based,0.4,0,0.2
Unexpected exception causing shutdown while sock still open,E49,unexpected exception causing shutdown while sock still open,,Unseen,Zookeeper,Rule-Based,0.3,0,0.15
Unexpected exception causing shutdown while sock still open,E49,unexpected exception causing shutdown while sock still open,,Unseen,Zookeeper,Rule-Based,0.3,0,0.15
Unexpected exception causing shutdown while sock still open,E49,unexpected exception causing shutdown while sock still open,,Unseen,Zookeeper,Rule-Based,0.3,0,0.15
Unexpected exception causing shutdown while sock still open,E49,unexpected exception causing shutdown while sock still open,,Unseen,Zookeeper,Rule-Based,0.3,0,0.15
Unexpected exception causing shutdown while sock still open,E49,unexpected exception causing shutdown while sock still open,,Unseen,Zookeeper,Rule-Based,0.3,0,0.15
Unexpected exception causing shutdown while sock still open,E49,unexpected exception causing shutdown while sock still open,,Unseen,Zookeeper,Rule-Based,0.3,0,0.15
Unexpected exception causing shutdown while sock still open,E49,unexpected exception causing shutdown while sock still open,,Unseen,Zookeeper,Rule-Based,0.3,0,0.15
Unexpected exception causing shutdown while sock still open,E49,unexpected exception causing shutdown while sock still open,,Unseen,Zookeeper,Rule-Based,0.3,0,0.15
Unexpected exception causing shutdown while sock still open,E49,unexpected exception causing shutdown while sock still open,,Unseen,Zookeeper,Rule-Based,0.3,0,0.15
Unexpected exception causing shutdown while sock still open,E49,unexpected exception causing shutdown while sock still open,,Unseen,Zookeeper,Rule-Based,0.3,0,0.15
Cannot open channel to 2 at election address /10.10.34.12:3888,E5,Cannot open channel to <*> at election address <*>:<*>,,Seen,Zookeeper,Similarity-Based,0.566666667,0.788609307,0.677637987
Cannot open channel to 2 at election address /10.10.34.12:3888,E5,Cannot open channel to <*> at election address <*>:<*>,,Seen,Zookeeper,Similarity-Based,0.566666667,0.788609307,0.677637987
Cannot open channel to 3 at election address /10.10.34.13:3888,E5,Cannot open channel to <*> at election address <*>:<*>,,Seen,Zookeeper,Similarity-Based,0.566666667,0.796374347,0.681520507
Cannot open channel to 2 at election address /10.10.34.12:3888,E5,Cannot open channel to <*> at election address <*>:<*>,,Seen,Zookeeper,Similarity-Based,0.566666667,0.788609307,0.677637987
Cannot open channel to 2 at election address /10.10.34.12:3888,E5,Cannot open channel to <*> at election address <*>:<*>,,Seen,Zookeeper,Similarity-Based,0.566666667,0.788609307,0.677637987
Cannot open channel to 3 at election address /10.10.34.13:3888,E5,Cannot open channel to <*> at election address <*>:<*>,,Seen,Zookeeper,Similarity-Based,0.566666667,0.796374347,0.681520507
Cannot open channel to 3 at election address /10.10.34.13:3888,E5,Cannot open channel to <*> at election address <*>:<*>,,Seen,Zookeeper,Similarity-Based,0.566666667,0.796374347,0.681520507
Cannot open channel to 2 at election address /10.10.34.12:3888,E5,Cannot open channel to <*> at election address <*>:<*>,,Seen,Zookeeper,Similarity-Based,0.566666667,0.788609307,0.677637987
Cannot open channel to 2 at election address /10.10.34.12:3888,E5,Cannot open channel to <*> at election address <*>:<*>,,Seen,Zookeeper,Similarity-Based,0.566666667,0.788609307,0.677637987
Cannot open channel to 2 at election address /10.10.34.12:3888,E5,Cannot open channel to <*> at election address <*>:<*>,,Seen,Zookeeper,Similarity-Based,0.566666667,0.788609307,0.677637987
Unexpected Exception:,E50,Unexpected Exception:,,Unseen,Zookeeper,Rule-Based,0.3,0,0.15
Unexpected Exception:,E50,Unexpected Exception:,,Unseen,Zookeeper,Rule-Based,0.3,0,0.15
Unexpected Exception:,E50,Unexpected Exception:,,Unseen,Zookeeper,Rule-Based,0.3,0,0.15
Unexpected Exception:,E50,Unexpected Exception:,,Unseen,Zookeeper,Rule-Based,0.3,0,0.15
Unexpected Exception:,E50,Unexpected Exception:,,Unseen,Zookeeper,Rule-Based,0.3,0,0.15
Unexpected Exception:,E50,Unexpected Exception:,,Unseen,Zookeeper,Rule-Based,0.3,0,0.15
Unexpected Exception:,E50,Unexpected Exception:,,Unseen,Zookeeper,Rule-Based,0.3,0,0.15
Unexpected Exception:,E50,Unexpected Exception:,,Unseen,Zookeeper,Rule-Based,0.3,0,0.15
Unexpected Exception:,E50,Unexpected Exception:,,Unseen,Zookeeper,Rule-Based,0.3,0,0.15
Unexpected Exception:,E50,Unexpected Exception:,,Unseen,Zookeeper,Rule-Based,0.3,0,0.15
caught end of stream exception,E6,caught end of stream exception,,Unseen,Zookeeper,Rule-Based,0.3,0,0.15
caught end of stream exception,E6,caught end of stream exception,,Unseen,Zookeeper,Rule-Based,0.3,0,0.15
caught end of stream exception,E6,caught end of stream exception,,Unseen,Zookeeper,Rule-Based,0.3,0,0.15
caught end of stream exception,E6,caught end of stream exception,,Unseen,Zookeeper,Rule-Based,0.3,0,0.15
caught end of stream exception,E6,caught end of stream exception,,Unseen,Zookeeper,Rule-Based,0.3,0,0.15
caught end of stream exception,E6,caught end of stream exception,,Unseen,Zookeeper,Rule-Based,0.3,0,0.15
caught end of stream exception,E6,caught end of stream exception,,Unseen,Zookeeper,Rule-Based,0.3,0,0.15
caught end of stream exception,E6,caught end of stream exception,,Unseen,Zookeeper,Rule-Based,0.3,0,0.15
caught end of stream exception,E6,caught end of stream exception,,Unseen,Zookeeper,Rule-Based,0.3,0,0.15
caught end of stream exception,E6,caught end of stream exception,,Unseen,Zookeeper,Rule-Based,0.3,0,0.15
Client attempting to establish new session at /10.10.34.19:33425,E7,Client attempting to establish new session at <IP>:<PORT>,,Seen,Zookeeper,Similarity-Based,0.6,0.761317439,0.68065872
Client attempting to establish new session at /10.10.34.11:50286,E7,Client attempting to establish new session at <IP>:<PORT>,,Seen,Zookeeper,Similarity-Based,0.6,0.739587936,0.669793968
Client attempting to establish new session at /10.10.34.11:50301,E7,Client attempting to establish new session at <IP>:<PORT>,,Seen,Zookeeper,Similarity-Based,0.6,0.728905838,0.664452919
Client attempting to establish new session at /10.10.34.11:50402,E7,Client attempting to establish new session at <IP>:<PORT>,,Seen,Zookeeper,Similarity-Based,0.6,0.737565821,0.66878291
Client attempting to establish new session at /10.10.34.20:56414,E7,Client attempting to establish new session at <IP>:<PORT>,,Seen,Zookeeper,Similarity-Based,0.6,0.756592724,0.678296362
Client attempting to establish new session at /10.10.34.11:53821,E7,Client attempting to establish new session at <IP>:<PORT>,,Seen,Zookeeper,Similarity-Based,0.6,0.746548075,0.673274037
Client attempting to establish new session at /10.10.34.12:45668,E7,Client attempting to establish new session at <IP>:<PORT>,,Seen,Zookeeper,Similarity-Based,0.6,0.761453381,0.680726691
Client attempting to establish new session at /10.10.34.12:45675,E7,Client attempting to establish new session at <IP>:<PORT>,,Seen,Zookeeper,Similarity-Based,0.6,0.761035949,0.680517975
Client attempting to establish new session at /10.10.34.11:54632,E7,Client attempting to establish new session at <IP>:<PORT>,,Seen,Zookeeper,Similarity-Based,0.6,0.750485091,0.675242546
Client attempting to establish new session at /10.10.34.11:54738,E7,Client attempting to establish new session at <IP>:<PORT>,,Seen,Zookeeper,Similarity-Based,0.6,0.753188489,0.676594245
Client attempting to renew session 0x24ed93119420016 at /10.10.34.13:37115,E8,Client attempting to renew session <*>:<*> at <*>,,Unseen,Zookeeper,Rule-Based,0.6,0,0.3
Client attempting to renew session 0x24ed93119420016 at /10.10.34.13:37115,E8,Client attempting to renew session <*>:<*> at <*>,,Unseen,Zookeeper,Rule-Based,0.6,0,0.3
Client attempting to renew session 0x24ed93119420016 at /10.10.34.13:37115,E8,Client attempting to renew session <*>:<*> at <*>,,Unseen,Zookeeper,Rule-Based,0.6,0,0.3
Client attempting to renew session 0x14f05578bd8001b at /10.10.34.20:56374,E8,Client attempting to renew session <*>:<*>,,Unseen,Zookeeper,Rule-Based,0.6,0,0.3
Client attempting to renew session 0x14f05578bd8001b at /10.10.34.20:56374,E8,Client attempting to renew session <*>:<*>,,Unseen,Zookeeper,Rule-Based,0.6,0,0.3
Client attempting to renew session 0x14f05578bd8001b at /10.10.34.20:56374,E8,Client attempting to renew session <*>:<*>,,Unseen,Zookeeper,Rule-Based,0.6,0,0.3
Client attempting to renew session 0x24f0557806a0020 at /10.10.34.17:55969,E8,Client attempting to renew session <*>:<*>,,Unseen,Zookeeper,Rule-Based,0.6,0,0.3
Client attempting to renew session 0x24f0557806a0020 at /10.10.34.17:55969,E8,Client attempting to renew session <*>:<*>,,Unseen,Zookeeper,Rule-Based,0.6,0,0.3
Client attempting to renew session 0x24f0557806a0020 at /10.10.34.17:55969,E8,Client attempting to renew session <*>:<*>,,Unseen,Zookeeper,Rule-Based,0.6,0,0.3
Client attempting to renew session 0x24f0557806a0020 at /10.10.34.17:55969,E8,Client attempting to renew session <*>:<*>,,Unseen,Zookeeper,Rule-Based,0.6,0,0.3
Closed socket connection for client /10.10.34.11:56471 (no session established for client),E9,Closed socket connection for client <*>:<*> (no session established for client),,Seen,Zookeeper,Similarity-Based,0.6,0.834681675,0.717340837
Closed socket connection for client /10.10.34.11:56471 (no session established for client),E9,Closed socket connection for client <*>:<*> (no session established for client),,Seen,Zookeeper,Similarity-Based,0.6,0.834681675,0.717340837
Closed socket connection for client /10.10.34.11:56471 (no session established for client),E9,Closed socket connection for client <*>:<*> (no session established for client),,Seen,Zookeeper,Similarity-Based,0.6,0.834681675,0.717340837
Closed socket connection for client /10.10.34.12:36401 (no session established for client),E9,Closed socket connection for client <*>:<*> (no session established for client),,Seen,Zookeeper,Similarity-Based,0.6,0.842718382,0.721359191
Closed socket connection for client /10.10.34.12:36401 (no session established for client),E9,Closed socket connection for client <*>:<*> (no session established for client),,Seen,Zookeeper,Similarity-Based,0.6,0.842718382,0.721359191
Closed socket connection for client /10.10.34.13:54265 (no session established for client),E9,Closed socket connection for client <*>:<*> (no session established for client),,Seen,Zookeeper,Similarity-Based,0.6,0.83108602,0.71554301
Closed socket connection for client /10.10.34.13:54265 (no session established for client),E9,Closed socket connection for client <*>:<*> (no session established for client),,Seen,Zookeeper,Similarity-Based,0.6,0.83108602,0.71554301
Closed socket connection for client /10.10.34.13:54294 (no session established for client),E9,Closed socket connection for client <*>:<*> (no session established for client),,Seen,Zookeeper,Similarity-Based,0.6,0.850139148,0.725069574
Closed socket connection for client /10.10.34.13:54294 (no session established for client),E9,Closed socket connection for client <*>:<*> (no session established for client),,Seen,Zookeeper,Similarity-Based,0.6,0.850139148,0.725069574
Closed socket connection for client /10.10.34.13:54294 (no session established for client),E9,Closed socket connection for client <*>:<*> (no session established for client),,Seen,Zookeeper,Similarity-Based,0.6,0.850139148,0.725069574
